"Scheme","DXCC","Reference","Name","Type","Lat","Long","Locator","Roc Code","Historic County","Nearest Postcode","Roc Master_post","Roc Group_hq",""
"UKBOTA","223","B/G-0001","ROC Post Pavenham","ROC Bunker","52.18983","-0.58041","IO92RE","BED","Bedfordshire","MK43 7NB","","","🗺️"
"UKBOTA","223","B/G-0002","ROC Post Toddington","ROC Bunker","51.92689","-0.53375","IO91RW","OXF","Bedfordshire","LU5 6JL","","","🗺️"
"UKBOTA","223","B/G-0003","ROC Post Ampthill","ROC Bunker","52.02972","-0.50298","IO92RA","BED","Bedfordshire","MK45 2GT","","","🗺️"
"UKBOTA","223","B/G-0004","ROC Post Riseley","ROC Bunker","52.25162","-0.46754","IO92SG","BED","Bedfordshire","MK44 1DP","","","🗺️"
"UKBOTA","223","B/G-0005","ROC Post Ravensden","ROC Bunker","52.16761","-0.41721","IO92SE","BED","Bedfordshire","MK41 0JJ","","","🗺️"
"UKBOTA","223","B/G-0006","ROC Post Sandy Master Post","ROC Bunker","52.13343","-0.31921","IO92UD","BED","Bedfordshire","MK44 3DE","true","","🗺️"
"UKBOTA","223","B/G-0007","ROC Post Shefford","ROC Bunker","52.03247","-0.31367","IO92UA","BED","Bedfordshire","SG17 5PT","","","🗺️"
"UKBOTA","223","B/G-0008","ROC Post Ashbury Master Post","ROC Bunker","51.55945","-1.61019","IO91EN","OXF","Berkshire","SN6 8LZ","true","","🗺️"
"UKBOTA","223","B/G-0009","ROC Post Great Shefford","ROC Bunker","51.46301","-1.46001","IO91GL","WIN","Berkshire","RG17 7ED","","","🗺️"
"UKBOTA","223","B/G-0010","ROC Post Wantage","ROC Bunker","51.58169","-1.41979","IO91GN","OXF","Berkshire","OX12 8PB","","","🗺️"
"UKBOTA","223","B/G-0011","ROC Post Longworth","ROC Bunker","51.69382","-1.40504","IO91HQ","OXF","Berkshire","OX13 5LT","","","🗺️"
"UKBOTA","223","B/G-0012","ROC Post Newbury Master Post","ROC Bunker","51.38352","-1.35274","IO91HJ","WIN","Berkshire","RG14 6RD","true","","🗺️"
"UKBOTA","223","B/G-0013","ROC Post East Ilsley","ROC Bunker","51.52334","-1.30493","IO91IM","WIN","Berkshire","RG20 7DJ","","","🗺️"
"UKBOTA","223","B/G-0014","ROC Post Cold Ash","ROC Bunker","51.42070","-1.25457","IO91IK","WIN","Berkshire","RG18 9HT","","","🗺️"
"UKBOTA","223","B/G-0015","ROC Post Streatley Master Post","ROC Bunker","51.51619","-1.17389","IO91JM","WIN","Berkshire","RG8 9RE","true","","🗺️"
"UKBOTA","223","B/G-0016","ROC Post Bradfield","ROC Bunker","51.43696","-1.13432","IO91KK","WIN","Berkshire","RG7 6AD","","","🗺️"
"UKBOTA","223","B/G-0017","ROC Post Arborfield","ROC Bunker","51.39032","-0.91128","IO91NJ","WIN","Berkshire","RG2 9JS","","","🗺️"
"UKBOTA","223","B/G-0018","ROC Post Shurlock Row","ROC Bunker","51.46563","-0.82268","IO91OL","WIN","Berkshire","RG10 0PJ","","","🗺️"
"UKBOTA","223","B/G-0019","ROC Post Crowthorne","ROC Bunker","51.37256","-0.78757","IO91OI","HOR","Berkshire","RG45 6SR","","","🗺️"
"UKBOTA","223","B/G-0020","ROC Post Ascot","ROC Bunker","51.41675","-0.67438","IO91PK","HOR","Berkshire","SL5 7LJ","","","🗺️"
"UKBOTA","223","B/G-0021","ROC Post Windsor","ROC Bunker","51.48451","-0.60156","IO91QL","HOR","Berkshire","SL4 1QF","","","🗺️"
"UKBOTA","223","B/G-0022","ROC Post Buckingham","ROC Bunker","51.98472","-0.97775","IO91MX","OXF","Buckinghamshire","MK18 1SZ","","","🗺️"
"UKBOTA","223","B/G-0023","ROC Post Stony Stratford","ROC Bunker","52.06466","-0.87089","IO92NB","OXF","Northamptonshire","MK19 6FL","","","🗺️"
"UKBOTA","223","B/G-0024","ROC Post Whitchurch Master Post","ROC Bunker","51.88218","-0.84743","IO91NV","OXF","Buckinghamshire","HP22 4JJ","true","","🗺️"
"UKBOTA","223","B/G-0025","ROC Post Princes Risborough","ROC Bunker","51.70831","-0.84071","IO91NQ","OXF","Buckinghamshire","HP27 9NL","","","🗺️"
"UKBOTA","223","B/G-0026","ROC Post Weston Turville","ROC Bunker","51.80016","-0.76555","IO91OT","OXF","Buckinghamshire","HP22 5QY","","","🗺️"
"UKBOTA","223","B/G-0027","ROC Post Bletchley","ROC Bunker","51.98225","-0.72444","IO91PX","OXF","Buckinghamshire","MK2 3DS","","","🗺️"
"UKBOTA","223","B/G-0028","ROC Post Olney Master Post","ROC Bunker","52.10246","-0.69985","IO92PC","BED","Buckinghamshire","MK16 9NN","true","","🗺️"
"UKBOTA","223","B/G-0029","ROC Post Cheddington","ROC Bunker","51.84412","-0.67391","IO91PU","OXF","Buckinghamshire","LU7 0RS","","","🗺️"
"UKBOTA","223","B/G-0030","ROC Post Great Missenden","ROC Bunker","51.71022","-0.66480","IO91QR","OXF","Buckinghamshire","HP16 0RW","","","🗺️"
"UKBOTA","223","B/G-0031","ROC Post Marlow","ROC Bunker","51.57496","-0.76935","IO91ON","OXF","Buckinghamshire","SL7 1HF","","","🗺️"
"UKBOTA","223","B/G-0032","ROC Post Beaconsfield","ROC Bunker","51.59533","-0.66673","IO91PO","OXF","Buckinghamshire","HP9 1XD","","","🗺️"
"UKBOTA","223","B/G-0033","ROC Post Parson Drove","ROC Bunker","52.66693","0.03808","JO02AQ","NOR","Cambridgeshire","PE13 4LD","","","🗺️"
"UKBOTA","223","B/G-0034","ROC Post Whittlesey","ROC Bunker","52.56574","-0.10561","IO92WN","BED","Cambridgeshire","PE7 1YZ","","","🗺️"
"UKBOTA","223","B/G-0035","ROC Post Caxton","ROC Bunker","52.21557","-0.09727","IO92WF","BED","Cambridgeshire","CB23 3PG","","","🗺️"
"UKBOTA","223","B/G-0036","ROC Post Arrington","ROC Bunker","52.13441","-0.07121","IO92XD","BED","Cambridgeshire","SG8 0BG","","","🗺️"
"UKBOTA","223","B/G-0037","ROC Post Benwick","ROC Bunker","52.48073","-0.03121","IO92XL","BED","Cambridgeshire","PE26 2XT","","","🗺️"
"UKBOTA","223","B/G-0038","ROC Post March","ROC Bunker","52.53431","0.06938","JO02AM","NOR","Cambridgeshire","PE15 9QD","","","🗺️"
"UKBOTA","223","B/G-0039","ROC Post Willingham","ROC Bunker","52.26550","0.06710","JO02AG","BED","Cambridgeshire","CB24 3AT","","","🗺️"
"UKBOTA","223","B/G-0040","ROC Post Harston","ROC Bunker","52.12957","0.09090","JO02BD","BED","Cambridgeshire","CB22 7NZ","","","🗺️"
"UKBOTA","223","B/G-0041","ROC Post Sutton Master Post","ROC Bunker","52.38099","0.11584","JO02BJ","NOR","Cambridgeshire","CB6 2PD","true","","🗺️"
"UKBOTA","223","B/G-0042","ROC Post Manea","ROC Bunker","52.47813","0.16895","JO02CL","NOR","Cambridgeshire","PE15 0US","","","🗺️"
"UKBOTA","223","B/G-0043","ROC Post Cherry Hinton Master Post","ROC Bunker","52.16930","0.18109","JO02CE","COL","Cambridgeshire","CB21 5EQ","true","","🗺️"
"UKBOTA","223","B/G-0044","ROC Post Stretham","ROC Bunker","52.35159","0.21884","JO02CI","NOR","Cambridgeshire","CB6 3JH","","","🗺️"
"UKBOTA","223","B/G-0045","ROC Post Linton","ROC Bunker","52.09503","0.26696","JO02DC","COL","Cambridgeshire","CB21 4NW","","","🗺️"
"UKBOTA","223","B/G-0046","ROC Post Bottisham","ROC Bunker","52.23670","0.28311","JO02DF","COL","Cambridgeshire","CB25 0LU","","","🗺️"
"UKBOTA","223","B/G-0047","ROC Post Littleport","ROC Bunker","52.44275","0.29934","JO02DK","NOR","Cambridgeshire","CB6 1HP","","","🗺️"
"UKBOTA","223","B/G-0048","ROC Post Fordham","ROC Bunker","52.37107","0.35041","JO02EI","NOR","Cambridgeshire","CB7 5UG","","","🗺️"
"UKBOTA","223","B/G-0049","ROC Post Caldy","ROC Bunker","53.38110","-3.14535","IO83KJ","NWA","Cheshire","CH48 1PQ","","","🗺️"
"UKBOTA","223","B/G-0050","ROC Post Neston Master Post","ROC Bunker","53.30907","-3.02981","IO83LH","NWA","Cheshire","CH63 4JJ","true","","🗺️"
"UKBOTA","223","B/G-0051","ROC Post Saughall","ROC Bunker","53.21705","-2.95017","IO83MF","NWA","Cheshire","CH1 6AG","","","🗺️"
"UKBOTA","223","B/G-0052","ROC Post Aldford","ROC Bunker","53.12155","-2.87230","IO83NC","NWA","Cheshire","CH3 6HU","","","🗺️"
"UKBOTA","223","B/G-0053","ROC Post Helsby Master Post","ROC Bunker","53.27350","-2.76263","IO83OG","SHR","Cheshire","WA6 9PL","true","","🗺️"
"UKBOTA","223","B/G-0054","ROC Post Malpas","ROC Bunker","53.02644","-2.75513","IO83OA","SHR","Cheshire","SY14 8DQ","","","🗺️"
"UKBOTA","223","B/G-0055","ROC Post Tarporley","ROC Bunker","53.16985","-2.69018","IO83PE","SHR","Cheshire","CW6 0EF","","","🗺️"
"UKBOTA","223","B/G-0056","ROC Post Preston on the Hill","ROC Bunker","53.33226","-2.64565","IO83QH","SHR","Cheshire","WA4 4BS","","","🗺️"
"UKBOTA","223","B/G-0057","ROC Post Faddiley","ROC Bunker","53.07380","-2.61745","IO83QB","SHR","Cheshire","CW5 8JE","","","🗺️"
"UKBOTA","223","B/G-0058","ROC Post Audlem","ROC Bunker","52.99989","-2.50657","IO82RX","SHR","Cheshire","CW3 0HF","","","🗺️"
"UKBOTA","223","B/G-0059","ROC Post Northwich","ROC Bunker","53.24625","-2.49180","IO83SF","SHR","Cheshire","CW9 7NY","","","🗺️"
"UKBOTA","223","B/G-0060","ROC Post Middlewich","ROC Bunker","53.19289","-2.43775","IO83SE","SHR","Cheshire","CW10 0HU","","","🗺️"
"UKBOTA","223","B/G-0061","ROC Post Altrincham","ROC Bunker","53.39516","-2.43050","IO83SJ","SHR","Cheshire","WA13 9UT","","","🗺️"
"UKBOTA","223","B/G-0062","ROC Post Crewe","ROC Bunker","53.06523","-2.41616","IO83TB","SHR","Cheshire","CW2 5LX","","","🗺️"
"UKBOTA","223","B/G-0063","ROC Post Knutsford Master Post","ROC Bunker","53.31138","-2.37908","IO83TH","SHR","Cheshire","WA16 6SZ","true","","🗺️"
"UKBOTA","223","B/G-0064","ROC Post Sandbach","ROC Bunker","53.15532","-2.35467","IO83TD","SHR","Cheshire","CW11 4TE","","","🗺️"
"UKBOTA","223","B/G-0065","ROC Post Macclesfield","ROC Bunker","53.25000","-2.11401","IO83WG","SHR","Cheshire","SK11 7HA","","","🗺️"
"UKBOTA","223","B/G-0066","ROC Post Poynton","ROC Bunker","53.34044","-2.10359","IO83WI","SHR","Cheshire","SK12 1FR","","","🗺️"
"UKBOTA","223","B/G-0067","ROC Post Hyde","ROC Bunker","53.43017","-2.06498","IO83XK","PRE","Cheshire","SK14 3AA","","","🗺️"
"UKBOTA","223","B/G-0068","ROC Post Kilkhampton Master Post","ROC Bunker","50.89375","-4.47822","IO70SV","EXE","Cornwall","EX23 9RJ","true","","🗺️"
"UKBOTA","223","B/G-0069","ROC Post Sennen","ROC Bunker","50.07100","-5.69236","IO70DB","EXE","Cornwall","TR19 7AD","","","🗺️"
"UKBOTA","223","B/G-0070","ROC Post Madron Master Post","ROC Bunker","50.14646","-5.58701","IO70ED","EXE","Cornwall","TR20 8NZ","true","","🗺️"
"UKBOTA","223","B/G-0071","ROC Post St. Ives - Cornwall","ROC Bunker","50.18999","-5.47228","IO70GE","EXE","Cornwall","TR26 3HP","","","🗺️"
"UKBOTA","223","B/G-0072","ROC Post Helston","ROC Bunker","50.09888","-5.28932","IO70IC","EXE","Cornwall","TR13 0FD","","","🗺️"
"UKBOTA","223","B/G-0073","ROC Post Praze-An-Beeble","ROC Bunker","50.18407","-5.26071","IO70IE","EXE","Cornwall","TR14 9JG","","","🗺️"
"UKBOTA","223","B/G-0074","ROC Post The Lizard","ROC Bunker","49.96487","-5.19133","IN79JX","EXE","Cornwall","TR12 7AP","","","🗺️"
"UKBOTA","223","B/G-0075","ROC Post Constantine","ROC Bunker","50.12479","-5.19272","IO70JC","EXE","Cornwall","TR11 5QF","","","🗺️"
"UKBOTA","223","B/G-0076","ROC Post St. Agnes","ROC Bunker","50.29392","-5.19224","IO70JH","EXE","Cornwall","TR5 0PF","","","🗺️"
"UKBOTA","223","B/G-0077","ROC Post Penryn Master Post","ROC Bunker","50.17524","-5.14048","IO70KE","EXE","Cornwall","TR10 9DH","true","","🗺️"
"UKBOTA","223","B/G-0078","ROC Post Truro","ROC Bunker","50.25285","-5.05396","IO70LG","EXE","Cornwall","TR1 2RY","","","🗺️"
"UKBOTA","223","B/G-0079","ROC Post Mitchell","ROC Bunker","50.34340","-5.03475","IO70LI","EXE","Cornwall","TR4 9JD","","","🗺️"
"UKBOTA","223","B/G-0080","ROC Post Newquay","ROC Bunker","50.43493","-5.02948","IO70LK","EXE","Cornwall","TR8 4AW","","","🗺️"
"UKBOTA","223","B/G-0081","ROC Post St Anthony-in-Meneage","ROC Bunker","50.15391","-4.99822","IO70MD","EXE","Cornwall","TR2 5EY","","","🗺️"
"UKBOTA","223","B/G-0082","ROC Post Veryan","ROC Bunker","50.19991","-4.91548","IO70NE","EXE","Cornwall","TR2 5PQ","","","🗺️"
"UKBOTA","223","B/G-0083","ROC Post St. Columb Major Master Post","ROC Bunker","50.42393","-4.92500","IO70MK","EXE","Cornwall","TR9 6JS","true","","🗺️"
"UKBOTA","223","B/G-0084","ROC Post Trebetherick","ROC Bunker","50.58397","-4.90668","IO70NO","EXE","Cornwall","PL27 6QY","","","🗺️"
"UKBOTA","223","B/G-0085","ROC Post Nanpean","ROC Bunker","50.35078","-4.84923","IO70NI","EXE","Cornwall","PL26 7FD","","","🗺️"
"UKBOTA","223","B/G-0086","ROC Post Mevagissey","ROC Bunker","50.24717","-4.79702","IO70OF","EXE","Cornwall","PL26 6NS","","","🗺️"
"UKBOTA","223","B/G-0087","ROC Post Tintagel","ROC Bunker","50.66282","-4.75996","IO70OP","EXE","Cornwall","PL34 0DL","","","🗺️"
"UKBOTA","223","B/G-0088","ROC Post Bodmin","ROC Bunker","50.46479","-4.72403","IO70PL","EXE","Cornwall","PL31 1BH","","","🗺️"
"UKBOTA","223","B/G-0089","ROC Post St. Breward Master Post","ROC Bunker","50.56647","-4.68794","IO70PN","EXE","Cornwall","PL30 4PP","true","","🗺️"
"UKBOTA","223","B/G-0090","ROC Post Par","ROC Bunker","50.36910","-4.66889","IO70PI","EXE","Cornwall","PL24 2UA","","","🗺️"
"UKBOTA","223","B/G-0091","ROC Post Otterham","ROC Bunker","50.66617","-4.62273","IO70QP","EXE","Cornwall","PL35 0HS","","","🗺️"
"UKBOTA","223","B/G-0092","ROC Post Polperro","ROC Bunker","50.36688","-4.51858","IO70RI","EXE","Cornwall","PL13 2PQ","","","🗺️"
"UKBOTA","223","B/G-0093","ROC Post Week St. Mary","ROC Bunker","50.75790","-4.50506","IO70RS","EXE","Cornwall","EX22 6XF","","","🗺️"
"UKBOTA","223","B/G-0094","ROC Post Liskeard","ROC Bunker","50.45589","-4.45751","IO70SK","EXE","Cornwall","PL14 3BS","","","🗺️"
"UKBOTA","223","B/G-0095","ROC Post Coad's Green","ROC Bunker","50.56661","-4.40155","IO70TN","EXE","Cornwall","PL15 7LU","","","🗺️"
"UKBOTA","223","B/G-0096","ROC Post Downderry","ROC Bunker","50.36800","-4.37154","IO70TI","EXE","Cornwall","PL11 3DJ","","","🗺️"
"UKBOTA","223","B/G-0097","ROC Post Launceston","ROC Bunker","50.63238","-4.35625","IO70TP","EXE","Cornwall","PL15 9TT","","","🗺️"
"UKBOTA","223","B/G-0098","ROC Post Callington Master Post","ROC Bunker","50.49909","-4.30237","IO70UL","EXE","Cornwall","PL17 7PY","true","","🗺️"
"UKBOTA","223","B/G-0099","ROC Post Saltash","ROC Bunker","50.40627","-4.25621","IO70UJ","EXE","Cornwall","PL12 4QH","","","🗺️"
"UKBOTA","223","B/G-0100","ROC Post Millbrook Master Post","ROC Bunker","50.34269","-4.20428","IO70VI","EXE","Cornwall","PL10 1LA","true","","🗺️"
"UKBOTA","223","B/G-0101","ROC Post Wadebridge","ROC Bunker","50.50952","-4.89445","IO70NM","EXE","Cornwall","PL27 7RQ","","","🗺️"
"UKBOTA","223","B/G-0103","ROC Post Sacriston Master Post","ROC Bunker","54.82618","-1.65529","IO94ET","DUR","Durham","DH7 6TR","true","","🗺️"
"UKBOTA","223","B/G-0104","ROC Post Stanhope","ROC Bunker","54.76007","-2.01551","IO84XS","DUR","Durham","DL13 2EW","","","🗺️"
"UKBOTA","223","B/G-0105","ROC Post Woodland Master Post","ROC Bunker","54.61473","-1.92394","IO94AO","DUR","Durham","DL13 5RY","true","","🗺️"
"UKBOTA","223","B/G-0106","ROC Post Tow Law Master Post","ROC Bunker","54.74075","-1.79308","IO94CR","DUR","Durham","DL13 4NH","true","","🗺️"
"UKBOTA","223","B/G-0107","ROC Post Tantobie","ROC Bunker","54.88605","-1.73996","IO94DV","DUR","Durham","DH9 9SH","","","🗺️"
"UKBOTA","223","B/G-0108","ROC Post Westerton","ROC Bunker","54.67545","-1.62174","IO94EQ","DUR","Durham","DL14 8DT","","","🗺️"
"UKBOTA","223","B/G-0109","ROC Post Springwell","ROC Bunker","54.92497","-1.55590","IO94FW","DUR","Durham","NE9 7YX","","","🗺️"
"UKBOTA","223","B/G-0110","ROC Post Sherburn Hill","ROC Bunker","54.76994","-1.48455","IO94GS","DUR","Durham","DH6 1QR","","","🗺️"
"UKBOTA","223","B/G-0111","ROC Post Sadberge","ROC Bunker","54.54336","-1.47875","IO94GN","DUR","Durham","DL2 1TW","","","🗺️"
"UKBOTA","223","B/G-0112","ROC Post Sedgefield Master Post","ROC Bunker","54.66530","-1.43610","IO94GP","DUR","Durham","TS21 3ED","true","","🗺️"
"UKBOTA","223","B/G-0113","ROC Post Whitburn","ROC Bunker","54.95675","-1.36645","IO94HW","DUR","Durham","SR6 7HA","","","🗺️"
"UKBOTA","223","B/G-0114","ROC Post Wolviston","ROC Bunker","54.60857","-1.30978","IO94IO","DUR","Durham","TS22 5EB","","","🗺️"
"UKBOTA","223","B/G-0115","ROC Post Seaton Carew","ROC Bunker","54.64619","-1.18615","IO94JP","DUR","Durham","TS25 2DW","","","🗺️"
"UKBOTA","223","B/G-0116","ROC Post Wearhead","ROC Bunker","54.74352","-2.22771","IO84VR","DUR","Durham","DL13 1HL","","","🗺️"
"UKBOTA","223","B/G-0117","ROC Post Whitehaven","ROC Bunker","54.55497","-3.56922","IO84FN","CAR","Cumberland","CA28 6SH","","","🗺️"
"UKBOTA","223","B/G-0118","ROC Post Workington","ROC Bunker","54.65185","-3.53514","IO84FP","CAR","Cumberland","CA14 1DG","","","🗺️"
"UKBOTA","223","B/G-0119","ROC Post Seascale","ROC Bunker","54.40187","-3.48665","IO84GJ","CAR","Cumberland","CA20 1QN","","","🗺️"
"UKBOTA","223","B/G-0120","ROC Post Allonby Master Post","ROC Bunker","54.77338","-3.42252","IO84GS","CAR","Cumberland","CA15 6QB","true","","🗺️"
"UKBOTA","223","B/G-0121","ROC Post Silloth","ROC Bunker","54.86577","-3.39164","IO84HU","CAR","Cumberland","CA7 4BL","","","🗺️"
"UKBOTA","223","B/G-0122","ROC Post Cockermouth","ROC Bunker","54.68262","-3.36675","IO84HQ","CAR","Cumberland","CA13 0NY","","","🗺️"
"UKBOTA","223","B/G-0123","ROC Post Kirkbride","ROC Bunker","54.91324","-3.20515","IO84JV","CAR","Cumberland","CA7 5AA","","","🗺️"
"UKBOTA","223","B/G-0124","ROC Post Bassenthwaite","ROC Bunker","54.68460","-3.19727","IO84JQ","CAR","Cumberland","CA12 4RJ","","","🗺️"
"UKBOTA","223","B/G-0125","ROC Post Wigton","ROC Bunker","54.83219","-3.16739","IO84JT","CAR","Cumberland","CA7 9DH","","","🗺️"
"UKBOTA","223","B/G-0126","ROC Post Threlkeld","ROC Bunker","54.60991","-3.07245","IO84LO","CAR","Cumberland","CA12 4RR","","","🗺️"
"UKBOTA","223","B/G-0127","ROC Post Caldbeck","ROC Bunker","54.74294","-3.02952","IO84LR","CAR","Cumberland","CA7 8JJ","","","🗺️"
"UKBOTA","223","B/G-0128","ROC Post Dalston Master Post","ROC Bunker","54.82649","-2.96658","IO84MT","CAR","Cumberland","CA5 7AG","true","","🗺️"
"UKBOTA","223","B/G-0129","ROC Post Carlisle","ROC Bunker","54.92367","-2.96313","IO84MW","CAR","Cumberland","CA6 4SQ","","","🗺️"
"UKBOTA","223","B/G-0130","ROC Post Greystoke","ROC Bunker","54.67075","-2.85883","IO84NQ","CAR","Cumberland","CA11 0UJ","","","🗺️"
"UKBOTA","223","B/G-0131","ROC Post Armathwaite","ROC Bunker","54.80856","-2.80107","IO84OT","CAR","Cumberland","CA4 9TH","","","🗺️"
"UKBOTA","223","B/G-0132","ROC Post Penrith Master Post","ROC Bunker","54.65463","-2.77014","IO84OP","CAR","Cumberland","CA11 0DR","true","","🗺️"
"UKBOTA","223","B/G-0133","ROC Post Roadhead Master Post","ROC Bunker","55.06542","-2.75390","IO85OB","CAR","Cumberland","CA6 6NP","true","","🗺️"
"UKBOTA","223","B/G-0134","ROC Post Brampton","ROC Bunker","54.93515","-2.73491","IO84PW","CAR","Cumberland","CA8 1QJ","","","🗺️"
"UKBOTA","223","B/G-0135","ROC Post Culgaith Master Post","ROC Bunker","54.65892","-2.59971","IO84QP","CAR","Cumberland","CA10 1DN","true","","🗺️"
"UKBOTA","223","B/G-0136","ROC Post Alston Master Post","ROC Bunker","54.80998","-2.43282","IO84ST","CAR","Cumberland","CA9 3TQ","true","","🗺️"
"UKBOTA","223","B/G-0137","ROC Post Bootle","ROC Bunker","54.29118","-3.37742","IO84HG","PRE","Cumberland","LA19 5TJ","","","🗺️"
"UKBOTA","223","B/G-0138","ROC Post Eskdale","ROC Bunker","54.38926","-3.33321","IO84IJ","CAR","Cumberland","CA19 1TN","","","🗺️"
"UKBOTA","223","B/G-0139","ROC Post Millom","ROC Bunker","54.20084","-3.26342","IO84IE","PRE","Cumberland","LA18 4JY","","","🗺️"
"UKBOTA","223","B/G-0140","ROC Post Sedbergh","ROC Bunker","54.32506","-2.52134","IO84RH","PRE","West Riding","LA10 5AN","","","🗺️"
"UKBOTA","223","B/G-0141","ROC Post Glossop","ROC Bunker","53.44806","-1.93522","IO93AK","PRE","Derbyshire","SK13 7TL","","","🗺️"
"UKBOTA","223","B/G-0142","ROC Post Buxton Master Post","ROC Bunker","53.27767","-1.86994","IO93BG","COV","Derbyshire","SK17 8AE","true","","🗺️"
"UKBOTA","223","B/G-0143","ROC Post Uttoxeter Master Post","ROC Bunker","52.92166","-1.83531","IO92BW","COV","Derbyshire","DE6 5LN","true","","🗺️"
"UKBOTA","223","B/G-0144","ROC Post Hartington","ROC Bunker","53.13655","-1.80803","IO93CD","COV","Derbyshire","SK17 0AT","","","🗺️"
"UKBOTA","223","B/G-0145","ROC Post Hope","ROC Bunker","53.31351","-1.79148","IO93CH","COV","Derbyshire","SK17 8JD","","","🗺️"
"UKBOTA","223","B/G-0146","ROC Post Brassington","ROC Bunker","53.09380","-1.66113","IO93EC","COV","Derbyshire","DE4 4HN","","","🗺️"
"UKBOTA","223","B/G-0147","ROC Post Baslow","ROC Bunker","53.24682","-1.64135","IO93EF","COV","Derbyshire","DE45 1RL","","","🗺️"
"UKBOTA","223","B/G-0148","ROC Post Church Gresley","ROC Bunker","52.75772","-1.58758","IO92ES","COV","Derbyshire","DE11 9ES","","","🗺️"
"UKBOTA","223","B/G-0149","ROC Post Hulland","ROC Bunker","53.01436","-1.58469","IO93EA","COV","Derbyshire","DE56 2LT","","","🗺️"
"UKBOTA","223","B/G-0150","ROC Post Etwall","ROC Bunker","52.88625","-1.58146","IO92FV","COV","Derbyshire","DE65 6HY","","","🗺️"
"UKBOTA","223","B/G-0151","ROC Post Ambergate Master Post","ROC Bunker","53.05581","-1.47300","IO93GB","COV","Derbyshire","DE56 2GS","true","","🗺️"
"UKBOTA","223","B/G-0152","ROC Post Ashover Master Post","ROC Bunker","53.16886","-1.46533","IO93GE","COV","Derbyshire","S45 0BB","true","","🗺️"
"UKBOTA","223","B/G-0153","ROC Post Melbourne","ROC Bunker","52.82104","-1.45996","IO92GT","COV","Derbyshire","DE73 7NF","","","🗺️"
"UKBOTA","223","B/G-0155","ROC Post Spondon","ROC Bunker","52.93686","-1.39335","IO92HW","COV","Derbyshire","DE21 7BW","","","🗺️"
"UKBOTA","223","B/G-0156","ROC Post Staveley","ROC Bunker","53.27839","-1.34789","IO93HG","COV","Derbyshire","S43 3YG","","","🗺️"
"UKBOTA","223","B/G-0157","ROC Post Whitwell","ROC Bunker","53.28688","-1.20750","IO93JG","COV","Derbyshire","S80 4SS","","","🗺️"
"UKBOTA","223","B/G-0160","ROC Post Holsworthy","ROC Bunker","50.81073","-4.34350","IO70TT","EXE","Devon","EX22 6JN","","","🗺️"
"UKBOTA","223","B/G-0161","ROC Post Horns Cross","ROC Bunker","50.98890","-4.31627","IO70UX","YEO","Devon","EX39 5EA","","","🗺️"
"UKBOTA","223","B/G-0162","ROC Post Woolacombe","ROC Bunker","51.16270","-4.16864","IO71VD","YEO","Devon","EX34 7HN","","","🗺️"
"UKBOTA","223","B/G-0163","ROC Post Great Torrington","ROC Bunker","50.99703","-4.09535","IO70WX","YEO","Devon","EX31 3PS","","","🗺️"
"UKBOTA","223","B/G-0165","ROC Post Hatherleigh","ROC Bunker","50.84523","-4.06936","IO70XU","EXE","Devon","EX20 3QB","","","🗺️"
"UKBOTA","223","B/G-0166","ROC Post Shirwell Master Post","ROC Bunker","51.14421","-4.05225","IO71XD","YEO","Devon","EX31 4HS","true","","🗺️"
"UKBOTA","223","B/G-0167","ROC Post High Bickington","ROC Bunker","50.96513","-3.99080","IO80AX","EXE","Devon","EX37 9EJ","","","🗺️"
"UKBOTA","223","B/G-0168","ROC Post Winkleigh Master Post","ROC Bunker","50.86786","-3.96249","IO80AU","EXE","Devon","EX19 8EZ","true","","🗺️"
"UKBOTA","223","B/G-0169","ROC Post South Molton","ROC Bunker","51.00580","-3.83631","IO81BA","YEO","Devon","EX36 4LB","","","🗺️"
"UKBOTA","223","B/G-0170","ROC Post Witheridge","ROC Bunker","50.88826","-3.75391","IO80CV","EXE","Devon","EX17 4TH","","","🗺️"
"UKBOTA","223","B/G-0171","ROC Post Stockleigh Pomeroy Master Post","ROC Bunker","50.81696","-3.58372","IO80ET","EXE","Devon","EX17 1BE","true","","🗺️"
"UKBOTA","223","B/G-0172","ROC Post Tiverton","ROC Bunker","50.89410","-3.52448","IO80FV","EXE","Devon","EX16 8JR","","","🗺️"
"UKBOTA","223","B/G-0173","ROC Post Kentisbeare Master Post","ROC Bunker","50.85472","-3.34788","IO80HU","YEO","Devon","EX15 2BU","true","","🗺️"
"UKBOTA","223","B/G-0174","ROC Post Feniton","ROC Bunker","51.15581","-3.28257","IO81ID","YEO","Somerset","TA4 4ED","","","🗺️"
"UKBOTA","223","B/G-0175","ROC Post Tavistock","ROC Bunker","50.57495","-4.15466","IO70WN","EXE","Devon","PL19 0JN","","","🗺️"
"UKBOTA","223","B/G-0176","ROC Post Sharpitor","ROC Bunker","50.51222","-4.03727","IO70XM","EXE","Devon","PL20 6PE","","","🗺️"
"UKBOTA","223","B/G-0177","ROC Post Holbeton","ROC Bunker","50.32281","-3.96312","IO80AH","EXE","Devon","PL8 1JQ","","","🗺️"
"UKBOTA","223","B/G-0178","ROC Post Gara Bridge","ROC Bunker","50.36610","-3.74133","IO80DI","EXE","Devon","TQ9 7JL","","","🗺️"
"UKBOTA","223","B/G-0179","ROC Post Start Point","ROC Bunker","50.22920","-3.66273","IO80EF","EXE","Devon","TQ7 2ET","","","🗺️"
"UKBOTA","223","B/G-0180","ROC Post Strete","ROC Bunker","50.31079","-3.63622","IO80EH","EXE","Devon","TQ6 0SF","","","🗺️"
"UKBOTA","223","B/G-0181","ROC Post Torquay","ROC Bunker","50.51819","-3.51632","IO80FM","EXE","Devon","TQ1 4FX","","","🗺️"
"UKBOTA","223","B/G-0182","ROC Post Teignmouth","ROC Bunker","50.56604","-3.52969","IO80FN","EXE","Devon","TQ14 9NY","","","🗺️"
"UKBOTA","223","B/G-0183","ROC Post Farway Common","ROC Bunker","50.78194","-3.17585","IO80JS","YEO","Devon","EX14 9TU","","","🗺️"
"UKBOTA","223","B/G-0184","ROC Post Seaton","ROC Bunker","50.71500","-3.08664","IO80KR","YEO","Devon","EX12 2TH","","","🗺️"
"UKBOTA","223","B/G-0188","ROC Post Croyde","ROC Bunker","51.12260","-4.23507","IO71VC","YEO","Devon","EX33 1JH","","","🗺️"
"UKBOTA","223","B/G-0189","ROC Post Barnstaple","ROC Bunker","51.04794","-4.02388","IO71XB","YEO","Devon","EX32 0BU","","","🗺️"
"UKBOTA","223","B/G-0190","ROC Post Combe Martin","ROC Bunker","51.18412","-3.96445","IO81AE","YEO","Devon","EX31 4PJ","","","🗺️"
"UKBOTA","223","B/G-0191","ROC Post Lynton Master Post","ROC Bunker","51.21884","-3.82488","IO81CF","YEO","Devon","EX35 6LD","true","","🗺️"
"UKBOTA","223","B/G-0192","ROC Post Bow","ROC Bunker","50.81053","-3.79741","IO80CT","EXE","Devon","EX17 6ED","","","🗺️"
"UKBOTA","223","B/G-0193","ROC Post Bampton","ROC Bunker","50.95901","-3.46267","IO80GX","YEO","Devon","EX16 7RZ","","","🗺️"
"UKBOTA","223","B/G-0194","ROC Post Axminster","ROC Bunker","50.79643","-3.01176","IO80LT","YEO","Devon","EX13 7JG","","","🗺️"
"UKBOTA","223","B/G-0195","ROC Post Bere Alston","ROC Bunker","50.46640","-4.17847","IO70VL","EXE","Devon","PL20 7JE","","","🗺️"
"UKBOTA","223","B/G-0196","ROC Post Plymstock","ROC Bunker","50.34677","-4.11044","IO70WI","EXE","Devon","PL9 9SP","","","🗺️"
"UKBOTA","223","B/G-0197","ROC Post Lydford","ROC Bunker","50.65115","-4.08458","IO70WP","EXE","Devon","EX20 4BA","","","🗺️"
"UKBOTA","223","B/G-0198","ROC Post Plympton","ROC Bunker","50.40176","-4.06855","IO70XJ","EXE","Devon","PL7 4QG","","","🗺️"
"UKBOTA","223","B/G-0199","ROC Post Okehampton","ROC Bunker","50.72703","-4.07094","IO70XR","EXE","Devon","EX20 4ND","","","🗺️"
"UKBOTA","223","B/G-0200","ROC Post Modbury Master Post","ROC Bunker","50.37709","-3.86255","IO80BJ","EXE","Devon","PL21 0HL","true","","🗺️"
"UKBOTA","223","B/G-0201","ROC Post Malborough","ROC Bunker","50.25214","-3.81222","IO80CG","EXE","Devon","TQ7 3EG","","","🗺️"
"UKBOTA","223","B/G-0202","ROC Post Drewsteignton Master Post","ROC Bunker","50.70352","-3.82518","IO80CQ","EXE","Devon","EX6 6PE","true","","🗺️"
"UKBOTA","223","B/G-0203","ROC Post Moretonhampstead","ROC Bunker","50.64691","-3.78183","IO80CP","EXE","Devon","TQ13 8RD","","","🗺️"
"UKBOTA","223","B/G-0204","ROC Post Ashburton Master Post","ROC Bunker","50.50084","-3.75869","IO80CM","EXE","Devon","TQ13 7NG","true","","🗺️"
"UKBOTA","223","B/G-0205","ROC Post Manaton","ROC Bunker","50.59041","-3.74748","IO80DO","EXE","Devon","TQ13 9XJ","","","🗺️"
"UKBOTA","223","B/G-0206","ROC Post Christow","ROC Bunker","50.63463","-3.65692","IO80EP","EXE","Devon","EX6 7RH","","","🗺️"
"UKBOTA","223","B/G-0207","ROC Post Newton Abbot","ROC Bunker","50.51032","-3.63253","IO80EM","EXE","Devon","TQ12 6BZ","","","🗺️"
"UKBOTA","223","B/G-0208","ROC Post Paignton","ROC Bunker","50.43649","-3.62549","IO80EK","EXE","Devon","TQ3 3YG","","","🗺️"
"UKBOTA","223","B/G-0209","ROC Post Exminster","ROC Bunker","50.64816","-3.54310","IO80FP","EXE","Devon","EX6 7XU","","","🗺️"
"UKBOTA","223","B/G-0210","ROC Post Brixham","ROC Bunker","50.39914","-3.48631","IO80GJ","EXE","Devon","TQ5 9AP","","","🗺️"
"UKBOTA","223","B/G-0211","ROC Post Pinhoe Master Post","ROC Bunker","50.73027","-3.42280","IO80GR","EXE","Devon","EX5 2BD","true","","🗺️"
"UKBOTA","223","B/G-0212","ROC Post Exmouth","ROC Bunker","50.62356","-3.35144","IO80HO","EXE","Devon","EX9 7AN","","","🗺️"
"UKBOTA","223","B/G-0213","ROC Post Yetminster Master Post","ROC Bunker","50.89034","-2.57035","IO80RV","YEO","Dorset","DT9 6NL","true","","🗺️"
"UKBOTA","223","B/G-0214","ROC Post Evershot","ROC Bunker","50.82251","-2.55646","IO80RT","YEO","Dorset","DT2 9PW","","","🗺️"
"UKBOTA","223","B/G-0215","ROC Post Buckland Newton Master Post","ROC Bunker","50.84354","-2.45587","IO80SU","YEO","Dorset","DT2 7BT","true","","🗺️"
"UKBOTA","223","B/G-0216","ROC Post East Stour","ROC Bunker","51.01159","-2.32709","IO81UA","YEO","Dorset","SP8 5EE","","","🗺️"
"UKBOTA","223","B/G-0217","ROC Post Sturminster Newton","ROC Bunker","50.91401","-2.29923","IO80UV","YEO","Dorset","DT10 2HJ","","","🗺️"
"UKBOTA","223","B/G-0218","ROC Post Fontmell Magna","ROC Bunker","50.96225","-2.19531","IO80VX","YEO","Dorset","SP7 0JH","","","🗺️"
"UKBOTA","223","B/G-0219","ROC Post Blandford Forum","ROC Bunker","50.84663","-2.18233","IO80VU","YEO","Dorset","DT11 0DS","","","🗺️"
"UKBOTA","223","B/G-0220","ROC Post Sixpenny Handley","ROC Bunker","50.95684","-2.00721","IO80XW","WIN","Dorset","SP5 5SA","","","🗺️"
"UKBOTA","223","B/G-0221","ROC Post Witchampton","ROC Bunker","50.85037","-1.99526","IO90AU","WIN","Dorset","BH21 5AA","","","🗺️"
"UKBOTA","223","B/G-0222","ROC Post Verwood","ROC Bunker","50.88699","-1.87214","IO90BV","WIN","Dorset","BH31 7PQ","","","🗺️"
"UKBOTA","223","B/G-0223","ROC Post Burton Bradstock","ROC Bunker","50.71368","-2.73817","IO80PR","YEO","Dorset","DT6 4PS","","","🗺️"
"UKBOTA","223","B/G-0224","ROC Post Abbotsbury","ROC Bunker","50.67415","-2.62377","IO80QQ","YEO","Dorset","DT3 4JY","","","🗺️"
"UKBOTA","223","B/G-0225","ROC Post Dorchester","ROC Bunker","50.71846","-2.45394","IO80SR","YEO","Dorset","DT1 2PW","","","🗺️"
"UKBOTA","223","B/G-0226","ROC Post Portland Bill","ROC Bunker","50.53960","-2.45180","IO80SM","YEO","Dorset","DT5 2AQ","","","🗺️"
"UKBOTA","223","B/G-0227","ROC Post Preston","ROC Bunker","50.63606","-2.41342","IO80TP","YEO","Dorset","DT3 6PR","","","🗺️"
"UKBOTA","223","B/G-0228","ROC Post West Lulworth","ROC Bunker","50.61897","-2.25721","IO80UO","YEO","Dorset","BH20 5RS","","","🗺️"
"UKBOTA","223","B/G-0229","ROC Post Bere Regis","ROC Bunker","50.75172","-2.20379","IO80VS","YEO","Dorset","BH20 7JL","","","🗺️"
"UKBOTA","223","B/G-0230","ROC Post Wareham","ROC Bunker","50.67641","-2.10043","IO80WQ","YEO","Dorset","BH20 5BD","","","🗺️"
"UKBOTA","223","B/G-0231","ROC Post Worth Matravers Master Post","ROC Bunker","50.60505","-2.02355","IO80XO","YEO","Dorset","BH19 3LB","true","","🗺️"
"UKBOTA","223","B/G-0232","ROC Post Canford Cliffs","ROC Bunker","50.70079","-1.92182","IO90AQ","WIN","Dorset","BH13 7JE","","","🗺️"
"UKBOTA","223","B/G-0233","ROC Post Castleside Master Post","ROC Bunker","54.83009","-1.86765","IO94BT","DUR","Durham","DH8 9AD","true","","🗺️"
"UKBOTA","223","B/G-0234","ROC Post Pit House","ROC Bunker","54.75365","-1.68922","IO94DS","DUR","Durham","DL15 9AS","","","🗺️"
"UKBOTA","223","B/G-0235","ROC Post Brusselton","ROC Bunker","54.61956","-1.68606","IO94DO","DUR","Durham","DL4 1QF","","","🗺️"
"UKBOTA","223","B/G-0236","ROC Post Piercebridge","ROC Bunker","54.53200","-1.64115","IO94EM","DUR","Durham","DL2 2LQ","","","🗺️"
"UKBOTA","223","B/G-0237","ROC Post Aycliffe Village","ROC Bunker","54.58427","-1.55126","IO94FO","DUR","Durham","DL1 3LB","","","🗺️"
"UKBOTA","223","B/G-0238","ROC Post Hastings Hill","ROC Bunker","54.88329","-1.45146","IO94GV","DUR","Durham","SR4 9LB","","","🗺️"
"UKBOTA","223","B/G-0239","ROC Post Easington","ROC Bunker","54.81458","-1.33288","IO94IT","DUR","Durham","SR7 8SW","","","🗺️"
"UKBOTA","223","B/G-0240","ROC Post Hartlepool","ROC Bunker","54.69582","-1.24857","IO94JQ","DUR","Durham","TS26 0FT","","","🗺️"
"UKBOTA","223","B/G-0242","ROC Post Nazeing","ROC Bunker","51.73664","0.05866","JO01AR","BED","Essex","EN9 2DE","","","🗺️"
"UKBOTA","223","B/G-0243","ROC Post Ickleton","ROC Bunker","52.05260","0.15104","JO02BB","BED","Essex","CB11 4LU","","","🗺️"
"UKBOTA","223","B/G-0244","ROC Post Hatfield Broad Oak","ROC Bunker","51.81846","0.23680","JO01CT","COL","Essex","CM22 7LQ","","","🗺️"
"UKBOTA","223","B/G-0245","ROC Post Henham","ROC Bunker","51.92998","0.25020","JO01DW","COL","Essex","CM22 6BS","","","🗺️"
"UKBOTA","223","B/G-0246","ROC Post Chipping Ongar Master Post","ROC Bunker","51.72904","0.25715","JO01DR","COL","Essex","CM5 0HN","true","","🗺️"
"UKBOTA","223","B/G-0247","ROC Post Good Easter Master Post","ROC Bunker","51.78026","0.36003","JO01ES","COL","Essex","CM1 4BB","true","","🗺️"
"UKBOTA","223","B/G-0248","ROC Post Great Dunmow","ROC Bunker","51.89431","0.38969","JO01EV","COL","Essex","CM6 3BJ","","","🗺️"
"UKBOTA","223","B/G-0249","ROC Post Finchingfield","ROC Bunker","51.96718","0.46680","JO01FX","COL","Essex","CM7 4NS","","","🗺️"
"UKBOTA","223","B/G-0250","ROC Post Little Waltham","ROC Bunker","51.79293","0.47845","JO01FT","COL","Essex","CM3 3LA","","","🗺️"
"UKBOTA","223","B/G-0251","ROC Post Great Baddow","ROC Bunker","51.72140","0.51797","JO01GR","COL","Essex","CM2 7AG","","","🗺️"
"UKBOTA","223","B/G-0252","ROC Post Clare","ROC Bunker","52.06473","0.58145","JO02GB","COL","Essex","CO10 8LF","","","🗺️"
"UKBOTA","223","B/G-0253","ROC Post Braintree","ROC Bunker","51.88383","0.59578","JO01HV","COL","Essex","CM77 8AF","","","🗺️"
"UKBOTA","223","B/G-0254","ROC Post Castle Hedingham","ROC Bunker","51.98949","0.60451","JO01HX","COL","Essex","CO9 3HL","","","🗺️"
"UKBOTA","223","B/G-0255","ROC Post Hatfield Peverel","ROC Bunker","51.78244","0.60982","JO01HS","COL","Essex","CM3 2EF","","","🗺️"
"UKBOTA","223","B/G-0256","ROC Post Maldon","ROC Bunker","51.73249","0.65937","JO01HR","COL","Essex","CM9 6LJ","","","🗺️"
"UKBOTA","223","B/G-0257","ROC Post Wickham Bishops","ROC Bunker","51.78140","0.68805","JO01IS","COL","Essex","CM9 8BX","","","🗺️"
"UKBOTA","223","B/G-0258","ROC Post Kelvedon","ROC Bunker","51.83993","0.69241","JO01IU","COL","Essex","CO5 9GS","","","🗺️"
"UKBOTA","223","B/G-0259","ROC Post Earls Colne","ROC Bunker","51.92254","0.69793","JO01IW","COL","Essex","CO6 2PD","","","🗺️"
"UKBOTA","223","B/G-0260","ROC Post Latchingdon","ROC Bunker","51.67576","0.72142","JO01IQ","COL","Essex","CM3 6LE","","","🗺️"
"UKBOTA","223","B/G-0261","ROC Post Tolleshunt d'Arcy","ROC Bunker","51.76906","0.78502","JO01JS","COL","Essex","CM9 8EJ","","","🗺️"
"UKBOTA","223","B/G-0262","ROC Post Lexden","ROC Bunker","51.86688","0.86123","JO01KU","COL","Essex","CO2 9JN","","","🗺️"
"UKBOTA","223","B/G-0263","ROC Post Langham Master Post","ROC Bunker","51.93675","0.92023","JO01LW","COL","Essex","CO4 5HX","true","","🗺️"
"UKBOTA","223","B/G-0264","ROC Post Bradwell-on-Sea","ROC Bunker","51.72851","0.91099","JO01KR","COL","Essex","CM0 7PU","","","🗺️"
"UKBOTA","223","B/G-0265","ROC Post West Mersea","ROC Bunker","51.77364","0.92955","JO01LS","COL","Essex","CO5 8BP","","","🗺️"
"UKBOTA","223","B/G-0266","ROC Post Brightlingsea","ROC Bunker","51.82884","0.99482","JO01LT","COL","Essex","CO7 0SB","","","🗺️"
"UKBOTA","223","B/G-0267","ROC Post Manningtree","ROC Bunker","51.94382","1.05618","JO01MW","COL","Essex","CO11 2HT","","","🗺️"
"UKBOTA","223","B/G-0268","ROC Post Tendring","ROC Bunker","51.87909","1.11355","JO01NV","COL","Essex","CO16 0BP","","","🗺️"
"UKBOTA","223","B/G-0269","ROC Post Clacton","ROC Bunker","51.77733","1.13176","JO01NS","COL","Essex","CO15 1XT","","","🗺️"
"UKBOTA","223","B/G-0270","ROC Post Walton-on-the-Naze","ROC Bunker","51.84461","1.26698","JO01PU","COL","Essex","CO14 8ET","","","🗺️"
"UKBOTA","223","B/G-0271","ROC Post Chigwell","ROC Bunker","51.63352","0.07263","JO01AP","COL","Essex","IG7 6FB","","","🗺️"
"UKBOTA","223","B/G-0272","ROC Post Harold Wood","ROC Bunker","51.61239","0.20080","JO01CO","COL","Essex","RM1 4FA","","","🗺️"
"UKBOTA","223","B/G-0273","ROC Post Rainham - Essex Master Post","ROC Bunker","51.52448","0.23202","JO01CM","COL","Essex","RM13 9GS","true","","🗺️"
"UKBOTA","223","B/G-0274","ROC Post Orsett","ROC Bunker","51.50537","0.36741","JO01EM","COL","Essex","RM16 3BA","","","🗺️"
"UKBOTA","223","B/G-0275","ROC Post Billericay","ROC Bunker","51.59762","0.40830","JO01EO","COL","Essex","CM12 9TR","","","🗺️"
"UKBOTA","223","B/G-0276","ROC Post Vange","ROC Bunker","51.55897","0.47609","JO01FN","COL","Essex","SS16 4QU","","","🗺️"
"UKBOTA","223","B/G-0277","ROC Post Canvey Island","ROC Bunker","51.52376","0.55376","JO01GM","COL","Essex","SS8 0PU","","","🗺️"
"UKBOTA","223","B/G-0278","ROC Post Woodham Ferrers Master Post","ROC Bunker","51.65948","0.59840","JO01HP","COL","Essex","CM3 8RE","true","","🗺️"
"UKBOTA","223","B/G-0279","ROC Post Leigh-on-Sea Master Post","ROC Bunker","51.55455","0.64565","JO01HN","COL","Essex","SS9 3AG","true","","🗺️"
"UKBOTA","223","B/G-0280","ROC Post Rochford","ROC Bunker","51.60858","0.70975","JO01IO","COL","Essex","SS4 3RR","","","🗺️"
"UKBOTA","223","B/G-0281","ROC Post Great Wakering","ROC Bunker","51.56084","0.81989","JO01JN","COL","Essex","SS3 0BT","","","🗺️"
"UKBOTA","223","B/G-0282","ROC Post Southminster","ROC Bunker","51.65755","0.83731","JO01KP","COL","Essex","CM0 7JP","","","🗺️"
"UKBOTA","223","B/G-0283","ROC Post Foulness","ROC Bunker","51.59953","0.89291","JO01KO","COL","Essex","SS3 9XQ","","","🗺️"
"UKBOTA","223","B/G-0284","ROC Post St. Briavels Master Post","ROC Bunker","51.73252","-2.63881","IO81QR","BRI","Gloucestershire","GL15 6UG","true","","🗺️"
"UKBOTA","223","B/G-0285","ROC Post Blakeney","ROC Bunker","51.75206","-2.48249","IO81SS","BRI","Gloucestershire","GL15 4AR","","","🗺️"
"UKBOTA","223","B/G-0286","ROC Post Westbury-on-Severn","ROC Bunker","51.82864","-2.39247","IO81TT","BRI","Gloucestershire","GL14 1QD","","","🗺️"
"UKBOTA","223","B/G-0287","ROC Post Tirley","ROC Bunker","51.94924","-2.28949","IO81UW","BRI","Gloucestershire","GL19 3RH","","","🗺️"
"UKBOTA","223","B/G-0288","ROC Post Stroud","ROC Bunker","51.77626","-2.24736","IO81VS","BRI","Gloucestershire","GL6 6PP","","","🗺️"
"UKBOTA","223","B/G-0289","ROC Post Barnwood","ROC Bunker","51.83284","-2.18281","IO81VT","BRI","Gloucestershire","GL4 8EB","","","🗺️"
"UKBOTA","223","B/G-0290","ROC Post Stoke Orchard","ROC Bunker","51.94793","-2.09802","IO81WW","BRI","Gloucestershire","GL52 7AA","","","🗺️"
"UKBOTA","223","B/G-0291","ROC Post North Cerney Master Post","ROC Bunker","51.77264","-1.95807","IO91AS","OXF","Gloucestershire","GL7 7FB","true","","🗺️"
"UKBOTA","223","B/G-0292","ROC Post Andoversford","ROC Bunker","51.89608","-1.93020","IO91AV","OXF","Gloucestershire","GL54 5ST","","","🗺️"
"UKBOTA","223","B/G-0293","ROC Post Northleach","ROC Bunker","51.83056","-1.86152","IO91BT","OXF","Gloucestershire","GL54 3QG","","","🗺️"
"UKBOTA","223","B/G-0294","ROC Post Poulton","ROC Bunker","51.71682","-1.85593","IO91BR","OXF","Gloucestershire","GL7 5SR","","","🗺️"
"UKBOTA","223","B/G-0295","ROC Post Stow-on-the-Wold Master Post","ROC Bunker","51.93758","-1.72242","IO91DW","OXF","Gloucestershire","GL54 1FF","true","","🗺️"
"UKBOTA","223","B/G-0296","ROC Post Hallen","ROC Bunker","51.51749","-2.64704","IO81QM","BRI","Gloucestershire","BS10 7RR","","","🗺️"
"UKBOTA","223","B/G-0297","ROC Post Hill","ROC Bunker","51.65535","-2.51745","IO81RP","BRI","Gloucestershire","GL13 9EA","","","🗺️"
"UKBOTA","223","B/G-0298","ROC Post Thornbury","ROC Bunker","51.59819","-2.51132","IO81RO","BRI","Gloucestershire","BS35 3TR","","","🗺️"
"UKBOTA","223","B/G-0299","ROC Post Dursley Master Post","ROC Bunker","51.69451","-2.38769","IO81TQ","BRI","Gloucestershire","GL11 6PT","true","","🗺️"
"UKBOTA","223","B/G-0300","ROC Post Little Sodbury Master Post","ROC Bunker","51.55305","-2.33817","IO81TN","BRI","Gloucestershire","BS37 6QU","true","","🗺️"
"UKBOTA","223","B/G-0301","ROC Post Marshfield","ROC Bunker","51.45498","-2.32866","IO81UK","BRI","Gloucestershire","SN14 8BB","","","🗺️"
"UKBOTA","223","B/G-0302","ROC Post Leighterton","ROC Bunker","51.60291","-2.24772","IO81VO","BRI","Gloucestershire","GL8 8QY","","","🗺️"
"UKBOTA","223","B/G-0303","ROC Post Shaw","ROC Bunker","53.59003","-2.11644","IO83WO","PRE","Lancashire","OL2 7PA","","","🗺️"
"UKBOTA","223","B/G-0304","ROC Post Fordingbridge Master Post","ROC Bunker","50.92656","-1.76333","IO90CW","WIN","Hampshire","SP6 2JJ","true","","🗺️"
"UKBOTA","223","B/G-0305","ROC Post Ringwood","ROC Bunker","50.81917","-1.75337","IO90CT","WIN","Hampshire","BH24 3BZ","","","🗺️"
"UKBOTA","223","B/G-0306","ROC Post Grateley","ROC Bunker","51.16609","-1.61766","IO91ED","WIN","Hampshire","SP11 7EF","","","🗺️"
"UKBOTA","223","B/G-0307","ROC Post Lyndhurst","ROC Bunker","50.87834","-1.59102","IO90EV","WIN","Hampshire","SO43 7FJ","","","🗺️"
"UKBOTA","223","B/G-0308","ROC Post Lockerley","ROC Bunker","51.02299","-1.55553","IO91FA","WIN","Hampshire","SO51 0GR","","","🗺️"
"UKBOTA","223","B/G-0309","ROC Post Copythorne","ROC Bunker","50.95510","-1.53297","IO90FW","WIN","Hampshire","SO51 6GF","","","🗺️"
"UKBOTA","223","B/G-0310","ROC Post Hurstbourne Tarrant","ROC Bunker","51.27105","-1.46341","IO91GG","WIN","Hampshire","SP11 0DH","","","🗺️"
"UKBOTA","223","B/G-0311","ROC Post Stockbridge Master Post","ROC Bunker","51.11555","-1.45664","IO91GC","WIN","Hampshire","SO20 6BY","true","","🗺️"
"UKBOTA","223","B/G-0312","ROC Post Marchwood","ROC Bunker","50.87593","-1.44394","IO90GV","WIN","Hampshire","SO45 5TE","","","🗺️"
"UKBOTA","223","B/G-0313","ROC Post Chandlers Ford","ROC Bunker","50.97443","-1.41314","IO90HX","WIN","Hampshire","SO53 4LE","","","🗺️"
"UKBOTA","223","B/G-0314","ROC Post Longparish","ROC Bunker","51.18871","-1.37765","IO91HE","WIN","Hampshire","SP11 6PJ","","","🗺️"
"UKBOTA","223","B/G-0315","ROC Post Kings Worthy","ROC Bunker","51.09967","-1.29516","IO91IC","WIN","Hampshire","SO23 7NR","","","🗺️"
"UKBOTA","223","B/G-0316","ROC Post Botley Master Post","ROC Bunker","50.90255","-1.29373","IO90IV","WIN","Hampshire","SO30 2SZ","true","","🗺️"
"UKBOTA","223","B/G-0317","ROC Post Overton - Hampshire","ROC Bunker","51.24474","-1.25541","IO91IF","WIN","Hampshire","RG25 3BT","","","🗺️"
"UKBOTA","223","B/G-0318","ROC Post Hill Head","ROC Bunker","50.82262","-1.25277","IO90IT","WIN","Hampshire","PO14 4HW","","","🗺️"
"UKBOTA","223","B/G-0319","ROC Post Kingsclere","ROC Bunker","51.32217","-1.24382","IO91JH","WIN","Hampshire","RG20 5NL","","","🗺️"
"UKBOTA","223","B/G-0320","ROC Post Upham","ROC Bunker","50.98595","-1.22950","IO90JX","HOR","Hampshire","SO32 1JN","","","🗺️"
"UKBOTA","223","B/G-0321","ROC Post Cheriton","ROC Bunker","51.04922","-1.17124","IO91JB","HOR","Hampshire","SO24 0QQ","","","🗺️"
"UKBOTA","223","B/G-0322","ROC Post Hambledon","ROC Bunker","50.92828","-1.07692","IO90LW","HOR","Hampshire","PO7 4SE","","","🗺️"
"UKBOTA","223","B/G-0323","ROC Post Medstead","ROC Bunker","51.12395","-1.05302","IO91LC","HOR","Hampshire","GU34 5LG","","","🗺️"
"UKBOTA","223","B/G-0324","ROC Post Herriard Master Post","ROC Bunker","51.19613","-1.03894","IO91LE","HOR","Hampshire","RG25 2PT","true","","🗺️"
"UKBOTA","223","B/G-0325","ROC Post Havant Master Post","ROC Bunker","50.85387","-1.02767","IO90LU","HOR","Hampshire","PO6 1BW","true","","🗺️"
"UKBOTA","223","B/G-0326","ROC Post Stratfield Turgis Master Post","ROC Bunker","51.32596","-0.99433","IO91MH","WIN","Hampshire","RG27 0AL","true","","🗺️"
"UKBOTA","223","B/G-0327","ROC Post Froxfield Green (Stoner Hill) Master Post","ROC Bunker","51.02697","-0.96388","IO91MA","HOR","Hampshire","GU32 1DX","true","","🗺️"
"UKBOTA","223","B/G-0328","ROC Post Hayling Island","ROC Bunker","50.80025","-0.96152","IO90MT","HOR","Hampshire","PO11 0PB","","","🗺️"
"UKBOTA","223","B/G-0329","ROC Post Odiham","ROC Bunker","51.23624","-0.93569","IO91MF","HOR","Hampshire","RG29 1JH","","","🗺️"
"UKBOTA","223","B/G-0330","ROC Post Selbourne","ROC Bunker","51.09586","-0.93420","IO91MC","HOR","Hampshire","GU34 3LQ","","","🗺️"
"UKBOTA","223","B/G-0331","ROC Post Bordon","ROC Bunker","51.09899","-0.86529","IO91NC","HOR","Hampshire","GU35 9BB","","","🗺️"
"UKBOTA","223","B/G-0332","ROC Post Christchurch","ROC Bunker","50.75577","-1.79722","IO90CS","WIN","Hampshire","BH23 2RS","","","🗺️"
"UKBOTA","223","B/G-0333","ROC Post New Milton","ROC Bunker","50.73669","-1.67104","IO90DR","WIN","Hampshire","BH25 7QL","","","🗺️"
"UKBOTA","223","B/G-0334","ROC Post Sway","ROC Bunker","50.78192","-1.58505","IO90ES","WIN","Hampshire","SO41 6BW","","","🗺️"
"UKBOTA","223","B/G-0335","ROC Post Freshwater Master Post","ROC Bunker","50.67035","-1.50226","IO90FQ","WIN","Hampshire","PO40 9TZ","true","","🗺️"
"UKBOTA","223","B/G-0336","ROC Post Stone Point","ROC Bunker","50.78446","-1.35395","IO90HS","WIN","Hampshire","SO45 1AD","","","🗺️"
"UKBOTA","223","B/G-0337","ROC Post Newport 1 - Hampshire","ROC Bunker","50.68775","-1.29922","IO90IQ","WIN","Hampshire","PO30 1YR","","","🗺️"
"UKBOTA","223","B/G-0338","ROC Post Niton IOW","ROC Bunker","50.58262","-1.28454","IO90IN","WIN","Hampshire","PO38 2LX","","","🗺️"
"UKBOTA","223","B/G-0339","ROC Post Newport 2 - Hampshire","ROC Bunker","50.69924","-1.26748","IO90IQ","WIN","Hampshire","PO30 2NQ","","","🗺️"
"UKBOTA","223","B/G-0340","ROC Post Seaview","ROC Bunker","50.72581","-1.12935","IO90KR","WIN","Hampshire","PO34 5AR","","","🗺️"
"UKBOTA","223","B/G-0341","ROC Post Sandown - IOW","ROC Bunker","50.66394","-1.12951","IO90KP","WIN","Hampshire","PO36 8QP","","","🗺️"
"UKBOTA","223","B/G-0342","ROC Post Southsea","ROC Bunker","50.78848","-1.10421","IO90KS","HOR","Hampshire","PO1 2NJ","","","🗺️"
"UKBOTA","223","B/G-0343","ROC Post Wigmore","ROC Bunker","52.32053","-2.83930","IO82NH","SHR","Herefordshire","SY8 2HP","","","🗺️"
"UKBOTA","223","B/G-0344","ROC Post Whitchurch - Herefordshire","ROC Bunker","51.85888","-2.66601","IO81QU","BRI","Herefordshire","HR9 6DH","","","🗺️"
"UKBOTA","223","B/G-0345","ROC Post Pencombe Master Post","ROC Bunker","52.17518","-2.56017","IO82RE","BRI","Herefordshire","HR7 4SE","true","","🗺️"
"UKBOTA","223","B/G-0346","ROC Post Trumpet Master Post","ROC Bunker","52.03228","-2.46772","IO82SA","BRI","Herefordshire","HR8 2JY","true","","🗺️"
"UKBOTA","223","B/G-0347","ROC Post Lyonshall","ROC Bunker","52.20150","-2.98879","IO82ME","BRI","Herefordshire","HR5 3LN","","","🗺️"
"UKBOTA","223","B/G-0348","ROC Post Peterchurch Master Post","ROC Bunker","52.04876","-2.93160","IO82MB","BRI","Herefordshire","HR2 0ST","true","","🗺️"
"UKBOTA","223","B/G-0349","ROC Post Pontrilas","ROC Bunker","51.93740","-2.89206","IO81NW","BRI","Herefordshire","HR2 0DL","","","🗺️"
"UKBOTA","223","B/G-0350","ROC Post Burghill Master Post","ROC Bunker","52.10199","-2.75562","IO82OC","BRI","Herefordshire","HR4 8NG","true","","🗺️"
"UKBOTA","223","B/G-0351","ROC Post Leominster Master Post","ROC Bunker","52.21554","-2.71203","IO82PF","BRI","Herefordshire","HR6 0NA","true","","🗺️"
"UKBOTA","223","B/G-0352","ROC Post Harewood End","ROC Bunker","51.94291","-2.68748","IO81PW","BRI","Herefordshire","HR2 8JT","","","🗺️"
"UKBOTA","223","B/G-0353","ROC Post Fownhope","ROC Bunker","52.00311","-2.59546","IO82QA","BRI","Herefordshire","HR1 4PZ","","","🗺️"
"UKBOTA","223","B/G-0354","ROC Post Lea","ROC Bunker","51.89584","-2.47836","IO81SV","BRI","Herefordshire","HR9 7LN","","","🗺️"
"UKBOTA","223","B/G-0355","ROC Post Ridgway Cross","ROC Bunker","52.12331","-2.40747","IO82TC","BRI","Herefordshire","WR13 5JG","","","🗺️"
"UKBOTA","223","B/G-0356","ROC Post Berkhamstead","ROC Bunker","51.77195","-0.56936","IO91RS","OXF","Hertfordshire","HP4 1DU","","","🗺️"
"UKBOTA","223","B/G-0357","ROC Post Markyate","ROC Bunker","51.82920","-0.46697","IO91ST","BED","Hertfordshire","AL3 8RN","","","🗺️"
"UKBOTA","223","B/G-0358","ROC Post Kings Langley Master Post","ROC Bunker","51.70546","-0.45915","IO91SQ","BED","Hertfordshire","WD4 8QN","true","","🗺️"
"UKBOTA","223","B/G-0359","ROC Post Great Offley Master Post","ROC Bunker","51.93092","-0.34948","IO91TW","BED","Hertfordshire","SG5 3DR","true","","🗺️"
"UKBOTA","223","B/G-0361","ROC Post Park Street Master Post","ROC Bunker","51.72466","-0.33079","IO91UR","BED","Hertfordshire","AL2 2PQ","true","","🗺️"
"UKBOTA","223","B/G-0362","ROC Post Kimpton","ROC Bunker","51.84684","-0.28592","IO91UU","BED","Hertfordshire","SG4 8RG","","","🗺️"
"UKBOTA","223","B/G-0363","ROC Post Letchworth","ROC Bunker","51.97942","-0.25203","IO91UX","BED","Hertfordshire","SG6 4LG","","","🗺️"
"UKBOTA","223","B/G-0364","ROC Post Welwyn","ROC Bunker","51.78618","-0.25183","IO91US","BED","Hertfordshire","AL10 9BA","","","🗺️"
"UKBOTA","223","B/G-0365","ROC Post Ashwell","ROC Bunker","52.03282","-0.15096","IO92WA","BED","Hertfordshire","SG7 5FJ","","","🗺️"
"UKBOTA","223","B/G-0366","ROC Post Hertford","ROC Bunker","51.81499","-0.12536","IO91WT","BED","Hertfordshire","SG14 2ND","","","🗺️"
"UKBOTA","223","B/G-0367","ROC Post Walkern","ROC Bunker","51.91704","-0.10817","IO91WW","BED","Hertfordshire","SG2 7JG","","","🗺️"
"UKBOTA","223","B/G-0368","ROC Post Brent Pelham Master Post","ROC Bunker","51.96444","0.07287","JO01AX","BED","Hertfordshire","SG9 0AS","true","","🗺️"
"UKBOTA","223","B/G-0369","ROC Post Much Hadham","ROC Bunker","51.85967","0.08374","JO01BU","BED","Hertfordshire","SG10 6HP","","","🗺️"
"UKBOTA","223","B/G-0370","ROC Post Chorleywood","ROC Bunker","51.64057","-0.51063","IO91RP","OXF","Hertfordshire","WD3 5HB","","","🗺️"
"UKBOTA","223","B/G-0371","ROC Post Elstree Master Post","ROC Bunker","51.64043","-0.29516","IO91UP","BED","Middlesex","WD6 3RY","true","","🗺️"
"UKBOTA","223","B/G-0372","ROC Post Sawtry Master Post","ROC Bunker","52.43883","-0.29761","IO92UK","BED","Huntingdonshire","PE28 5BT","true","","🗺️"
"UKBOTA","223","B/G-0374","ROC Post Abbots Ripton","ROC Bunker","52.38079","-0.25165","IO92UJ","BED","Huntingdonshire","PE28 4EW","","","🗺️"
"UKBOTA","223","B/G-0375","ROC Post Buckden Master Post","ROC Bunker","52.30242","-0.24183","IO92VH","BED","Huntingdonshire","PE19 5UH","true","","🗺️"
"UKBOTA","223","B/G-0376","ROC Post Ramsey - Cambridgeshire Master Post","ROC Bunker","52.44730","-0.12673","IO92WK","BED","Huntingdonshire","PE26 1FF","true","","🗺️"
"UKBOTA","223","B/G-0377","ROC Post St. Ives - Huntingdonshire Master Post","ROC Bunker","52.30270","-0.12551","IO92WH","BED","Huntingdonshire","PE28 9HH","true","","🗺️"
"UKBOTA","223","B/G-0378","ROC Post Eltham","ROC Bunker","51.42750","0.07279","JO01AK","MAI","Kent","BR7 6LA","","","🗺️"
"UKBOTA","223","B/G-0379","ROC Post Edenbridge","ROC Bunker","51.19792","0.08723","JO01BE","MAI","Kent","TN8 7LD","","","🗺️"
"UKBOTA","223","B/G-0380","ROC Post Brasted","ROC Bunker","51.28993","0.10632","JO01BG","MAI","Kent","TN16 1NX","","","🗺️"
"UKBOTA","223","B/G-0381","ROC Post Penshurst","ROC Bunker","51.20228","0.18305","JO01CE","MAI","Kent","TN11 8LP","","","🗺️"
"UKBOTA","223","B/G-0382","ROC Post Farningham","ROC Bunker","51.38134","0.20220","JO01CJ","MAI","Kent","DA4 0JW","","","🗺️"
"UKBOTA","223","B/G-0383","ROC Post Greenhithe","ROC Bunker","51.43677","0.31249","JO01DK","MAI","Kent","DA10 1FP","","","🗺️"
"UKBOTA","223","B/G-0384","ROC Post Borough Green Master Post","ROC Bunker","51.29172","0.31179","JO01DH","MAI","Kent","TN15 8HW","true","","🗺️"
"UKBOTA","223","B/G-0385","ROC Post Wateringbury","ROC Bunker","51.24596","0.40020","JO01EF","MAI","Kent","ME18 5HU","","","🗺️"
"UKBOTA","223","B/G-0386","ROC Post Snodland","ROC Bunker","51.32338","0.43180","JO01FH","MAI","Kent","ME6 5QL","","","🗺️"
"UKBOTA","223","B/G-0387","ROC Post Horsmonden","ROC Bunker","51.12071","0.42514","JO01FC","MAI","Kent","TN12 8EH","","","🗺️"
"UKBOTA","223","B/G-0388","ROC Post Cliffe","ROC Bunker","51.46124","0.49225","JO01FL","MAI","Kent","ME3 7QR","","","🗺️"
"UKBOTA","223","B/G-0389","ROC Post Cranbrook","ROC Bunker","51.09136","0.51586","JO01GC","MAI","Kent","TN17 2QL","","","🗺️"
"UKBOTA","223","B/G-0390","ROC Post Linton - Kent Master Post","ROC Bunker","51.23065","0.52517","JO01GF","MAI","Kent","ME17 4HR","true","","🗺️"
"UKBOTA","223","B/G-0391","ROC Post Hoo Master Post","ROC Bunker","51.43205","0.55684","JO01GK","MAI","Kent","ME3 9UR","true","","🗺️"
"UKBOTA","223","B/G-0392","ROC Post Bearsted","ROC Bunker","51.27468","0.57261","JO01GG","MAI","Kent","ME14 4LF","","","🗺️"
"UKBOTA","223","B/G-0393","ROC Post Rainham - Kent Master Post","ROC Bunker","51.35099","0.61121","JO01HI","MAI","Kent","ME8 8PP","true","","🗺️"
"UKBOTA","223","B/G-0394","ROC Post Headcorn","ROC Bunker","51.17146","0.61579","JO01HE","MAI","Kent","TN27 9RB","","","🗺️"
"UKBOTA","223","B/G-0395","ROC Post Allhallows","ROC Bunker","51.46886","0.63695","JO01HL","MAI","Kent","ME3 9PT","","","🗺️"
"UKBOTA","223","B/G-0396","ROC Post Tenterden","ROC Bunker","51.08203","0.67300","JO01IB","MAI","Kent","TN30 6TJ","","","🗺️"
"UKBOTA","223","B/G-0397","ROC Post Rodmersham Green","ROC Bunker","51.31929","0.72352","JO01IH","MAI","Kent","ME9 8AG","","","🗺️"
"UKBOTA","223","B/G-0398","ROC Post Lenham","ROC Bunker","51.25057","0.72375","JO01IG","MAI","Kent","ME17 2EU","","","🗺️"
"UKBOTA","223","B/G-0399","ROC Post Pluckley Master Post","ROC Bunker","51.18030","0.74808","JO01IE","MAI","Kent","TN27 0PE","true","","🗺️"
"UKBOTA","223","B/G-0400","ROC Post Sheerness","ROC Bunker","51.41347","0.76924","JO01JJ","MAI","Kent","ME12 3XA","","","🗺️"
"UKBOTA","223","B/G-0401","ROC Post Bethersden","ROC Bunker","51.13199","0.75608","JO01JD","MAI","Kent","TN26 3DD","","","🗺️"
"UKBOTA","223","B/G-0402","ROC Post Brookland","ROC Bunker","50.99428","0.83157","JO00JX","MAI","Kent","TN29 9RD","","","🗺️"
"UKBOTA","223","B/G-0403","ROC Post Eastchurch","ROC Bunker","51.40219","0.86418","JO01KJ","MAI","Kent","ME12 4DD","","","🗺️"
"UKBOTA","223","B/G-0404","ROC Post Oare","ROC Bunker","51.32923","0.87212","JO01KH","MAI","Kent","ME13 0QJ","","","🗺️"
"UKBOTA","223","B/G-0405","ROC Post Hamstreet","ROC Bunker","51.06404","0.86266","JO01KB","MAI","Kent","TN26 2NW","","","🗺️"
"UKBOTA","223","B/G-0406","ROC Post Sheldwich Lees","ROC Bunker","51.28240","0.88913","JO01KG","MAI","Kent","ME13 0LR","","","🗺️"
"UKBOTA","223","B/G-0407","ROC Post Dungeness","ROC Bunker","50.94357","0.88216","JO00KW","MAI","Kent","TN29 9JN","","","🗺️"
"UKBOTA","223","B/G-0408","ROC Post Sevington","ROC Bunker","51.12764","0.91677","JO01LD","MAI","Kent","TN25 6GE","","","🗺️"
"UKBOTA","223","B/G-0409","ROC Post Wye","ROC Bunker","51.17685","0.93819","JO01LE","MAI","Kent","TN25 5AZ","","","🗺️"
"UKBOTA","223","B/G-0410","ROC Post Blean","ROC Bunker","51.31577","1.00705","JO01MH","MAI","Kent","CT2 9JX","","","🗺️"
"UKBOTA","223","B/G-0411","ROC Post Dymchurch","ROC Bunker","51.04519","1.00076","JO01MB","MAI","Kent","TN29 0JP","","","🗺️"
"UKBOTA","223","B/G-0412","ROC Post Canterbury","ROC Bunker","51.28342","1.10233","JO01NG","MAI","Kent","CT1 1WJ","","","🗺️"
"UKBOTA","223","B/G-0413","ROC Post Lyminge","ROC Bunker","51.12546","1.09615","JO01ND","MAI","Kent","CT18 8EB","","","🗺️"
"UKBOTA","223","B/G-0414","ROC Post Herne Bay Master Post","ROC Bunker","51.34242","1.11622","JO01NI","MAI","Kent","CT6 7NN","true","","🗺️"
"UKBOTA","223","B/G-0415","ROC Post Folkestone Master Post","ROC Bunker","51.10121","1.14854","JO01NC","MAI","Kent","CT18 7AD","true","","🗺️"
"UKBOTA","223","B/G-0416","ROC Post Barham","ROC Bunker","51.21478","1.17290","JO01OF","MAI","Kent","CT4 6HH","","","🗺️"
"UKBOTA","223","B/G-0417","ROC Post Upstreet","ROC Bunker","51.32708","1.20448","JO01OH","MAI","Kent","CT3 4DG","","","🗺️"
"UKBOTA","223","B/G-0418","ROC Post Folkestone","ROC Bunker","51.08501","1.19842","JO01OC","MAI","Kent","CT19 6PY","","","🗺️"
"UKBOTA","223","B/G-0419","ROC Post Birchington","ROC Bunker","51.37729","1.27525","JO01PJ","MAI","Kent","CT7 9QT","","","🗺️"
"UKBOTA","223","B/G-0420","ROC Post Eythorne","ROC Bunker","51.19644","1.28044","JO01PE","MAI","Kent","CT15 4BL","","","🗺️"
"UKBOTA","223","B/G-0421","ROC Post Ash","ROC Bunker","51.27599","1.29500","JO01PG","MAI","Kent","CT3 2BX","","","🗺️"
"UKBOTA","223","B/G-0422","ROC Post Minster Master Post","ROC Bunker","51.34302","1.32322","JO01PI","MAI","Kent","CT12 4AY","true","","🗺️"
"UKBOTA","223","B/G-0423","ROC Post Dover","ROC Bunker","51.14013","1.34064","JO01QD","MAI","Kent","CT15 5DW","","","🗺️"
"UKBOTA","223","B/G-0424","ROC Post Kingsdown","ROC Bunker","51.19241","1.39911","JO01QE","MAI","Kent","CT14 8BL","","","🗺️"
"UKBOTA","223","B/G-0425","ROC Post Kingsgate","ROC Bunker","51.38675","1.44096","JO01RJ","MAI","Kent","CT10 3LT","","","🗺️"
"UKBOTA","223","B/G-0428","ROC Post Lytham","ROC Bunker","53.73865","-3.00784","IO83LR","PRE","Lancashire","FY8 1EQ","","","🗺️"
"UKBOTA","223","B/G-0429","ROC Post Barrow-in-Furness Master Post","ROC Bunker","54.10968","-3.26523","IO84IC","PRE","Lancashire","LA14 3NX","true","","🗺️"
"UKBOTA","223","B/G-0430","ROC Post Broughton-in-Furness Master Post","ROC Bunker","54.28991","-3.20177","IO84JG","PRE","Lancashire","LA20 6AD","true","","🗺️"
"UKBOTA","223","B/G-0431","ROC Post Formby","ROC Bunker","53.54142","-3.09188","IO83KM","PRE","Lancashire","L37 2EJ","","","🗺️"
"UKBOTA","223","B/G-0432","ROC Post Great Crosby","ROC Bunker","53.49805","-3.05715","IO83LL","PRE","Lancashire","L23 8SY","","","🗺️"
"UKBOTA","223","B/G-0433","ROC Post Woodvale","ROC Bunker","53.57666","-3.05141","IO83LN","PRE","Lancashire","L37 0AR","","","🗺️"
"UKBOTA","223","B/G-0434","ROC Post Southport","ROC Bunker","53.64189","-3.02399","IO83LP","PRE","Lancashire","PR8 2BZ","","","🗺️"
"UKBOTA","223","B/G-0435","ROC Post Fleetwood Master Post","ROC Bunker","53.92579","-3.02818","IO83LW","PRE","Lancashire","FY7 7BH","true","","🗺️"
"UKBOTA","223","B/G-0436","ROC Post Hawkshead","ROC Bunker","54.37273","-2.99960","IO84MI","CAR","Lancashire","LA22 0PQ","","","🗺️"
"UKBOTA","223","B/G-0437","ROC Post Backbarrow","ROC Bunker","54.24183","-2.98309","IO84MF","PRE","Lancashire","LA12 8EY","","","🗺️"
"UKBOTA","223","B/G-0438","ROC Post Flookburgh Master Post","ROC Bunker","54.16860","-2.96986","IO84ME","PRE","Lancashire","LA11 7NG","true","","🗺️"
"UKBOTA","223","B/G-0439","ROC Post Weeton","ROC Bunker","53.81277","-2.94553","IO83MT","PRE","Lancashire","PR4 3HT","","","🗺️"
"UKBOTA","223","B/G-0440","ROC Post Heysham","ROC Bunker","54.03375","-2.90397","IO84NA","PRE","Lancashire","LA3 2UU","","","🗺️"
"UKBOTA","223","B/G-0441","ROC Post Burscough Master Post","ROC Bunker","53.58820","-2.86844","IO83NO","PRE","Lancashire","L40 8AB","true","","🗺️"
"UKBOTA","223","B/G-0442","ROC Post Catforth","ROC Bunker","53.82478","-2.82912","IO83OT","PRE","Lancashire","PR4 0TF","","","🗺️"
"UKBOTA","223","B/G-0443","ROC Post Longton - Lancashire","ROC Bunker","53.72820","-2.79539","IO83OR","PRE","Lancashire","PR4 5LN","","","🗺️"
"UKBOTA","223","B/G-0444","ROC Post Forton","ROC Bunker","53.94724","-2.76893","IO83OW","PRE","Lancashire","PR3 0FP","","","🗺️"
"UKBOTA","223","B/G-0445","ROC Post Billinge Hill","ROC Bunker","53.50722","-2.71751","IO83PM","PRE","Lancashire","WN5 7EZ","","","🗺️"
"UKBOTA","223","B/G-0446","ROC Post Parbold","ROC Bunker","53.60701","-2.71558","IO83PO","PRE","Lancashire","WN6 9PL","","","🗺️"
"UKBOTA","223","B/G-0447","ROC Post Caton","ROC Bunker","54.07797","-2.70302","IO84PB","PRE","Lancashire","LA2 9JU","","","🗺️"
"UKBOTA","223","B/G-0448","ROC Post Brinscall Master Post","ROC Bunker","53.70130","-2.61796","IO83QQ","PRE","Lancashire","PR6 8PA","true","","🗺️"
"UKBOTA","223","B/G-0449","ROC Post Longridge Master Post","ROC Bunker","53.84432","-2.57706","IO83RU","PRE","Lancashire","PR3 2TX","true","","🗺️"
"UKBOTA","223","B/G-0450","ROC Post Mellor","ROC Bunker","53.77708","-2.52165","IO83RS","PRE","Lancashire","BB2 7FR","","","🗺️"
"UKBOTA","223","B/G-0451","ROC Post Atherton","ROC Bunker","53.53489","-2.46783","IO83SM","PRE","Lancashire","M46 9HJ","","","🗺️"
"UKBOTA","223","B/G-0452","ROC Post Turton","ROC Bunker","53.62477","-2.41938","IO83SO","PRE","Lancashire","BL7 9QD","","","🗺️"
"UKBOTA","223","B/G-0453","ROC Post Padiham Master Post","ROC Bunker","53.80738","-2.31126","IO83UT","PRE","Lancashire","BB12 8PD","true","","🗺️"
"UKBOTA","223","B/G-0454","ROC Post Prestwich","ROC Bunker","53.53912","-2.25451","IO83UM","PRE","Lancashire","M25 2SW","","","🗺️"
"UKBOTA","223","B/G-0455","ROC Post Bacup Master Post","ROC Bunker","53.70155","-2.20687","IO83VQ","PRE","Lancashire","OL13 8NR","true","","🗺️"
"UKBOTA","223","B/G-0456","ROC Post Speke","ROC Bunker","53.34306","-2.87066","IO83NI","SHR","Lancashire","L24 8AD","","","🗺️"
"UKBOTA","223","B/G-0457","ROC Post St. Helens","ROC Bunker","53.44423","-2.77171","IO83OK","PRE","Lancashire","WA10 3AG","","","🗺️"
"UKBOTA","223","B/G-0458","ROC Post Warrington","ROC Bunker","53.41658","-2.57441","IO83RJ","SHR","Lancashire","WA2 0LP","","","🗺️"
"UKBOTA","223","B/G-0459","ROC Post Chorlton-cum-Hardy","ROC Bunker","53.43440","-2.25735","IO83UK","PRE","Lancashire","M21 7UJ","","","🗺️"
"UKBOTA","223","B/G-0460","ROC Post Twycross","ROC Bunker","52.65173","-1.51585","IO92FP","COV","Leicestershire","CV9 3PT","","","🗺️"
"UKBOTA","223","B/G-0461","ROC Post Coleorton","ROC Bunker","52.74339","-1.42715","IO92GR","COV","Leicestershire","LE67 8FH","","","🗺️"
"UKBOTA","223","B/G-0462","ROC Post Markfield","ROC Bunker","52.69271","-1.28237","IO92IQ","COV","Leicestershire","LE67 9UD","","","🗺️"
"UKBOTA","223","B/G-0463","ROC Post Shepshed","ROC Bunker","52.79214","-1.26754","IO92IT","COV","Leicestershire","LE12 5PP","","","🗺️"
"UKBOTA","223","B/G-0464","ROC Post Birstall","ROC Bunker","52.69141","-1.12911","IO92KQ","COV","Leicestershire","LE4 3BT","","","🗺️"
"UKBOTA","223","B/G-0465","ROC Post Wymeswold","ROC Bunker","52.80566","-1.09108","IO92KT","COV","Leicestershire","LE12 6BS","","","🗺️"
"UKBOTA","223","B/G-0466","ROC Post Rearsby Master Post","ROC Bunker","52.71716","-1.01830","IO92LR","COV","Leicestershire","LE7 4YL","true","","🗺️"
"UKBOTA","223","B/G-0467","ROC Post Billesdon","ROC Bunker","52.61161","-0.94387","IO92MO","BED","Leicestershire","LE7 9BH","","","🗺️"
"UKBOTA","223","B/G-0468","ROC Post Melton Mowbray","ROC Bunker","52.78769","-0.90120","IO92NS","LIN","Leicestershire","LE13 0NX","","","🗺️"
"UKBOTA","223","B/G-0469","ROC Post Harby","ROC Bunker","52.86818","-0.89397","IO92NU","LIN","Leicestershire","LE14 4DE","","","🗺️"
"UKBOTA","223","B/G-0470","ROC Post Cold Overton Master Post","ROC Bunker","52.67883","-0.80897","IO92OQ","BED","Leicestershire","LE15 7QD","true","","🗺️"
"UKBOTA","223","B/G-0471","ROC Post Bottesford","ROC Bunker","52.94863","-0.79220","IO92OW","LIN","Leicestershire","NG13 0EZ","","","🗺️"
"UKBOTA","223","B/G-0472","ROC Post Buckminster","ROC Bunker","52.78909","-0.70987","IO92PS","LIN","Leicestershire","NG33 5SF","","","🗺️"
"UKBOTA","223","B/G-0473","ROC Post Stoke Golding Master Post","ROC Bunker","52.56641","-1.41367","IO92HN","COV","Leicestershire","CV13 6PJ","true","","🗺️"
"UKBOTA","223","B/G-0474","ROC Post Thurlaston","ROC Bunker","52.59463","-1.26729","IO92IO","COV","Leicestershire","LE9 7TH","","","🗺️"
"UKBOTA","223","B/G-0475","ROC Post Lutterworth","ROC Bunker","52.46578","-1.23557","IO92JL","COV","Leicestershire","LE17 4LP","","","🗺️"
"UKBOTA","223","B/G-0476","ROC Post Fleckney","ROC Bunker","52.53169","-1.06195","IO92LM","COV","Leicestershire","LE8 8AQ","","","🗺️"
"UKBOTA","223","B/G-0477","ROC Post Epworth","ROC Bunker","53.53034","-0.81087","IO93OM","LIN","Lincolnshire","DN9 1JD","","","🗺️"
"UKBOTA","223","B/G-0478","ROC Post Eastoft","ROC Bunker","53.63012","-0.78387","IO93OP","LIN","Lincolnshire","DN17 4PR","","","🗺️"
"UKBOTA","223","B/G-0479","ROC Post Scotter Master Post","ROC Bunker","53.49717","-0.65034","IO93QL","LIN","Lincolnshire","DN21 3JB","true","","🗺️"
"UKBOTA","223","B/G-0480","ROC Post Winterton","ROC Bunker","53.65864","-0.58980","IO93QP","LIN","Lincolnshire","DN15 9FN","","","🗺️"
"UKBOTA","223","B/G-0481","ROC Post Scawby","ROC Bunker","53.53436","-0.56300","IO93RM","LIN","Lincolnshire","DN20 9ND","","","🗺️"
"UKBOTA","223","B/G-0482","ROC Post Gainsborough","ROC Bunker","53.39264","-0.76749","IO93OJ","LIN","Lincolnshire","DN21 1DA","","","🗺️"
"UKBOTA","223","B/G-0483","ROC Post Dunham-on-Trent","ROC Bunker","53.25584","-0.76948","IO93OG","LIN","Lincolnshire","LN1 2BF","","","🗺️"
"UKBOTA","223","B/G-0484","ROC Post Claypole","ROC Bunker","53.02866","-0.73345","IO93PA","LIN","Lincolnshire","NG23 5TX","","","🗺️"
"UKBOTA","223","B/G-0485","ROC Post Sturton by Stow","ROC Bunker","53.30264","-0.67344","IO93PH","LIN","Lincolnshire","LN1 2AR","","","🗺️"
"UKBOTA","223","B/G-0486","ROC Post Grantham Master Post","ROC Bunker","52.88681","-0.66105","IO92QV","LIN","Lincolnshire","NG32 1AP","true","","🗺️"
"UKBOTA","223","B/G-0487","ROC Post Honington - Lincs","ROC Bunker","52.99449","-0.61973","IO92QX","LIN","Lincolnshire","NG32 2BJ","","","🗺️"
"UKBOTA","223","B/G-0488","ROC Post Bishop Norton","ROC Bunker","53.41667","-0.52454","IO93RK","LIN","Lincolnshire","LN8 2DT","","","🗺️"
"UKBOTA","223","B/G-0489","ROC Post Navenby","ROC Bunker","53.08075","-0.53336","IO93RB","LIN","Lincolnshire","LN5 0DP","","","🗺️"
"UKBOTA","223","B/G-0490","ROC Post Castle Bytham","ROC Bunker","52.74699","-0.53689","IO92RR","BED","Lincolnshire","NG33 4SN","","","🗺️"
"UKBOTA","223","B/G-0491","ROC Post Hackthorn","ROC Bunker","53.29805","-0.50582","IO93RH","LIN","Lincolnshire","LN2 3PX","","","🗺️"
"UKBOTA","223","B/G-0492","ROC Post Barton-upon-Humber","ROC Bunker","53.66886","-0.44278","IO93SQ","LIN","Lincolnshire","DN18 5DZ","","","🗺️"
"UKBOTA","223","B/G-0493","ROC Post North Kelsey Master Post","ROC Bunker","53.49785","-0.41272","IO93TL","LIN","Lincolnshire","LN7 6HB","true","","🗺️"
"UKBOTA","223","B/G-0494","ROC Wootton","ROC Bunker","53.62212","-0.37495","IO93TO","LIN","Lincolnshire","DN39 6RG","","","🗺️"
"UKBOTA","223","B/G-0495","ROC Post Swallow","ROC Bunker","53.50620","-0.22648","IO93VM","LIN","Lincolnshire","LN7 6DD","","","🗺️"
"UKBOTA","223","B/G-0496","ROC Post Roxton","ROC Bunker","53.58925","-0.21364","IO93VO","LIN","Lincolnshire","DN41 8BW","","","🗺️"
"UKBOTA","223","B/G-0497","ROC Post Humberston","ROC Bunker","53.53176","-0.00044","IO93XM","LIN","Lincolnshire","DN35 0PW","","","🗺️"
"UKBOTA","223","B/G-0498","ROC Post Canwick","ROC Bunker","53.21555","-0.50061","IO93RF","LIN","Lincolnshire","LN4 2RJ","","","🗺️"
"UKBOTA","223","B/G-0499","ROC Post Ingoldsby","ROC Bunker","52.85405","-0.49973","IO92SU","LIN","Lincolnshire","NG33 4EU","","","🗺️"
"UKBOTA","223","B/G-0500","ROC Post Sleaford","ROC Bunker","53.02720","-0.39636","IO93TA","LIN","Lincolnshire","NG34 8SH","","","🗺️"
"UKBOTA","223","B/G-0501","ROC Post Market Rasen Master Post","ROC Bunker","53.37500","-0.36228","IO93TJ","LIN","Lincolnshire","LN8 3LG","true","","🗺️"
"UKBOTA","223","B/G-0502","ROC Post Bourne","ROC Bunker","52.79048","-0.37586","IO92TS","LIN","Lincolnshire","PE10 0AD","","","🗺️"
"UKBOTA","223","B/G-0503","ROC Post Billingborough","ROC Bunker","52.88713","-0.35679","IO92TV","LIN","Lincolnshire","NG34 0EX","","","🗺️"
"UKBOTA","223","B/G-0504","ROC Post Bardney","ROC Bunker","53.20601","-0.31842","IO93UE","LIN","Lincolnshire","LN3 5SU","","","🗺️"
"UKBOTA","223","B/G-0505","ROC Post Billinghay","ROC Bunker","53.08935","-0.30759","IO93UC","LIN","Lincolnshire","LN4 3SS","","","🗺️"
"UKBOTA","223","B/G-0506","ROC Post Market Deeping","ROC Bunker","52.66014","-0.31342","IO92UP","BED","Northamptonshire","PE6 9BD","","","🗺️"
"UKBOTA","223","B/G-0507","ROC Post Heckington","ROC Bunker","52.99229","-0.23554","IO92VX","LIN","Lincolnshire","NG34 9LY","","","🗺️"
"UKBOTA","223","B/G-0508","ROC Post Burgh-on-Bain Master Post","ROC Bunker","53.33960","-0.17723","IO93VI","LIN","Lincolnshire","LN8 6JT","true","","🗺️"
"UKBOTA","223","B/G-0509","ROC Post Binbrook","ROC Bunker","53.42869","-0.15972","IO93WK","LIN","Lincolnshire","LN8 6FB","","","🗺️"
"UKBOTA","223","B/G-0510","ROC Post Baumber Master Post","ROC Bunker","53.24314","-0.16005","IO93WF","LIN","Lincolnshire","LN9 5NA","true","","🗺️"
"UKBOTA","223","B/G-0511","ROC Post Crowland","ROC Bunker","52.66708","-0.18065","IO92VQ","BED","Lincolnshire","PE6 0GE","","","🗺️"
"UKBOTA","223","B/G-0512","ROC Post Quadring Eaudyke Master Post","ROC Bunker","52.88397","-0.16534","IO92WV","LIN","Lincolnshire","PE11 4QE","true","","🗺️"
"UKBOTA","223","B/G-0513","ROC Post Coningsby","ROC Bunker","53.08943","-0.12107","IO93WC","LIN","Lincolnshire","PE22 7SR","","","🗺️"
"UKBOTA","223","B/G-0514","ROC Post Spalding","ROC Bunker","52.77411","-0.11985","IO92WS","LIN","Lincolnshire","PE12 6BW","","","🗺️"
"UKBOTA","223","B/G-0515","ROC Post Fosdyke","ROC Bunker","52.89553","-0.06108","IO92XV","LIN","Lincolnshire","PE20 2AN","","","🗺️"
"UKBOTA","223","B/G-0516","ROC Post Moulton Chapel","ROC Bunker","52.74093","-0.04217","IO92XR","NOR","Lincolnshire","PE12 0SX","","","🗺️"
"UKBOTA","223","B/G-0517","ROC Post East Kirkby","ROC Bunker","53.14946","-0.01421","IO93XD","LIN","Lincolnshire","PE23 4BZ","","","🗺️"
"UKBOTA","223","B/G-0518","ROC Post Boston","ROC Bunker","53.01826","-0.01816","IO93XA","LIN","Lincolnshire","PE22 7DL","","","🗺️"
"UKBOTA","223","B/G-0519","ROC Post Tetford","ROC Bunker","53.26692","-0.00637","IO93XG","LIN","Lincolnshire","LN9 6QR","","","🗺️"
"UKBOTA","223","B/G-0520","ROC Post Louth Master Post","ROC Bunker","53.34266","0.00722","JO03AI","LIN","Lincolnshire","LN11 9SY","true","","🗺️"
"UKBOTA","223","B/G-0521","ROC Post Fulstow","ROC Bunker","53.45362","0.01652","JO03AK","LIN","Lincolnshire","LN11 0ZX","","","🗺️"
"UKBOTA","223","B/G-0522","ROC Post Holbeach","ROC Bunker","52.81743","0.02330","JO02AT","LIN","Lincolnshire","PE12 7PR","","","🗺️"
"UKBOTA","223","B/G-0523","ROC Post Alford","ROC Bunker","53.24538","0.11178","JO03BF","LIN","Lincolnshire","LN13 0EY","","","🗺️"
"UKBOTA","223","B/G-0524","ROC Post Little Steeping Master Post","ROC Bunker","53.13457","0.12951","JO03BD","LIN","Lincolnshire","PE23 5BE","true","","🗺️"
"UKBOTA","223","B/G-0525","ROC Post Long Sutton","ROC Bunker","52.80799","0.14082","JO02BT","NOR","Lincolnshire","PE12 9LJ","","","🗺️"
"UKBOTA","223","B/G-0526","ROC Post North Somercotes","ROC Bunker","53.42905","0.17702","JO03CK","LIN","Lincolnshire","LN11 7RX","","","🗺️"
"UKBOTA","223","B/G-0527","ROC Post Old Leake","ROC Bunker","53.01755","0.15714","JO03BA","LIN","Lincolnshire","PE22 9JL","","","🗺️"
"UKBOTA","223","B/G-0528","ROC Post Friskney","ROC Bunker","53.06451","0.22845","JO03CB","LIN","Lincolnshire","PE22 8SD","","","🗺️"
"UKBOTA","223","B/G-0529","ROC Post Mablethorpe","ROC Bunker","53.35250","0.25666","JO03DI","LIN","Lincolnshire","LN12 1QX","","","🗺️"
"UKBOTA","223","B/G-0530","ROC Post Skegness","ROC Bunker","53.16472","0.32460","JO03DD","LIN","Lincolnshire","PE25 1FA","","","🗺️"
"UKBOTA","223","B/G-0531","ROC Post Chapel St. Leonards","ROC Bunker","53.23532","0.33756","JO03EF","LIN","Lincolnshire","PE24 5XA","","","🗺️"
"UKBOTA","223","B/G-0532","ROC Post Hounslow","ROC Bunker","51.46261","-0.43380","IO91SL","HOR","Middlesex","TW14 9RL","","","🗺️"
"UKBOTA","223","B/G-0533","ROC Post Northolt","ROC Bunker","51.55374","-0.42375","IO91SN","BED","Middlesex","HA4 6PW","","","🗺️"
"UKBOTA","223","B/G-0534","ROC Post Acton","ROC Bunker","51.52366","-0.32893","IO91UM","BED","Middlesex","W13 0DH","","","🗺️"
"UKBOTA","223","B/G-0535","ROC Post Colindale","ROC Bunker","51.57930","-0.27190","IO91UN","BED","Middlesex","NW9 9NT","","","🗺️"
"UKBOTA","223","B/G-0536","ROC Post Enfield","ROC Bunker","51.68182","-0.13694","IO91WQ","BED","Middlesex","EN2 8AN","","","🗺️"
"UKBOTA","223","B/G-0537","ROC Post Bowes Park","ROC Bunker","51.59699","-0.12367","IO91WO","BED","Middlesex","N22 7BD","","","🗺️"
"UKBOTA","223","B/G-0538","ROC Post Dulwich Master Post","ROC Bunker","51.43750","-0.07487","IO91XK","HOR","Surrey","SE21 7LH","true","","🗺️"
"UKBOTA","223","B/G-0539","ROC Post Stratford","ROC Bunker","51.52295","0.03950","JO01AM","COL","Essex","E13 9PD","","","🗺️"
"UKBOTA","223","B/G-0540","ROC Post Melton Constable","ROC Bunker","52.89890","1.03326","JO02MV","NOR","Norfolk","NR25 7JJ","","","🗺️"
"UKBOTA","223","B/G-0541","ROC Post Cley-next-the-Sea","ROC Bunker","52.95430","1.06748","JO02MW","NOR","Norfolk","NR25 7SA","","","🗺️"
"UKBOTA","223","B/G-0542","ROC Post West Walton","ROC Bunker","52.70479","0.18890","JO02CQ","NOR","Norfolk","PE14 7EF","","","🗺️"
"UKBOTA","223","B/G-0543","ROC Post Upwell Master Post","ROC Bunker","52.59676","0.22013","JO02CO","NOR","Norfolk","PE14 9HS","true","","🗺️"
"UKBOTA","223","B/G-0544","ROC Post Wiggenhall St Germans","ROC Bunker","52.68977","0.33524","JO02EQ","NOR","Norfolk","PE34 3EW","","","🗺️"
"UKBOTA","223","B/G-0545","ROC Post Downham Market","ROC Bunker","52.60570","0.36237","JO02EO","NOR","Norfolk","PE38 9XY","","","🗺️"
"UKBOTA","223","B/G-0546","ROC Post King's Lynn","ROC Bunker","52.77846","0.37468","JO02ES","NOR","Norfolk","PE30 2JF","","","🗺️"
"UKBOTA","223","B/G-0547","ROC Post Middleton Master Post","ROC Bunker","52.71560","0.47595","JO02FR","NOR","Norfolk","PE32 1EB","true","","🗺️"
"UKBOTA","223","B/G-0548","ROC Post Hunstanton","ROC Bunker","52.94930","0.49285","JO02FW","NOR","Norfolk","PE36 6EL","","","🗺️"
"UKBOTA","223","B/G-0549","ROC Post Dersingham","ROC Bunker","52.85710","0.51594","JO02GU","NOR","Norfolk","PE31 6NF","","","🗺️"
"UKBOTA","223","B/G-0550","ROC Post Stoke Ferry","ROC Bunker","52.57650","0.50559","JO02GN","NOR","Norfolk","PE33 9SS","","","🗺️"
"UKBOTA","223","B/G-0551","ROC Post Narborough","ROC Bunker","52.63534","0.57133","JO02GP","NOR","Norfolk","PE37 8BH","","","🗺️"
"UKBOTA","223","B/G-0552","ROC Post Docking","ROC Bunker","52.90082","0.60650","JO02HV","NOR","Norfolk","PE31 8GR","","","🗺️"
"UKBOTA","223","B/G-0553","ROC Post Brancaster","ROC Bunker","52.95417","0.63770","JO02HW","NOR","Norfolk","PE31 8DT","","","🗺️"
"UKBOTA","223","B/G-0554","ROC Post Swaffham","ROC Bunker","52.67000","0.69081","JO02IQ","NOR","Norfolk","PE37 7HY","","","🗺️"
"UKBOTA","223","B/G-0555","ROC Post South Creake","ROC Bunker","52.88124","0.74921","JO02IV","NOR","Norfolk","NR21 9LZ","","","🗺️"
"UKBOTA","223","B/G-0556","ROC Post West Raynham","ROC Bunker","52.78759","0.75072","JO02JS","NOR","Norfolk","NR21 7JT","","","🗺️"
"UKBOTA","223","B/G-0557","ROC Post Wells-next-the-Sea","ROC Bunker","52.94196","0.85101","JO02KW","NOR","Norfolk","NR23 1FH","","","🗺️"
"UKBOTA","223","B/G-0558","ROC Post Watton","ROC Bunker","52.59939","0.84554","JO02KO","NOR","Norfolk","IP25 6SB","","","🗺️"
"UKBOTA","223","B/G-0559","ROC Post Gressenhall Master Post","ROC Bunker","52.73141","0.88983","JO02KR","NOR","Norfolk","NR20 4HL","true","","🗺️"
"UKBOTA","223","B/G-0560","ROC Post Fakenham","ROC Bunker","52.82544","0.90201","JO02KT","NOR","Norfolk","NR21 0LL","","","🗺️"
"UKBOTA","223","B/G-0561","ROC Post East Dereham","ROC Bunker","52.64630","0.95356","JO02LP","NOR","Norfolk","NR19 1QR","","","🗺️"
"UKBOTA","223","B/G-0562","ROC Post Guist","ROC Bunker","52.80599","0.97239","JO02LT","NOR","Norfolk","NR20 5AX","","","🗺️"
"UKBOTA","223","B/G-0563","ROC Post Hingham","ROC Bunker","52.57697","1.00690","JO02MN","NOR","Norfolk","NR9 4LR","","","🗺️"
"UKBOTA","223","B/G-0564","ROC Post Reepham","ROC Bunker","52.72821","1.08811","JO02NR","NOR","Norfolk","NR9 5QS","","","🗺️"
"UKBOTA","223","B/G-0565","ROC Post Honingham","ROC Bunker","52.64916","1.09156","JO02NP","NOR","Norfolk","NR20 3NE","","","🗺️"
"UKBOTA","223","B/G-0566","ROC Post Saxthorpe","ROC Bunker","52.81817","1.13828","JO02NT","NOR","Norfolk","NR11 6QE","","","🗺️"
"UKBOTA","223","B/G-0567","ROC Post West Beckham Master Post","ROC Bunker","52.90398","1.18137","JO02OV","NOR","Norfolk","NR25 6PL","true","","🗺️"
"UKBOTA","223","B/G-0568","ROC Post Aylsham","ROC Bunker","52.78114","1.24107","JO02OS","NOR","Norfolk","NR11 6UE","","","🗺️"
"UKBOTA","223","B/G-0569","ROC Post Hellesdon","ROC Bunker","52.65374","1.25278","JO02PP","NOR","Norfolk","NR6 5AF","","","🗺️"
"UKBOTA","223","B/G-0570","ROC Post Cromer","ROC Bunker","52.92498","1.31788","JO02PW","NOR","Norfolk","NR27 0DJ","","","🗺️"
"UKBOTA","223","B/G-0571","ROC Post North Walsham","ROC Bunker","52.84345","1.33231","JO02PU","NOR","Norfolk","NR28 0NJ","","","🗺️"
"UKBOTA","223","B/G-0572","ROC Post Framingham Earl","ROC Bunker","52.57302","1.31942","JO02PN","NOR","Norfolk","NR14 8XQ","","","🗺️"
"UKBOTA","223","B/G-0573","ROC Post Coltishall[3]","ROC Bunker","52.71966","1.34655","JO02QR","NOR","Norfolk","NR12 7EH","","","🗺️"
"UKBOTA","223","B/G-0574","ROC Post Mundesley","ROC Bunker","52.87866","1.41915","JO02RV","NOR","Norfolk","NR11 8ES","","","🗺️"
"UKBOTA","223","B/G-0575","ROC Post Brundall Master Post","ROC Bunker","52.62159","1.46054","JO02RO","NOR","Norfolk","NR13 4JA","true","","🗺️"
"UKBOTA","223","B/G-0576","ROC Post Walcott","ROC Bunker","52.83092","1.52335","JO02ST","NOR","Norfolk","NR12 0QY","","","🗺️"
"UKBOTA","223","B/G-0577","ROC Post Stalham","ROC Bunker","52.77085","1.54400","JO02SS","NOR","Norfolk","NR12 9SD","","","🗺️"
"UKBOTA","223","B/G-0578","ROC Post Freethorpe","ROC Bunker","52.59312","1.56212","JO02SO","NOR","Norfolk","NR13 3PE","","","🗺️"
"UKBOTA","223","B/G-0579","ROC Post Martham","ROC Bunker","52.69313","1.59217","JO02TQ","NOR","Norfolk","NR29 4RB","","","🗺️"
"UKBOTA","223","B/G-0580","ROC Post Fleggburgh Master Post","ROC Bunker","52.64277","1.63314","JO02TP","NOR","Norfolk","NR29 3EF","true","","🗺️"
"UKBOTA","223","B/G-0581","ROC Post Winterton Ness","ROC Bunker","52.71587","1.69772","JO02UR","NOR","Norfolk","NR29 4DD","","","🗺️"
"UKBOTA","223","B/G-0582","ROC Post Caister","ROC Bunker","52.64456","1.70294","JO02UP","NOR","Norfolk","NR30 5SY","","","🗺️"
"UKBOTA","223","B/G-0583","ROC Post Southery","ROC Bunker","52.52527","0.38238","JO02EM","NOR","Norfolk","PE38 0PL","","","🗺️"
"UKBOTA","223","B/G-0584","ROC Post Mundford","ROC Bunker","52.52436","0.66155","JO02HM","NOR","Norfolk","IP26 5HX","","","🗺️"
"UKBOTA","223","B/G-0585","ROC Post Thetford","ROC Bunker","52.43477","0.74134","JO02IK","NOR","Norfolk","IP24 1HB","","","🗺️"
"UKBOTA","223","B/G-0586","ROC Post Great Hockham","ROC Bunker","52.49981","0.88021","JO02KL","NOR","Norfolk","IP24 1PG","","","🗺️"
"UKBOTA","223","B/G-0587","ROC Post Garboldisham Master Post","ROC Bunker","52.39532","0.95984","JO02LJ","NOR","Norfolk","IP22 2SP","true","","🗺️"
"UKBOTA","223","B/G-0588","ROC Post New Buckenham","ROC Bunker","52.47423","1.08516","JO02NL","NOR","Norfolk","NR16 2BH","","","🗺️"
"UKBOTA","223","B/G-0589","ROC Post Diss Master Post","ROC Bunker","52.38483","1.10567","JO02NJ","NOR","Norfolk","IP22 4GJ","true","","🗺️"
"UKBOTA","223","B/G-0590","ROC Post Wymondham","ROC Bunker","52.54535","1.13352","JO02NN","NOR","Norfolk","NR18 9NU","","","🗺️"
"UKBOTA","223","B/G-0591","ROC Post Long Stratton","ROC Bunker","52.48217","1.24186","JO02OL","NOR","Norfolk","NR15 2RP","","","🗺️"
"UKBOTA","223","B/G-0592","ROC Post Harleston (Norfolk)","ROC Bunker","52.39507","1.31472","JO02PJ","NOR","Norfolk","IP20 9FT","","","🗺️"
"UKBOTA","223","B/G-0593","ROC Post Loddon","ROC Bunker","52.53054","1.49216","JO02RM","NOR","Norfolk","NR14 6JL","","","🗺️"
"UKBOTA","223","B/G-0594","ROC Post Aldeby","ROC Bunker","52.48240","1.58292","JO02SL","NOR","Norfolk","NR34 0AH","","","🗺️"
"UKBOTA","223","B/G-0595","ROC Post Duddington Master Post","ROC Bunker","52.59449","-0.53519","IO92RO","BED","Northamptonshire","PE9 3QH","true","","🗺️"
"UKBOTA","223","B/G-0596","ROC Post Chipping Warden","ROC Bunker","52.16289","-1.26300","IO92ID","COV","Northamptonshire","NN11 6UA","","","🗺️"
"UKBOTA","223","B/G-0597","ROC Post Crick","ROC Bunker","52.35381","-1.15117","IO92KI","COV","Northamptonshire","NN6 7XR","","","🗺️"
"UKBOTA","223","B/G-0598","ROC Post Brackley","ROC Bunker","52.03140","-1.14986","IO92KA","OXF","Northamptonshire","NN13 6EN","","","🗺️"
"UKBOTA","223","B/G-0599","ROC Post Daventry","ROC Bunker","52.25790","-1.14026","IO92KG","COV","Northamptonshire","NN11 4SN","","","🗺️"
"UKBOTA","223","B/G-0600","ROC Post Blakesley","ROC Bunker","52.15886","-1.08574","IO92KD","BED","Northamptonshire","NN12 8HW","","","🗺️"
"UKBOTA","223","B/G-0601","ROC Post East Haddon","ROC Bunker","52.30485","-1.01601","IO92LH","BED","Northamptonshire","NN6 8DX","","","🗺️"
"UKBOTA","223","B/G-0602","ROC Post Clipston","ROC Bunker","52.43759","-0.96818","IO92MK","BED","Northamptonshire","LE16 9RE","","","🗺️"
"UKBOTA","223","B/G-0603","ROC Post Duston","ROC Bunker","52.23746","-0.95760","IO92MF","BED","Northamptonshire","NN5 4UU","","","🗺️"
"UKBOTA","223","B/G-0604","ROC Post Roade","ROC Bunker","52.15724","-0.90539","IO92ND","BED","Northamptonshire","NN7 2ND","","","🗺️"
"UKBOTA","223","B/G-0605","ROC Post Brixworth Master Post","ROC Bunker","52.33216","-0.89154","IO92NH","BED","Northamptonshire","NN6 9YE","true","","🗺️"
"UKBOTA","223","B/G-0606","ROC Post Sutton Bassett","ROC Bunker","52.50795","-0.85721","IO92NM","BED","Northamptonshire","LE16 8HP","","","🗺️"
"UKBOTA","223","B/G-0607","ROC Post Cogenhoe","ROC Bunker","52.20750","-0.80391","IO92OE","BED","Northamptonshire","NN7 2BA","","","🗺️"
"UKBOTA","223","B/G-0608","ROC Post East Carlton","ROC Bunker","52.48983","-0.77167","IO92OL","BED","Northamptonshire","LE16 8YD","","","🗺️"
"UKBOTA","223","B/G-0609","ROC Post Corby","ROC Bunker","52.49802","-0.74684","IO92PL","BED","Northamptonshire","LE16 8TW","","","🗺️"
"UKBOTA","223","B/G-0610","ROC Post Kettering","ROC Bunker","52.36836","-0.73641","IO92PI","BED","Northamptonshire","NN14 1EW","","","🗺️"
"UKBOTA","223","B/G-0611","ROC Post Earls Barton","ROC Bunker","52.27366","-0.72562","IO92PG","BED","Northamptonshire","NN29 7TZ","","","🗺️"
"UKBOTA","223","B/G-0612","ROC Post Benefield","ROC Bunker","52.49865","-0.58669","IO92QL","BED","Northamptonshire","PE8 5AS","","","🗺️"
"UKBOTA","223","B/G-0613","ROC Post Raunds","ROC Bunker","52.35857","-0.54975","IO92RI","BED","Northamptonshire","NN14 4ER","","","🗺️"
"UKBOTA","223","B/G-0614","ROC Post Wansford","ROC Bunker","52.56638","-0.40525","IO92TN","BED","Huntingdonshire","PE8 6JU","","","🗺️"
"UKBOTA","223","B/G-0615","ROC Post Oundle","ROC Bunker","52.46258","-0.40150","IO92TL","BED","Northamptonshire","PE8 5QE","","","🗺️"
"UKBOTA","223","B/G-0616","ROC Post Castor","ROC Bunker","52.58057","-0.32592","IO92UN","BED","Northamptonshire","PE6 7AG","","","🗺️"
"UKBOTA","223","B/G-0617","ROC Post Byrness","ROC Bunker","55.32175","-2.34477","IO85TH","DUR","Northumberland","NE19 1TR","","","🗺️"
"UKBOTA","223","B/G-0618","ROC Post Norham-on-Tweed","ROC Bunker","55.70969","-2.14989","IO85WR","EDI","Northumberland","TD15 2NL","","","🗺️"
"UKBOTA","223","B/G-0619","ROC Post Milfield","ROC Bunker","55.60469","-2.11203","IO85WO","DUR","Northumberland","NE71 6JE","","","🗺️"
"UKBOTA","223","B/G-0620","ROC Post Harbottle","ROC Bunker","55.34574","-2.10183","IO85WI","DUR","Northumberland","NE65 7BD","","","🗺️"
"UKBOTA","223","B/G-0621","ROC Post Hart Heugh","ROC Bunker","55.52109","-2.02468","IO85XM","DUR","Northumberland","NE71 6RD","","","🗺️"
"UKBOTA","223","B/G-0622","ROC Post Whittingham","ROC Bunker","55.39703","-1.88424","IO95BJ","DUR","Northumberland","NE66 4RJ","","","🗺️"
"UKBOTA","223","B/G-0623","ROC Post Fenham Hill","ROC Bunker","55.67935","-1.88087","IO95BQ","DUR","Northumberland","TD15 2PB","","","🗺️"
"UKBOTA","223","B/G-0624","ROC Post Bamburgh Master Post","ROC Bunker","55.60797","-1.73854","IO95DO","DUR","Northumberland","NE69 7AQ","true","","🗺️"
"UKBOTA","223","B/G-0625","ROC Post Shilbottle Master Post","ROC Bunker","55.36653","-1.70022","IO95DI","DUR","Northumberland","NE66 2XY","true","","🗺️"
"UKBOTA","223","B/G-0626","ROC Post Embleton Master Post","ROC Bunker","55.49523","-1.64321","IO95EL","DUR","Northumberland","NE66 3XJ","true","","🗺️"
"UKBOTA","223","B/G-0627","ROC Post Longhoughton","ROC Bunker","55.43298","-1.59257","IO95EK","DUR","Northumberland","NE66 3AL","","","🗺️"
"UKBOTA","223","B/G-0628","ROC Post Redrow","ROC Bunker","55.29697","-1.57633","IO95FH","DUR","Northumberland","NE61 5BX","","","🗺️"
"UKBOTA","223","B/G-0629","ROC Post Kielder","ROC Bunker","55.21958","-2.58155","IO85RF","CAR","Northumberland","NE48 1HD","","","🗺️"
"UKBOTA","223","B/G-0630","ROC Post Gilsland","ROC Bunker","54.98701","-2.56536","IO84RX","CAR","Northumberland","CA8 7EH","","","🗺️"
"UKBOTA","223","B/G-0631","ROC Post Whitfield","ROC Bunker","54.91243","-2.34610","IO84TV","CAR","Northumberland","NE47 8JG","","","🗺️"
"UKBOTA","223","B/G-0632","ROC Post Haydon Bridge","ROC Bunker","54.98815","-2.25345","IO84UX","CAR","Northumberland","NE47 6HR","","","🗺️"
"UKBOTA","223","B/G-0633","ROC Post Bellingham Master Post","ROC Bunker","55.14839","-2.24144","IO85VD","CAR","Northumberland","NE48 2EE","true","","🗺️"
"UKBOTA","223","B/G-0634","ROC Post Otterburn Master Post","ROC Bunker","55.24946","-2.14406","IO85WF","DUR","Northumberland","NE19 1AH","true","","🗺️"
"UKBOTA","223","B/G-0635","ROC Post Slaley","ROC Bunker","54.91651","-2.04490","IO84XV","CAR","Northumberland","NE47 0AD","","","🗺️"
"UKBOTA","223","B/G-0636","ROC Post Great Whittington","ROC Bunker","55.03748","-1.98886","IO95AA","DUR","Northumberland","NE19 2HY","","","🗺️"
"UKBOTA","223","B/G-0637","ROC Post Prudhoe","ROC Bunker","54.95553","-1.85819","IO94BW","DUR","Northumberland","NE42 6JJ","","","🗺️"
"UKBOTA","223","B/G-0638","ROC Post Hartburn","ROC Bunker","55.16435","-1.84693","IO95BD","DUR","Northumberland","NE61 3SP","","","🗺️"
"UKBOTA","223","B/G-0639","ROC Post Longhorsley","ROC Bunker","55.24287","-1.77853","IO95CF","DUR","Northumberland","NE65 8UX","","","🗺️"
"UKBOTA","223","B/G-0640","ROC Post Ponteland","ROC Bunker","55.02016","-1.75755","IO95CA","DUR","Northumberland","NE15 9RD","","","🗺️"
"UKBOTA","223","B/G-0641","ROC Post Stannington Master Post","ROC Bunker","55.11503","-1.66856","IO95DC","DUR","Northumberland","NE61 6EE","true","","🗺️"
"UKBOTA","223","B/G-0642","ROC Post Kenton","ROC Bunker","55.00143","-1.66558","IO95EA","DUR","Northumberland","NE3 3ED","","","🗺️"
"UKBOTA","223","B/G-0643","ROC Post Ellington","ROC Bunker","55.22608","-1.55271","IO95FF","DUR","Northumberland","NE61 5BS","","","🗺️"
"UKBOTA","223","B/G-0644","ROC Post Blyth Master Post","ROC Bunker","55.09988","-1.49692","IO95GC","DUR","Northumberland","NE24 3PH","true","","🗺️"
"UKBOTA","223","B/G-0645","ROC Post Whitley Bay","ROC Bunker","55.03471","-1.45143","IO95GA","DUR","Northumberland","NE30 3HU","","","🗺️"
"UKBOTA","223","B/G-0648","ROC Post Pleasley Hill","ROC Bunker","53.17456","-1.24069","IO93JE","COV","Nottinghamshire","NG19 7RU","","","🗺️"
"UKBOTA","223","B/G-0649","ROC Post Hucknall","ROC Bunker","53.03653","-1.23358","IO93JA","COV","Nottinghamshire","NG15 6QB","","","🗺️"
"UKBOTA","223","B/G-0650","ROC Post Clifton","ROC Bunker","52.89768","-1.19916","IO92JV","COV","Nottinghamshire","NG11 8ES","","","🗺️"
"UKBOTA","223","B/G-0651","ROC Post Edwinstowe","ROC Bunker","53.17791","-1.06782","IO93LE","COV","Nottinghamshire","NG21 9JF","","","🗺️"
"UKBOTA","223","B/G-0652","ROC Post Cotgrave","ROC Bunker","52.89993","-1.06413","IO92LV","COV","Nottinghamshire","NG12 5PA","","","🗺️"
"UKBOTA","223","B/G-0653","ROC Post Blyth","ROC Bunker","53.36787","-1.04745","IO93LI","LIN","Nottinghamshire","S81 8DU","","","🗺️"
"UKBOTA","223","B/G-0654","ROC Post Farnsfield","ROC Bunker","53.11972","-1.05174","IO93LC","COV","Nottinghamshire","NG22 8BP","","","🗺️"
"UKBOTA","223","B/G-0655","ROC Post Burton Joyce Master Post","ROC Bunker","52.99694","-1.04296","IO92LX","COV","Nottinghamshire","NG14 5FP","true","","🗺️"
"UKBOTA","223","B/G-0656","ROC Post East Markham","ROC Bunker","53.25471","-0.91176","IO93NG","LIN","Nottinghamshire","NG22 0PJ","","","🗺️"
"UKBOTA","223","B/G-0657","ROC Post Clarborough","ROC Bunker","53.33926","-0.87822","IO93NI","LIN","Nottinghamshire","DN22 9NE","","","🗺️"
"UKBOTA","223","B/G-0658","ROC Post Newark-on-Trent Master Post","ROC Bunker","53.10611","-0.87294","IO93NC","LIN","Nottinghamshire","NG23 6BE","true","","🗺️"
"UKBOTA","223","B/G-0659","ROC Post Wiseton","ROC Bunker","53.41670","-0.86429","IO93NK","LIN","Nottinghamshire","DN10 4NB","","","🗺️"
"UKBOTA","223","B/G-0660","ROC Post Collingham","ROC Bunker","53.15647","-0.74809","IO93PD","LIN","Nottinghamshire","NG23 7NU","","","🗺️"
"UKBOTA","223","B/G-0661","ROC Post Carterton","ROC Bunker","51.76310","-1.63756","IO91ES","OXF","Oxfordshire","OX18 4AP","","","🗺️"
"UKBOTA","223","B/G-0662","ROC Post Shipton-under-Wychwood","ROC Bunker","51.87172","-1.58440","IO91EU","OXF","Oxfordshire","OX7 6BJ","","","🗺️"
"UKBOTA","223","B/G-0663","ROC Post Hailey","ROC Bunker","51.81428","-1.49688","IO91GT","OXF","Oxfordshire","OX29 9XH","","","🗺️"
"UKBOTA","223","B/G-0664","ROC Post Enstone","ROC Bunker","51.91176","-1.45930","IO91GV","OXF","Oxfordshire","OX7 4HH","","","🗺️"
"UKBOTA","223","B/G-0665","ROC Post Swalcliffe","ROC Bunker","52.03825","-1.45748","IO92GA","OXF","Oxfordshire","OX15 5ER","","","🗺️"
"UKBOTA","223","B/G-0666","ROC Post Bloxham","ROC Bunker","52.00531","-1.34352","IO92HA","OXF","Oxfordshire","OX15 4HF","","","🗺️"
"UKBOTA","223","B/G-0667","ROC Post Boars Hill Master Post","ROC Bunker","51.72236","-1.29768","IO91IR","OXF","Berkshire","OX1 5EU","true","","🗺️"
"UKBOTA","223","B/G-0668","ROC Post Kidlington","ROC Bunker","51.81485","-1.27797","IO91IT","OXF","Oxfordshire","OX5 2NX","","","🗺️"
"UKBOTA","223","B/G-0669","ROC Post Middleton Stoney","ROC Bunker","51.90957","-1.21380","IO91JV","OXF","Oxfordshire","OX25 4TA","","","🗺️"
"UKBOTA","223","B/G-0670","ROC Post Brill","ROC Bunker","51.83103","-1.07237","IO91LT","OXF","Oxfordshire","HP18 9XD","","","🗺️"
"UKBOTA","223","B/G-0671","ROC Post Thame","ROC Bunker","51.74735","-0.95762","IO91MR","OXF","Oxfordshire","OX9 3JL","","","🗺️"
"UKBOTA","223","B/G-0672","ROC Post Culham","ROC Bunker","51.65093","-1.26135","IO91IP","OXF","Oxfordshire","OX14 4NE","","","🗺️"
"UKBOTA","223","B/G-0673","ROC Post Stadhampton","ROC Bunker","51.67540","-1.09623","IO91KQ","OXF","Oxfordshire","OX44 7DL","","","🗺️"
"UKBOTA","223","B/G-0674","ROC Post Checkendon","ROC Bunker","51.57044","-1.03598","IO91LN","OXF","Oxfordshire","RG9 5TD","","","🗺️"
"UKBOTA","223","B/G-0675","ROC Post Watlington Master Post","ROC Bunker","51.63646","-0.97519","IO91MP","OXF","Oxfordshire","OX49 5HS","true","","🗺️"
"UKBOTA","223","B/G-0676","ROC Post Shiplake","ROC Bunker","51.49423","-0.90679","IO91NL","WIN","Oxfordshire","RG9 4BX","","","🗺️"
"UKBOTA","223","B/G-0677","ROC Post Empingham","ROC Bunker","52.67459","-0.60202","IO92QQ","BED","Rutland","LE15 8QA","","","🗺️"
"UKBOTA","223","B/G-0678","ROC Post Uppingham","ROC Bunker","52.58253","-0.74650","IO92PN","BED","Rutland","LE15 9HJ","","","🗺️"
"UKBOTA","223","B/G-0679","ROC Post Oswestry","ROC Bunker","52.86188","-3.04607","IO82LU","NWA","Shropshire","SY11 2LZ","","","🗺️"
"UKBOTA","223","B/G-0680","ROC Post Minsterley","ROC Bunker","52.64251","-2.92969","IO82MP","SHR","Shropshire","SY5 0AF","","","🗺️"
"UKBOTA","223","B/G-0681","ROC Post Nesscliffe","ROC Bunker","52.76234","-2.90764","IO82NS","SHR","Shropshire","SY4 1DN","","","🗺️"
"UKBOTA","223","B/G-0682","ROC Post Cockshutt","ROC Bunker","52.85414","-2.84451","IO82NU","SHR","Shropshire","SY12 0JQ","","","🗺️"
"UKBOTA","223","B/G-0683","ROC Post Bomere Heath Master Post","ROC Bunker","52.77566","-2.76501","IO82OS","SHR","Shropshire","SY4 3LX","true","","🗺️"
"UKBOTA","223","B/G-0684","ROC Post Upton Magna Master Post","ROC Bunker","52.70855","-2.66852","IO82PR","SHR","Shropshire","SY4 4TS","true","","🗺️"
"UKBOTA","223","B/G-0685","ROC Post Whitchurch - Shropshire","ROC Bunker","52.97404","-2.66368","IO82QX","SHR","Shropshire","SY13 1PG","","","🗺️"
"UKBOTA","223","B/G-0686","ROC Post Prees","ROC Bunker","52.89354","-2.65546","IO82QV","SHR","Shropshire","SY13 2EP","","","🗺️"
"UKBOTA","223","B/G-0687","ROC Post Great Bolas","ROC Bunker","52.78575","-2.55004","IO82RS","SHR","Shropshire","TF6 6PZ","","","🗺️"
"UKBOTA","223","B/G-0688","ROC Post Market Drayton Master Post","ROC Bunker","52.90793","-2.50669","IO82RV","SHR","Shropshire","TF9 3UN","true","","🗺️"
"UKBOTA","223","B/G-0689","ROC Post Oakengates","ROC Bunker","52.68807","-2.45487","IO82SQ","SHR","Shropshire","TF2 0EZ","","","🗺️"
"UKBOTA","223","B/G-0690","ROC Post Sambrook","ROC Bunker","52.81593","-2.42535","IO82ST","SHR","Shropshire","TF10 8BW","","","🗺️"
"UKBOTA","223","B/G-0691","ROC Post Dorrington","ROC Bunker","52.62217","-2.38003","IO82TO","SHR","Shropshire","TF11 9NT","","","🗺️"
"UKBOTA","223","B/G-0692","ROC Post Boscobel","ROC Bunker","52.67762","-2.25258","IO82UQ","SHR","Shropshire","ST19 9AP","","","🗺️"
"UKBOTA","223","B/G-0693","ROC Post Lydbury North","ROC Bunker","52.46781","-2.94337","IO82ML","SHR","Shropshire","SY7 8AP","","","🗺️"
"UKBOTA","223","B/G-0694","ROC Post Craven Arms","ROC Bunker","52.44745","-2.85466","IO82NK","SHR","Shropshire","SY7 9AG","","","🗺️"
"UKBOTA","223","B/G-0695","ROC Post Church Stretton","ROC Bunker","52.53132","-2.79039","IO82OM","SHR","Shropshire","SY6 7AP","","","🗺️"
"UKBOTA","223","B/G-0696","ROC Post Ludlow Master Post","ROC Bunker","52.36503","-2.72985","IO82PI","SHR","Shropshire","SY8 2LN","true","","🗺️"
"UKBOTA","223","B/G-0697","ROC Post Tenbury Wells","ROC Bunker","52.32015","-2.60587","IO82QH","SHR","Shropshire","WR15 8HJ","","","🗺️"
"UKBOTA","223","B/G-0698","ROC Post Ditton Priors","ROC Bunker","52.49972","-2.58182","IO82RL","SHR","Shropshire","WV16 6SP","","","🗺️"
"UKBOTA","223","B/G-0699","ROC Post Much Wenlock","ROC Bunker","52.58374","-2.57127","IO82RO","SHR","Shropshire","TF13 6QB","","","🗺️"
"UKBOTA","223","B/G-0700","ROC Post Stottesdon","ROC Bunker","52.44063","-2.46600","IO82SK","SHR","Shropshire","DY14 8UQ","","","🗺️"
"UKBOTA","223","B/G-0701","ROC Post Bridgnorth","ROC Bunker","52.53583","-2.39270","IO82TM","SHR","Shropshire","WV15 5HW","","","🗺️"
"UKBOTA","223","B/G-0702","ROC Post Pattingham","ROC Bunker","52.57096","-2.27026","IO82UN","SHR","Shropshire","WV6 7EN","","","🗺️"
"UKBOTA","223","B/G-0704","ROC Post Exford Master Post","ROC Bunker","51.12932","-3.65884","IO81ED","YEO","Somerset","TA24 7ND","true","","🗺️"
"UKBOTA","223","B/G-0705","ROC Post Dulverton","ROC Bunker","51.03322","-3.59836","IO81EA","YEO","Somerset","TA22 9RZ","","","🗺️"
"UKBOTA","223","B/G-0706","ROC Post Dunster","ROC Bunker","51.19023","-3.42476","IO81GE","YEO","Somerset","TA24 6PL","","","🗺️"
"UKBOTA","223","B/G-0707","ROC Post Lydeard St. Lawrence","ROC Bunker","51.07459","-3.25134","IO81IB","YEO","Somerset","TA4 3PL","","","🗺️"
"UKBOTA","223","B/G-0708","ROC Post Wellington","ROC Bunker","51.00354","-3.20981","IO81JA","YEO","Somerset","TA21 0DA","","","🗺️"
"UKBOTA","223","B/G-0709","ROC Post Holford","ROC Bunker","51.17881","-3.20037","IO81JE","YEO","Somerset","TA5 1SS","","","🗺️"
"UKBOTA","223","B/G-0710","ROC Post Kingston St. Mary Master Post","ROC Bunker","51.06768","-3.09787","IO81KB","YEO","Somerset","TA2 8HS","true","","🗺️"
"UKBOTA","223","B/G-0711","ROC Post Puriton","ROC Bunker","51.18245","-3.01518","IO81LE","YEO","Somerset","TA6 4SL","","","🗺️"
"UKBOTA","223","B/G-0712","ROC Post Chard Master Post","ROC Bunker","50.87752","-2.98367","IO80MV","YEO","Somerset","TA20 3PS","true","","🗺️"
"UKBOTA","223","B/G-0713","ROC Post Hatch Beauchamp","ROC Bunker","50.99102","-2.98179","IO80MX","YEO","Somerset","TA3 6AW","","","🗺️"
"UKBOTA","223","B/G-0714","ROC Post Bleadon","ROC Bunker","51.31642","-2.94094","IO81MH","BRI","Somerset","BS24 0AD","","","🗺️"
"UKBOTA","223","B/G-0715","ROC Post Chilton Polden","ROC Bunker","51.13950","-2.87830","IO81ND","YEO","Somerset","TA7 9FB","","","🗺️"
"UKBOTA","223","B/G-0716","ROC Post Clevedon","ROC Bunker","51.44343","-2.85376","IO81NK","BRI","Somerset","BS21 7HN","","","🗺️"
"UKBOTA","223","B/G-0717","ROC Post Langport","ROC Bunker","51.05207","-2.83256","IO81OB","YEO","Somerset","TA10 0QG","","","🗺️"
"UKBOTA","223","B/G-0718","ROC Post Crewkerne","ROC Bunker","50.86085","-2.81267","IO80OU","YEO","Somerset","TA18 8PL","","","🗺️"
"UKBOTA","223","B/G-0719","ROC Post Portishead","ROC Bunker","51.47890","-2.79582","IO81OL","BRI","Somerset","BS20 8DF","","","🗺️"
"UKBOTA","223","B/G-0720","ROC Post Stoke-under-Ham also known as Hamhill","ROC Bunker","50.95240","-2.74436","IO80PW","YEO","Somerset","TA14 6PT","","","🗺️"
"UKBOTA","223","B/G-0721","ROC Post Glastonbury","ROC Bunker","51.14035","-2.72737","IO81PD","YEO","Somerset","BA6 8AB","","","🗺️"
"UKBOTA","223","B/G-0722","ROC Post Westbury-sub-Mendip","ROC Bunker","51.25416","-2.71770","IO81PG","YEO","Somerset","BA5 1JH","","","🗺️"
"UKBOTA","223","B/G-0723","ROC Post Long Ashton","ROC Bunker","51.42146","-2.66423","IO81QK","BRI","Somerset","BS48 3EG","","","🗺️"
"UKBOTA","223","B/G-0724","ROC Post West Harptree","ROC Bunker","51.30228","-2.65419","IO81QH","BRI","Somerset","BS40 6EJ","","","🗺️"
"UKBOTA","223","B/G-0725","ROC Post Marston Magna","ROC Bunker","51.02722","-2.58572","IO81QA","YEO","Somerset","BA22 7PH","","","🗺️"
"UKBOTA","223","B/G-0726","ROC Post Shepton Mallett Master Post","ROC Bunker","51.18269","-2.56823","IO81RE","YEO","Somerset","BA4 4FJ","true","","🗺️"
"UKBOTA","223","B/G-0727","ROC Post Clutton Master Post","ROC Bunker","51.33814","-2.51445","IO81RI","BRI","Somerset","BA2 0HL","true","","🗺️"
"UKBOTA","223","B/G-0728","ROC Post Keynsham","ROC Bunker","51.39080","-2.47925","IO81SJ","BRI","Somerset","BS31 2TD","","","🗺️"
"UKBOTA","223","B/G-0729","ROC Post Bruton","ROC Bunker","51.10829","-2.45290","IO81SC","YEO","Somerset","BA10 0NS","","","🗺️"
"UKBOTA","223","B/G-0730","ROC Post Radstock","ROC Bunker","51.28743","-2.44749","IO81SG","YEO","Somerset","BA3 3QJ","","","🗺️"
"UKBOTA","223","B/G-0731","ROC Post Templecombe","ROC Bunker","50.99328","-2.42827","IO80SX","YEO","Somerset","BA8 0PG","","","🗺️"
"UKBOTA","223","B/G-0732","ROC Post Frome","ROC Bunker","51.23555","-2.33913","IO81TF","YEO","Somerset","BA11 3ND","","","🗺️"
"UKBOTA","223","B/G-0735","ROC Post Silverdale Master Post","ROC Bunker","53.02644","-2.27862","IO83UA","SHR","Staffordshire","ST7 8BS","true","","🗺️"
"UKBOTA","223","B/G-0736","ROC Post Standon Master Post","ROC Bunker","52.90672","-2.27205","IO82UV","SHR","Staffordshire","ST21 6QS","true","","🗺️"
"UKBOTA","223","B/G-0737","ROC Post Gnosall","ROC Bunker","52.78697","-2.23646","IO82VS","SHR","Staffordshire","ST20 0LU","","","🗺️"
"UKBOTA","223","B/G-0738","ROC Post Endon","ROC Bunker","53.08485","-2.13866","IO83WC","SHR","Staffordshire","ST6 8SZ","","","🗺️"
"UKBOTA","223","B/G-0739","ROC Post Longton - Staffordshire","ROC Bunker","52.99778","-2.10575","IO82WX","SHR","Staffordshire","ST3 5HJ","","","🗺️"
"UKBOTA","223","B/G-0740","ROC Post Rushton Spencer","ROC Bunker","53.16544","-2.09060","IO83WD","SHR","Staffordshire","SK11 0RR","","","🗺️"
"UKBOTA","223","B/G-0741","ROC Post Cheslyn Hay Master Post","ROC Bunker","52.67060","-2.04728","IO82XQ","SHR","Staffordshire","WS11 0LT","true","","🗺️"
"UKBOTA","223","B/G-0742","ROC Post Weston-on-Trent","ROC Bunker","52.84860","-2.02921","IO82XU","SHR","Staffordshire","ST18 0HP","","","🗺️"
"UKBOTA","223","B/G-0743","ROC Post Walsall","ROC Bunker","52.59869","-2.02757","IO82XO","SHR","Staffordshire","WV12 4BD","","","🗺️"
"UKBOTA","223","B/G-0744","ROC Post Ipstones","ROC Bunker","53.04834","-1.97728","IO93AB","COV","Staffordshire","ST10 2JY","","","🗺️"
"UKBOTA","223","B/G-0745","ROC Post Rugeley","ROC Bunker","52.76631","-1.91044","IO92BS","COV","Staffordshire","WS15 3HJ","","","🗺️"
"UKBOTA","223","B/G-0746","ROC Post Shenstone","ROC Bunker","52.64496","-1.83118","IO92CP","COV","Staffordshire","WS14 0DW","","","🗺️"
"UKBOTA","223","B/G-0747","ROC Post Hoar Cross","ROC Bunker","52.80544","-1.78784","IO92CT","COV","Staffordshire","DE13 8RQ","","","🗺️"
"UKBOTA","223","B/G-0748","ROC Post Harlaston (Staffs) Master Post","ROC Bunker","52.68536","-1.71090","IO92DQ","COV","Staffordshire","B79 9BL","true","","🗺️"
"UKBOTA","223","B/G-0749","ROC Post Polesworth","ROC Bunker","52.61703","-1.64105","IO92EO","COV","Warwickshire","B77 4PR","","","🗺️"
"UKBOTA","223","B/G-0750","ROC Post Bobbington","ROC Bunker","52.51655","-2.27862","IO82UM","SHR","Staffordshire","DY7 5DX","","","🗺️"
"UKBOTA","223","B/G-0751","ROC Post Brierley Hill","ROC Bunker","52.50405","-2.12474","IO82WM","SHR","Staffordshire","DY5 4JH","","","🗺️"
"UKBOTA","223","B/G-0752","ROC Post Hopton","ROC Bunker","52.52967","1.73916","JO02UM","NOR","Suffolk","NR32 5LG","","","🗺️"
"UKBOTA","223","B/G-0753","ROC Post Haverhill","ROC Bunker","52.08867","0.44546","JO02FC","COL","Suffolk","CB9 0AA","","","🗺️"
"UKBOTA","223","B/G-0754","ROC Post Isleham","ROC Bunker","52.35088","0.48047","JO02FI","COL","Suffolk","IP28 8WA","","","🗺️"
"UKBOTA","223","B/G-0755","ROC Post Cheveley","ROC Bunker","52.23457","0.47794","JO02FF","COL","Suffolk","CB8 9FA","","","🗺️"
"UKBOTA","223","B/G-0756","ROC Post Kentford","ROC Bunker","52.26003","0.51160","JO02GG","COL","Suffolk","CB8 8RP","","","🗺️"
"UKBOTA","223","B/G-0757","ROC Post Lakenheath","ROC Bunker","52.41424","0.53726","JO02GJ","NOR","Suffolk","IP27 9EY","","","🗺️"
"UKBOTA","223","B/G-0758","ROC Post Wickhambrook Master Post","ROC Bunker","52.15761","0.55729","JO02GD","COL","Suffolk","CB8 8YJ","true","","🗺️"
"UKBOTA","223","B/G-0759","ROC Post Bury St. Edmunds","ROC Bunker","52.22984","0.67802","JO02IF","COL","Suffolk","IP29 5PJ","","","🗺️"
"UKBOTA","223","B/G-0760","ROC Post Hartest","ROC Bunker","52.13802","0.68953","JO02ID","COL","Suffolk","IP29 4JE","","","🗺️"
"UKBOTA","223","B/G-0761","ROC Post Culford","ROC Bunker","52.30452","0.71172","JO02IH","COL","Suffolk","IP31 1NW","","","🗺️"
"UKBOTA","223","B/G-0762","ROC Post Sudbury Master Post","ROC Bunker","52.05733","0.74938","JO02IB","COL","Suffolk","CO10 0UA","true","","🗺️"
"UKBOTA","223","B/G-0763","ROC Post Lavenham","ROC Bunker","52.10277","0.79803","JO02JC","COL","Suffolk","CO10 9TQ","","","🗺️"
"UKBOTA","223","B/G-0764","ROC Post Beyton","ROC Bunker","52.22842","0.84225","JO02KF","COL","Suffolk","IP30 9AQ","","","🗺️"
"UKBOTA","223","B/G-0765","ROC Post Honington - Suffolk","ROC Bunker","52.31966","0.85528","JO02KH","COL","Suffolk","IP31 1BD","","","🗺️"
"UKBOTA","223","B/G-0766","ROC Post Hadleigh","ROC Bunker","52.04353","0.96599","JO02LB","COL","Suffolk","IP7 5SX","","","🗺️"
"UKBOTA","223","B/G-0767","ROC Post Coombes","ROC Bunker","52.17359","0.98663","JO02LE","COL","Suffolk","IP14 2EJ","","","🗺️"
"UKBOTA","223","B/G-0768","ROC Post Botesdale","ROC Bunker","52.32816","1.01245","JO02MH","COL","Suffolk","IP22 1LL","","","🗺️"
"UKBOTA","223","B/G-0769","ROC Post Bacton Master Post","ROC Bunker","52.25943","1.02039","JO02MG","COL","Suffolk","IP14 4HP","true","","🗺️"
"UKBOTA","223","B/G-0770","ROC Post Claydon","ROC Bunker","52.10163","1.11559","JO02NC","COL","Suffolk","IP6 0DW","","","🗺️"
"UKBOTA","223","B/G-0771","ROC Post Crowfield Master Post","ROC Bunker","52.16111","1.15499","JO02ND","COL","Suffolk","IP6 9TS","true","","🗺️"
"UKBOTA","223","B/G-0772","ROC Post Debenham","ROC Bunker","52.23144","1.17536","JO02OF","COL","Suffolk","IP14 6PP","","","🗺️"
"UKBOTA","223","B/G-0773","ROC Post Woolverstone","ROC Bunker","51.99094","1.19546","JO01OX","COL","Suffolk","IP9 1HN","","","🗺️"
"UKBOTA","223","B/G-0774","ROC Post Grundisburgh","ROC Bunker","52.11563","1.25653","JO02PC","COL","Suffolk","IP13 6PX","","","🗺️"
"UKBOTA","223","B/G-0775","ROC Post Stradbroke Master Post","ROC Bunker","52.31978","1.28296","JO02PH","COL","Suffolk","IP21 5HY","true","","🗺️"
"UKBOTA","223","B/G-0776","ROC Post Felixstowe","ROC Bunker","51.94918","1.33542","JO01QW","COL","Suffolk","IP11 2EF","","","🗺️"
"UKBOTA","223","B/G-0777","ROC Post Wickham Market","ROC Bunker","52.14541","1.36820","JO02QD","COL","Suffolk","IP13 0NH","","","🗺️"
"UKBOTA","223","B/G-0778","ROC Post Badingham","ROC Bunker","52.25894","1.39542","JO02QG","COL","Suffolk","IP13 8NB","","","🗺️"
"UKBOTA","223","B/G-0779","ROC Post Bungay","ROC Bunker","52.42717","1.41276","JO02QK","NOR","Suffolk","NR35 1NL","","","🗺️"
"UKBOTA","223","B/G-0780","ROC Post Alderton","ROC Bunker","52.01675","1.41960","JO02RA","COL","Suffolk","IP12 3FF","","","🗺️"
"UKBOTA","223","B/G-0781","ROC Post Saxmundham","ROC Bunker","52.21674","1.50071","JO02SF","COL","Suffolk","IP17 1FT","","","🗺️"
"UKBOTA","223","B/G-0782","ROC Post Halesworth","ROC Bunker","52.35491","1.52455","JO02SI","COL","Suffolk","IP19 8NJ","","","🗺️"
"UKBOTA","223","B/G-0783","ROC Post Orford","ROC Bunker","52.08933","1.51744","JO02SC","COL","Suffolk","IP12 2BU","","","🗺️"
"UKBOTA","223","B/G-0784","ROC Post Westleton","ROC Bunker","52.26576","1.58154","JO02SG","COL","Suffolk","IP17 3AX","","","🗺️"
"UKBOTA","223","B/G-0785","ROC Post Barnby","ROC Bunker","52.43293","1.62114","JO02TK","NOR","Suffolk","NR34 7XF","","","🗺️"
"UKBOTA","223","B/G-0786","ROC Post Aldeburgh","ROC Bunker","52.18891","1.62101","JO02TE","COL","Suffolk","IP16 4UB","","","🗺️"
"UKBOTA","223","B/G-0787","ROC Post Southwold","ROC Bunker","52.33840","1.68785","JO02UI","COL","Suffolk","IP18 6SU","","","🗺️"
"UKBOTA","223","B/G-0788","ROC Post Kessingland","ROC Bunker","52.39594","1.71456","JO02UJ","COL","Suffolk","NR34 7LN","","","🗺️"
"UKBOTA","223","B/G-0789","ROC Post Pakefield","ROC Bunker","52.43228","1.72880","JO02UK","NOR","Suffolk","NR33 7PQ","","","🗺️"
"UKBOTA","223","B/G-0790","ROC Post Lowestoft","ROC Bunker","52.50130","1.75057","JO02VM","NOR","Suffolk","NR32 4LD","","","🗺️"
"UKBOTA","223","B/G-0791","ROC Post Farnham","ROC Bunker","51.23783","-0.80215","IO91OF","HOR","Surrey","GU9 0EQ","","","🗺️"
"UKBOTA","223","B/G-0792","ROC Post Camberley","ROC Bunker","51.32426","-0.69427","IO91PH","HOR","Surrey","GU15 1QL","","","🗺️"
"UKBOTA","223","B/G-0793","ROC Post Milford","ROC Bunker","51.17930","-0.64658","IO91QE","HOR","Surrey","GU8 5EP","","","🗺️"
"UKBOTA","223","B/G-0794","ROC Post Wormley","ROC Bunker","51.10331","-0.64651","IO91QC","HOR","Surrey","GU8 4SJ","","","🗺️"
"UKBOTA","223","B/G-0795","ROC Post Hog's Back","ROC Bunker","51.22827","-0.60504","IO91QF","HOR","Surrey","GU2 7RW","","","🗺️"
"UKBOTA","223","B/G-0796","ROC Post Cranleigh Master Post","ROC Bunker","51.11246","-0.54681","IO91RC","HOR","Surrey","GU8 4NP","true","","🗺️"
"UKBOTA","223","B/G-0797","ROC Post Clandon","ROC Bunker","51.24587","-0.49390","IO91SF","HOR","Surrey","GU4 8SG","","","🗺️"
"UKBOTA","223","B/G-0798","ROC Post Weybridge Master Post","ROC Bunker","51.38294","-0.44759","IO91SJ","HOR","Surrey","KT13 8LY","true","","🗺️"
"UKBOTA","223","B/G-0799","ROC Post Oxshott","ROC Bunker","51.34823","-0.35542","IO91TI","HOR","Surrey","KT22 0PR","","","🗺️"
"UKBOTA","223","B/G-0800","ROC Post Holmwood","ROC Bunker","51.19671","-0.32404","IO91UE","HOR","Surrey","RH5 4NR","","","🗺️"
"UKBOTA","223","B/G-0801","ROC Post Headley","ROC Bunker","51.27260","-0.27440","IO91UG","HOR","Surrey","KT18 6NJ","","","🗺️"
"UKBOTA","223","B/G-0802","ROC Post Mortlake","ROC Bunker","51.45887","-0.25817","IO91UL","HOR","Surrey","SW14 8RE","","","🗺️"
"UKBOTA","223","B/G-0803","ROC Post New Malden","ROC Bunker","51.41310","-0.25833","IO91UJ","HOR","Surrey","KT3 4SB","","","🗺️"
"UKBOTA","223","B/G-0804","ROC Post Wallington","ROC Bunker","51.34368","-0.15270","IO91WI","HOR","Surrey","SM6 0SR","","","🗺️"
"UKBOTA","223","B/G-0805","ROC Post Redhill Master Post","ROC Bunker","51.21591","-0.14822","IO91WF","HOR","Surrey","RH1 5JX","true","","🗺️"
"UKBOTA","223","B/G-0806","ROC Post Compton Master Post","ROC Bunker","50.92863","-0.87087","IO90NW","HOR","Sussex","PO18 9NL","true","","🗺️"
"UKBOTA","223","B/G-0807","ROC Post Rogate","ROC Bunker","51.00454","-0.85306","IO91NA","HOR","Sussex","GU31 5HD","","","🗺️"
"UKBOTA","223","B/G-0808","ROC Post Chichester","ROC Bunker","50.81812","-0.80837","IO90OT","HOR","Sussex","PO20 7DS","","","🗺️"
"UKBOTA","223","B/G-0809","ROC Post Midhurst","ROC Bunker","50.96950","-0.76847","IO90OX","HOR","Sussex","GU29 0NB","","","🗺️"
"UKBOTA","223","B/G-0810","ROC Post Singleton","ROC Bunker","50.90643","-0.74866","IO90PV","HOR","Sussex","PO18 0GW","","","🗺️"
"UKBOTA","223","B/G-0811","ROC Post Pagham","ROC Bunker","50.79574","-0.73275","IO90PT","HOR","Sussex","PO20 1LN","","","🗺️"
"UKBOTA","223","B/G-0812","ROC Post Fernhurst","ROC Bunker","51.04764","-0.71775","IO91PB","HOR","Sussex","GU27 3HY","","","🗺️"
"UKBOTA","223","B/G-0813","ROC Post Petworth","ROC Bunker","50.93475","-0.63547","IO90QW","HOR","Sussex","GU28 0LT","","","🗺️"
"UKBOTA","223","B/G-0814","ROC Post Littlehampton","ROC Bunker","50.82042","-0.58756","IO90QT","HOR","Sussex","BN18 0XL","","","🗺️"
"UKBOTA","223","B/G-0815","ROC Post Selsey","ROC Bunker","50.74688","-0.79842","IO90OR","HOR","Sussex","PO20 9DR","","","🗺️"
"UKBOTA","223","B/G-0816","ROC Post Pulborough Master Post","ROC Bunker","50.96528","-0.48576","IO90SX","HOR","Sussex","RH20 2HZ","true","","🗺️"
"UKBOTA","223","B/G-0817","ROC Post Billingshurst","ROC Bunker","51.02140","-0.43802","IO91SA","HOR","Sussex","RH14 9FB","","","🗺️"
"UKBOTA","223","B/G-0818","ROC Post Lancing","ROC Bunker","50.81956","-0.33814","IO90TT","HOR","Sussex","BN15 8RX","","","🗺️"
"UKBOTA","223","B/G-0819","ROC Post Steyning","ROC Bunker","50.88046","-0.33285","IO90UV","HOR","Sussex","BN44 3PD","","","🗺️"
"UKBOTA","223","B/G-0820","ROC Post Horsham","ROC Bunker","51.05536","-0.31944","IO91UB","HOR","Sussex","RH13 6HE","","","🗺️"
"UKBOTA","223","B/G-0821","ROC Post Henfield","ROC Bunker","50.93265","-0.26111","IO90UW","HOR","Sussex","BN5 9HS","","","🗺️"
"UKBOTA","223","B/G-0822","ROC Post Southwick","ROC Bunker","50.85032","-0.23988","IO90VU","HOR","Sussex","BN41 2RP","","","🗺️"
"UKBOTA","223","B/G-0823","ROC Post Crawley","ROC Bunker","51.14505","-0.20038","IO91VD","HOR","Surrey","RH11 0QA","","","🗺️"
"UKBOTA","223","B/G-0824","ROC Post Cuckfield Master Post","ROC Bunker","51.00410","-0.14113","IO91WA","HOR","Sussex","RH17 5JZ","true","","🗺️"
"UKBOTA","223","B/G-0825","ROC Post Ditchling","ROC Bunker","50.92487","-0.11840","IO90WW","HOR","Sussex","BN6 8SS","","","🗺️"
"UKBOTA","223","B/G-0826","ROC Post Brighton","ROC Bunker","50.82487","-0.11319","IO90WT","HOR","Sussex","BN2 0FR","","","🗺️"
"UKBOTA","223","B/G-0827","ROC Post West Hoathly","ROC Bunker","51.07627","-0.05530","IO91XB","HOR","Sussex","RH19 4PW","","","🗺️"
"UKBOTA","223","B/G-0828","ROC Post Lewes","ROC Bunker","50.88405","-0.02109","IO90XV","HOR","Sussex","BN7 1UR","","","🗺️"
"UKBOTA","223","B/G-0829","ROC Post Peacehaven","ROC Bunker","50.78791","0.00507","JO00AS","MAI","Sussex","BN10 8ND","","","🗺️"
"UKBOTA","223","B/G-0830","ROC Post Newick","ROC Bunker","50.98630","0.02116","JO00AX","MAI","Sussex","TN22 3PY","","","🗺️"
"UKBOTA","223","B/G-0831","ROC Post Newhaven","ROC Bunker","50.78204","0.04738","JO00AS","MAI","Sussex","BN9 9HD","","","🗺️"
"UKBOTA","223","B/G-0832","ROC Post Hartfield","ROC Bunker","51.09084","0.11025","JO01BC","MAI","Sussex","TN7 4HA","","","🗺️"
"UKBOTA","223","B/G-0833","ROC Post Crowborough","ROC Bunker","51.04487","0.14554","JO01BB","MAI","Sussex","TN6 1UD","","","🗺️"
"UKBOTA","223","B/G-0834","ROC Post Framfield","ROC Bunker","50.96298","0.14860","JO00BX","MAI","Sussex","TN22 5RP","","","🗺️"
"UKBOTA","223","B/G-0835","ROC Post Chiddingly","ROC Bunker","50.89902","0.20212","JO00CV","MAI","Sussex","BN8 6HL","","","🗺️"
"UKBOTA","223","B/G-0836","ROC Post Rotherfield","ROC Bunker","51.01787","0.26606","JO01DA","MAI","Sussex","TN20 6BD","","","🗺️"
"UKBOTA","223","B/G-0837","ROC Post Frant Master Post","ROC Bunker","51.09917","0.27046","JO01DC","MAI","Sussex","TN3 9DG","true","","🗺️"
"UKBOTA","223","B/G-0838","ROC Post Rushlake Green","ROC Bunker","50.96446","0.29750","JO00DX","MAI","Sussex","TN21 9DB","","","🗺️"
"UKBOTA","223","B/G-0839","ROC Post Herstmonceux","ROC Bunker","50.88327","0.30104","JO00DV","MAI","Sussex","BN27 1PX","","","🗺️"
"UKBOTA","223","B/G-0840","ROC Post Pevensey","ROC Bunker","50.80094","0.33417","JO00ET","MAI","Sussex","BN23 5BA","","","🗺️"
"UKBOTA","223","B/G-0841","ROC Post Ticehurst Master Post","ROC Bunker","51.03187","0.38912","JO01EA","MAI","Sussex","TN5 7DT","true","","🗺️"
"UKBOTA","223","B/G-0842","ROC Post Ninfield","ROC Bunker","50.88950","0.41539","JO00EV","MAI","Sussex","TN33 9LQ","","","🗺️"
"UKBOTA","223","B/G-0843","ROC Post Robertsbridge","ROC Bunker","51.00483","0.48253","JO01FA","MAI","Sussex","TN19 7QD","","","🗺️"
"UKBOTA","223","B/G-0844","ROC Post Cooden","ROC Bunker","50.84199","0.49731","JO00FU","MAI","Sussex","TN40 1TT","","","🗺️"
"UKBOTA","223","B/G-0845","ROC Post Sedlescombe","ROC Bunker","50.93905","0.53425","JO00GW","MAI","Sussex","TN33 0QL","","","🗺️"
"UKBOTA","223","B/G-0846","ROC Post Northiam Master Post","ROC Bunker","50.99878","0.59922","JO00HX","MAI","Sussex","TN31 6GB","true","","🗺️"
"UKBOTA","223","B/G-0847","ROC Post Fairlight","ROC Bunker","50.87042","0.64410","JO00HU","MAI","Sussex","TN35 4AD","","","🗺️"
"UKBOTA","223","B/G-0848","ROC Post Rye Harbour","ROC Bunker","50.94479","0.71124","JO00IW","MAI","Sussex","TN31 6AA","","","🗺️"
"UKBOTA","223","B/G-0849","ROC Post Cuckmere Haven","ROC Bunker","50.76535","0.12110","JO00BS","MAI","Sussex","BN25 4JH","","","🗺️"
"UKBOTA","223","B/G-0850","ROC Post Erdington","ROC Bunker","52.52308","-1.85110","IO92BM","COV","Warwickshire","B23 6GN","","","🗺️"
"UKBOTA","223","B/G-0851","ROC Post Bidford-on-Avon","ROC Bunker","52.16679","-1.83884","IO92BE","OXF","Warwickshire","B50 4LZ","","","🗺️"
"UKBOTA","223","B/G-0852","ROC Post Shirley Master Post","ROC Bunker","52.38782","-1.81188","IO92CJ","COV","Warwickshire","B90 4BH","true","","🗺️"
"UKBOTA","223","B/G-0853","ROC Post Henley-in-Arden","ROC Bunker","52.29255","-1.77446","IO92CH","COV","Warwickshire","B95 5FT","","","🗺️"
"UKBOTA","223","B/G-0854","ROC Post Curdworth","ROC Bunker","52.53641","-1.75670","IO92CM","COV","Warwickshire","B76 9QE","","","🗺️"
"UKBOTA","223","B/G-0855","ROC Post Alderminster","ROC Bunker","52.09647","-1.63356","IO92EC","OXF","Warwickshire","CV36 4NN","","","🗺️"
"UKBOTA","223","B/G-0856","ROC Post Haseley Knob","ROC Bunker","52.33693","-1.62159","IO92EI","COV","Warwickshire","CV35 7AQ","","","🗺️"
"UKBOTA","223","B/G-0857","ROC Post Meriden Master Post","ROC Bunker","52.43940","-1.61645","IO92EK","COV","Warwickshire","CV7 7JJ","true","","🗺️"
"UKBOTA","223","B/G-0858","ROC Post Barford","ROC Bunker","52.23664","-1.58247","IO92FF","COV","Warwickshire","CV35 8DQ","","","🗺️"
"UKBOTA","223","B/G-0859","ROC Post Long Compton","ROC Bunker","51.97641","-1.56990","IO91FX","OXF","Warwickshire","OX7 5QB","","","🗺️"
"UKBOTA","223","B/G-0860","ROC Post Harbury","ROC Bunker","52.23414","-1.47428","IO92GF","COV","Warwickshire","CV33 9NH","","","🗺️"
"UKBOTA","223","B/G-0861","ROC Post Edge Hill Master Post","ROC Bunker","52.11898","-1.45519","IO92GC","OXF","Warwickshire","OX15 6DG","true","","🗺️"
"UKBOTA","223","B/G-0862","ROC Post Bedworth","ROC Bunker","52.46703","-1.44355","IO92GL","COV","Warwickshire","CV2 1NS","","","🗺️"
"UKBOTA","223","B/G-0863","ROC Post Wolston Master Post","ROC Bunker","52.36812","-1.38545","IO92HI","COV","Warwickshire","CV8 3GD","true","","🗺️"
"UKBOTA","223","B/G-0864","ROC Post Napton-on-the-Hill","ROC Bunker","52.24860","-1.32881","IO92IF","COV","Warwickshire","CV47 8PD","","","🗺️"
"UKBOTA","223","B/G-0865","ROC Post Grasmere","ROC Bunker","54.48767","-3.03328","IO84LL","CAR","Westmorland","LA22 9RS","","","🗺️"
"UKBOTA","223","B/G-0866","ROC Post Bampton","ROC Bunker","54.55029","-2.74220","IO84PN","CAR","Westmorland","CA10 2RH","","","🗺️"
"UKBOTA","223","B/G-0867","ROC Post Tebay Master Post","ROC Bunker","54.43601","-2.58796","IO84QK","CAR","Westmorland","CA10 3TL","true","","🗺️"
"UKBOTA","223","B/G-0868","ROC Post Appleby-in-Westmorland","ROC Bunker","54.57434","-2.50503","IO84RN","CAR","Westmorland","CA16 6SB","","","🗺️"
"UKBOTA","223","B/G-0869","ROC Post Kirkby Stephen","ROC Bunker","55.21166","-2.35042","IO85TF","CAR","Northumberland","NE48 1NE","","","🗺️"
"UKBOTA","223","B/G-0870","ROC Post Milnthorpe","ROC Bunker","54.21762","-2.79127","IO84OF","PRE","Westmorland","LA7 7AH","","","🗺️"
"UKBOTA","223","B/G-0871","ROC Post Kendal Master Post","ROC Bunker","54.31812","-2.73171","IO84PH","PRE","Westmorland","LA9 7NR","true","","🗺️"
"UKBOTA","223","B/G-0872","ROC Post Kirkby Lonsdale Master Post","ROC Bunker","54.20322","-2.61087","IO84QE","PRE","Westmorland","LA6 2SR","true","","🗺️"
"UKBOTA","223","B/G-0874","ROC Post Mere","ROC Bunker","51.11449","-2.28310","IO81UC","YEO","Somerset","BA12 6QQ","","","🗺️"
"UKBOTA","223","B/G-0875","ROC Post Bradford-on-Avon","ROC Bunker","51.35050","-2.25411","IO81UI","YEO","Wiltshire","BA15 1RQ","","","🗺️"
"UKBOTA","223","B/G-0876","ROC Post Sutton Veney","ROC Bunker","51.17543","-2.14757","IO81WE","YEO","Wiltshire","BA12 7BU","","","🗺️"
"UKBOTA","223","B/G-0877","ROC Post Chippenham","ROC Bunker","51.44465","-2.14168","IO81WK","WIN","Wiltshire","SN14 0SD","","","🗺️"
"UKBOTA","223","B/G-0878","ROC Post Bratton","ROC Bunker","51.25793","-2.11531","IO81WG","WIN","Wiltshire","BA13 4SH","","","🗺️"
"UKBOTA","223","B/G-0879","ROC Post Tisbury","ROC Bunker","51.05788","-2.08613","IO81WB","YEO","Wiltshire","SP3 6NN","","","🗺️"
"UKBOTA","223","B/G-0880","ROC Post Malmesbury","ROC Bunker","51.56808","-2.06718","IO81XN","OXF","Wiltshire","SN15 5BJ","","","🗺️"
"UKBOTA","223","B/G-0881","ROC Post Kemble","ROC Bunker","51.66664","-2.04882","IO81XP","OXF","Wiltshire","GL7 6AY","","","🗺️"
"UKBOTA","223","B/G-0882","ROC Post Wylye","ROC Bunker","51.13138","-1.99137","IO91AD","WIN","Wiltshire","BA12 0RL","","","🗺️"
"UKBOTA","223","B/G-0883","ROC Post Broadchalke Master Post","ROC Bunker","51.02841","-1.96074","IO91AA","WIN","Wiltshire","SP5 5HS","true","","🗺️"
"UKBOTA","223","B/G-0884","ROC Post Devizes Master Post","ROC Bunker","51.34025","-1.95416","IO91AI","WIN","Wiltshire","SN10 3HX","true","","🗺️"
"UKBOTA","223","B/G-0885","ROC Post Shrewton","ROC Bunker","51.20176","-1.92695","IO91AE","WIN","Wiltshire","SP3 4JP","","","🗺️"
"UKBOTA","223","B/G-0886","ROC Post Cricklade","ROC Bunker","51.62515","-1.89840","IO91BP","OXF","Wiltshire","SN6 6RB","","","🗺️"
"UKBOTA","223","B/G-0887","ROC Post Avebury","ROC Bunker","51.42190","-1.85211","IO91BK","WIN","Wiltshire","SN8 1RD","","","🗺️"
"UKBOTA","223","B/G-0888","ROC Post Swindon","ROC Bunker","51.54964","-1.82862","IO91CN","OXF","Wiltshire","SN5 8HW","","","🗺️"
"UKBOTA","223","B/G-0889","ROC Post Enford","ROC Bunker","51.26223","-1.80518","IO91CG","WIN","Wiltshire","SN9 6AT","","","🗺️"
"UKBOTA","223","B/G-0890","ROC Post Wroughton","ROC Bunker","51.51425","-1.79806","IO91CM","OXF","Wiltshire","SN4 9NU","","","🗺️"
"UKBOTA","223","B/G-0891","ROC Post Amesbury","ROC Bunker","51.14671","-1.77293","IO91CD","WIN","Wiltshire","SP4 7LN","","","🗺️"
"UKBOTA","223","B/G-0892","ROC Post Highworth","ROC Bunker","51.62981","-1.72083","IO91DP","OXF","Wiltshire","SN6 7BS","","","🗺️"
"UKBOTA","223","B/G-0893","ROC Post Alderbury","ROC Bunker","51.02220","-1.70624","IO91DA","WIN","Wiltshire","SP5 3QL","","","🗺️"
"UKBOTA","223","B/G-0894","ROC Post Ogbourne St George","ROC Bunker","51.47895","-1.69180","IO91DL","WIN","Wiltshire","SN8 2NP","","","🗺️"
"UKBOTA","223","B/G-0895","ROC Post Collingbourne Ducis","ROC Bunker","51.28173","-1.67692","IO91DG","WIN","Wiltshire","SN8 3FQ","","","🗺️"
"UKBOTA","223","B/G-0896","ROC Post Great Bedwyn Master Post","ROC Bunker","51.38587","-1.59499","IO91EJ","WIN","Wiltshire","SN8 3TR","true","","🗺️"
"UKBOTA","223","B/G-0897","ROC Post Upper Sapey Master Post","ROC Bunker","52.25989","-2.42718","IO82SG","BRI","Worcestershire","WR6 6EW","true","","🗺️"
"UKBOTA","223","B/G-0898","ROC Post Clows Top","ROC Bunker","52.34300","-2.41727","IO82SI","SHR","Worcestershire","DY14 9HF","","","🗺️"
"UKBOTA","223","B/G-0899","ROC Post Upper Arley","ROC Bunker","52.41760","-2.30579","IO82UK","SHR","Worcestershire","DY12 1RF","","","🗺️"
"UKBOTA","223","B/G-0900","ROC Post Powick","ROC Bunker","52.16546","-2.25332","IO82UD","BRI","Worcestershire","WR2 4RD","","","🗺️"
"UKBOTA","223","B/G-0901","ROC Post Ombersley","ROC Bunker","52.27070","-2.22505","IO82VG","BRI","Worcestershire","WR9 0DR","","","🗺️"
"UKBOTA","223","B/G-0902","ROC Post Upton-on-Severn","ROC Bunker","52.04250","-2.18541","IO82VB","BRI","Worcestershire","GL20 6EU","","","🗺️"
"UKBOTA","223","B/G-0903","ROC Post Crowle","ROC Bunker","52.21080","-2.12216","IO82WF","BRI","Worcestershire","WR7 4AB","","","🗺️"
"UKBOTA","223","B/G-0904","ROC Post Pershore","ROC Bunker","52.11706","-2.08904","IO82WC","BRI","Worcestershire","WR10 2GQ","","","🗺️"
"UKBOTA","223","B/G-0905","ROC Post Bromsgrove","ROC Bunker","52.33826","-2.02926","IO82XI","SHR","Worcestershire","B60 1LH","","","🗺️"
"UKBOTA","223","B/G-0906","ROC Post Frankley","ROC Bunker","51.94977","-1.99792","IO91AW","OXF","Gloucestershire","GL54 5AB","","","🗺️"
"UKBOTA","223","B/G-0907","ROC Post Inkberrow","ROC Bunker","52.21086","-1.98547","IO92AF","OXF","Worcestershire","WR7 4ED","","","🗺️"
"UKBOTA","223","B/G-0908","ROC Post Evesham","ROC Bunker","52.06557","-1.97370","IO92AB","OXF","Gloucestershire","WR11 2QL","","","🗺️"
"UKBOTA","223","B/G-0909","ROC Post Redditch","ROC Bunker","52.31882","-1.95169","IO92AH","COV","Worcestershire","B97 6DG","","","🗺️"
"UKBOTA","223","B/G-0910","ROC Post Broadway Master Post","ROC Bunker","52.02545","-1.83264","IO92CA","OXF","Worcestershire","WR12 7LB","true","","🗺️"
"UKBOTA","223","B/G-0911","ROC Post Cotherstone","ROC Bunker","54.55454","-2.00692","IO84XN","DUR","North Riding","DL12 9DL","","","🗺️"
"UKBOTA","223","B/G-0912","ROC Post Barningham","ROC Bunker","54.49940","-1.88092","IO94BL","DUR","North Riding","DL11 7EB","","","🗺️"
"UKBOTA","223","B/G-0913","ROC Post Richmond Master Post","ROC Bunker","54.41290","-1.73880","IO94DJ","DUR","North Riding","DL10 4US","true","","🗺️"
"UKBOTA","223","B/G-0914","ROC Post Croft-on-Tees","ROC Bunker","54.45772","-1.52519","IO94FK","DUR","North Riding","DL2 2PB","","","🗺️"
"UKBOTA","223","B/G-0915","ROC Post Great Ayton Master Post","ROC Bunker","54.50177","-1.16226","IO94KM","DUR","North Riding","TS7 0NS","true","","🗺️"
"UKBOTA","223","B/G-0916","ROC Post Eston","ROC Bunker","54.55139","-1.13836","IO94KN","DUR","North Riding","TS6 0TS","","","🗺️"
"UKBOTA","223","B/G-0917","ROC Post Redcar","ROC Bunker","54.61834","-1.08925","IO94KO","DUR","North Riding","TS10 5AE","","","🗺️"
"UKBOTA","223","B/G-0918","ROC Post Saltburn","ROC Bunker","54.57478","-0.98998","IO94MN","DUR","North Riding","TS12 1PB","","","🗺️"
"UKBOTA","223","B/G-0919","ROC Post Castleton Master Post","ROC Bunker","54.45833","-0.95135","IO94MK","DUR","North Riding","YO21 2DD","true","","🗺️"
"UKBOTA","223","B/G-0920","ROC Post Loftus","ROC Bunker","54.56830","-0.88650","IO94NN","DUR","North Riding","TS13 4JH","","","🗺️"
"UKBOTA","223","B/G-0921","ROC Post Hinderwell","ROC Bunker","54.54934","-0.77539","IO94ON","DUR","North Riding","TS13 5LQ","","","🗺️"
"UKBOTA","223","B/G-0922","ROC Post Goathland","ROC Bunker","54.40080","-0.70881","IO94PJ","DUR","North Riding","YO22 5NQ","","","🗺️"
"UKBOTA","223","B/G-0923","ROC Post Whitby","ROC Bunker","54.48898","-0.60445","IO94QL","DUR","North Riding","YO22 4JS","","","🗺️"
"UKBOTA","223","B/G-0924","ROC Post Robin Hood's Bay","ROC Bunker","54.44245","-0.54604","IO94RK","DUR","North Riding","YO22 4PQ","","","🗺️"
"UKBOTA","223","B/G-0925","ROC Post Dunsop Bridge","ROC Bunker","53.94184","-2.51823","IO83RW","PRE","West Riding","BB7 3AY","","","🗺️"
"UKBOTA","223","B/G-0926","ROC Post Bentham","ROC Bunker","54.11834","-2.47866","IO84SC","PRE","West Riding","LA2 7AL","","","🗺️"
"UKBOTA","223","B/G-0927","ROC Post Dent","ROC Bunker","54.28430","-2.36262","IO84TG","PRE","West Riding","LA10 5RF","","","🗺️"
"UKBOTA","223","B/G-0928","ROC Post Bolton-by-Bowland","ROC Bunker","53.94670","-2.34201","IO83TW","PRE","West Riding","BB7 4PA","","","🗺️"
"UKBOTA","223","B/G-0929","ROC Post Horton-in-Ribblesdale","ROC Bunker","54.14617","-2.29190","IO84UD","YOR","West Riding","BD24 0EX","","","🗺️"
"UKBOTA","223","B/G-0930","ROC Post Settle","ROC Bunker","54.06215","-2.28581","IO84UB","YOR","West Riding","BD24 9BT","","","🗺️"
"UKBOTA","223","B/G-0931","ROC Post Hawes","ROC Bunker","54.30300","-2.20358","IO84VH","DUR","North Riding","DL8 3RE","","","🗺️"
"UKBOTA","223","B/G-0932","ROC Post Todmorden","ROC Bunker","53.74284","-2.10428","IO83WR","PRE","West Riding","OL14 8SA","","","🗺️"
"UKBOTA","223","B/G-0933","ROC Post Buckden","ROC Bunker","54.19978","-2.09899","IO84WE","YOR","West Riding","BD23 5JD","","","🗺️"
"UKBOTA","223","B/G-0934","ROC Post Gargrave","ROC Bunker","53.97213","-2.09753","IO83WX","YOR","West Riding","BD23 3QY","","","🗺️"
"UKBOTA","223","B/G-0935","ROC Post Cowling","ROC Bunker","53.88220","-2.02293","IO83XV","YOR","West Riding","BD22 0JU","","","🗺️"
"UKBOTA","223","B/G-0936","ROC Post Grassington","ROC Bunker","54.06897","-2.01066","IO84XB","YOR","West Riding","BD23 5HR","","","🗺️"
"UKBOTA","223","B/G-0937","ROC Post Aysgarth","ROC Bunker","54.28691","-1.99213","IO94AG","DUR","North Riding","DL8 3ST","","","🗺️"
"UKBOTA","223","B/G-0938","ROC Post Keighley","ROC Bunker","53.87752","-1.94581","IO93AV","YOR","West Riding","BD20 6QJ","","","🗺️"
"UKBOTA","223","B/G-0939","ROC Post Reeth","ROC Bunker","54.38188","-1.92622","IO94AJ","DUR","North Riding","DL11 6HJ","","","🗺️"
"UKBOTA","223","B/G-0940","ROC Post Sowerby Bridge","ROC Bunker","53.68606","-1.91638","IO93BQ","YOR","West Riding","HX6 3SD","","","🗺️"
"UKBOTA","223","B/G-0941","ROC Post Bewerley","ROC Bunker","53.96612","-1.91049","IO93BX","YOR","West Riding","LS29 0RH","","","🗺️"
"UKBOTA","223","B/G-0942","ROC Post Middlesmoor","ROC Bunker","54.17378","-1.87052","IO94BE","YOR","West Riding","HG3 5SU","","","🗺️"
"UKBOTA","223","B/G-0943","ROC Post Thornton","ROC Bunker","53.79611","-1.86288","IO93BT","YOR","West Riding","BD13 3QL","","","🗺️"
"UKBOTA","223","B/G-0944","ROC Post Crossland Moor","ROC Bunker","53.62118","-1.84122","IO93BO","YOR","West Riding","HD7 5TP","","","🗺️"
"UKBOTA","223","B/G-0945","ROC Post Leyburn","ROC Bunker","54.31850","-1.81795","IO94CH","DUR","North Riding","DL8 5JJ","","","🗺️"
"UKBOTA","223","B/G-0946","ROC Post Greenhow Hill","ROC Bunker","54.06999","-1.81201","IO94CB","YOR","West Riding","HG3 5JJ","","","🗺️"
"UKBOTA","223","B/G-0947","ROC Post Holmfirth Master Post","ROC Bunker","53.53503","-1.76520","IO93CM","YOR","West Riding","HD9 2TE","true","","🗺️"
"UKBOTA","223","B/G-0948","ROC Post Guiseley Master Post","ROC Bunker","53.89395","-1.69624","IO93DV","YOR","West Riding","LS21 3DG","true","","🗺️"
"UKBOTA","223","B/G-0949","ROC Post Heckmondwike","ROC Bunker","53.72295","-1.67777","IO93DR","YOR","West Riding","BD19 4HG","","","🗺️"
"UKBOTA","223","B/G-0950","ROC Post Darley","ROC Bunker","54.02393","-1.66889","IO94DA","YOR","West Riding","HG3 2LL","","","🗺️"
"UKBOTA","223","B/G-0951","ROC Post Bramley","ROC Bunker","53.81147","-1.64156","IO93ET","YOR","West Riding","LS13 3ER","","","🗺️"
"UKBOTA","223","B/G-0952","ROC Post Sawley","ROC Bunker","54.10644","-1.63826","IO94EC","YOR","West Riding","HG4 3EY","","","🗺️"
"UKBOTA","223","B/G-0953","ROC Post North Stainley Master Post","ROC Bunker","54.18231","-1.58734","IO94EE","YOR","West Riding","HG4 3JQ","true","","🗺️"
"UKBOTA","223","B/G-0954","ROC Post Bedale","ROC Bunker","54.29357","-1.58500","IO94EH","YOR","North Riding","DL8 1BG","","","🗺️"
"UKBOTA","223","B/G-0955","ROC Post Darton","ROC Bunker","53.60459","-1.51954","IO93FO","YOR","West Riding","S75 5BU","","","🗺️"
"UKBOTA","223","B/G-0956","ROC Post Harewood","ROC Bunker","53.90239","-1.50335","IO93FV","YOR","West Riding","LS17 9BZ","","","🗺️"
"UKBOTA","223","B/G-0957","ROC Post Knaresborough","ROC Bunker","54.02934","-1.45039","IO94GA","YOR","West Riding","HG5 0QQ","","","🗺️"
"UKBOTA","223","B/G-0958","ROC Post Kirby Hill","ROC Bunker","54.12091","-1.43021","IO94GC","YOR","West Riding","YO51 9DP","","","🗺️"
"UKBOTA","223","B/G-0959","ROC Post Northallerton Master Post","ROC Bunker","54.31495","-1.41124","IO94HH","YOR","North Riding","DL6 3SB","true","","🗺️"
"UKBOTA","223","B/G-0960","ROC Post Barwick-in-Elmet Master Post","ROC Bunker","53.82405","-1.41221","IO93HT","YOR","West Riding","LS15 4DF","true","","🗺️"
"UKBOTA","223","B/G-0961","ROC Post Topcliffe","ROC Bunker","54.17453","-1.36743","IO94HE","YOR","North Riding","YO7 3JL","","","🗺️"
"UKBOTA","223","B/G-0962","ROC Post Thirsk","ROC Bunker","54.21743","-1.35604","IO94HF","YOR","North Riding","YO7 3FF","","","🗺️"
"UKBOTA","223","B/G-0963","ROC Post Boston Spa","ROC Bunker","53.87740","-1.32005","IO93IV","YOR","West Riding","LS24 9NU","","","🗺️"
"UKBOTA","223","B/G-0964","ROC Post Tockwith","ROC Bunker","53.96418","-1.31269","IO93IX","YOR","West Riding","YO26 7RD","","","🗺️"
"UKBOTA","223","B/G-0965","ROC Post Goldthorpe","ROC Bunker","53.53404","-1.31892","IO93IM","COV","West Riding","S63 9LA","","","🗺️"
"UKBOTA","223","B/G-0966","ROC Post Upsall","ROC Bunker","54.27907","-1.30501","IO94IG","YOR","North Riding","YO7 2QN","","","🗺️"
"UKBOTA","223","B/G-0967","ROC Post Osmotherley","ROC Bunker","54.37278","-1.30112","IO94II","DUR","North Riding","DL6 3AW","","","🗺️"
"UKBOTA","223","B/G-0968","ROC Post Upton","ROC Bunker","53.62720","-1.30941","IO93IP","YOR","West Riding","WF9 1BE","","","🗺️"
"UKBOTA","223","B/G-0969","ROC Post Barkston Ash","ROC Bunker","53.81981","-1.26326","IO93IT","YOR","West Riding","LS24 9PS","","","🗺️"
"UKBOTA","223","B/G-0970","ROC Post Tollerton","ROC Bunker","54.06423","-1.21203","IO94JB","YOR","North Riding","YO61 1QY","","","🗺️"
"UKBOTA","223","B/G-0971","ROC Post Chop Gate","ROC Bunker","54.39154","-1.14279","IO94KJ","DUR","North Riding","TS9 7JY","","","🗺️"
"UKBOTA","223","B/G-0972","ROC Post Whitley Bridge","ROC Bunker","53.71034","-1.15457","IO93KR","YOR","West Riding","DN14 0SA","","","🗺️"
"UKBOTA","223","B/G-0973","ROC Post Brandsby","ROC Bunker","54.14110","-1.12455","IO94KD","YOR","North Riding","YO61 4TT","","","🗺️"
"UKBOTA","223","B/G-0974","ROC Post Askern","ROC Bunker","53.62346","-1.13469","IO93KO","LIN","West Riding","DN6 0DF","","","🗺️"
"UKBOTA","223","B/G-0975","ROC Post Helmsley","ROC Bunker","54.22430","-1.12079","IO94KF","YOR","North Riding","YO62 5EL","","","🗺️"
"UKBOTA","223","B/G-0976","ROC Post Cawood","ROC Bunker","53.84347","-1.11922","IO93KU","YOR","East Riding","YO19 6RH","","","🗺️"
"UKBOTA","223","B/G-0977","ROC Post Fulford Site 1","ROC Bunker","53.92552","-1.07043","IO93LW","YOR","East Riding","YO19 4RF","","","🗺️"
"UKBOTA","223","B/G-0978","ROC Post Fulford Site 2","ROC Bunker","53.94064","-1.06035","IO93LW","YOR","East Riding","YO10 5ND","","","🗺️"
"UKBOTA","223","B/G-0979","ROC Post Strensall","ROC Bunker","54.03287","-1.02911","IO94LA","YOR","North Riding","YO32 5UL","","","🗺️"
"UKBOTA","223","B/G-0980","ROC Post Camblesforth Master Post","ROC Bunker","53.73060","-1.01789","IO93LR","YOR","West Riding","YO8 8HA","true","","🗺️"
"UKBOTA","223","B/G-0981","ROC Post Hovingham","ROC Bunker","54.16549","-0.98036","IO94MD","YOR","North Riding","YO62 4LB","","","🗺️"
"UKBOTA","223","B/G-0982","ROC Post Kirby Moorside","ROC Bunker","54.31042","-0.97525","IO94MH","YOR","North Riding","YO62 7AB","","","🗺️"
"UKBOTA","223","B/G-0983","ROC Post Thorne","ROC Bunker","53.63162","-0.97316","IO93MP","LIN","West Riding","DN8 4JS","","","🗺️"
"UKBOTA","223","B/G-0984","ROC Post Stamford Bridge","ROC Bunker","53.99670","-0.94956","IO93MX","YOR","North Riding","YO41 1NN","","","🗺️"
"UKBOTA","223","B/G-0985","ROC Post Lindholme","ROC Bunker","53.56021","-0.95889","IO93MN","LIN","West Riding","DN7 6DU","","","🗺️"
"UKBOTA","223","B/G-0986","ROC Post Bubwith","ROC Bunker","53.82061","-0.91796","IO93MT","YOR","East Riding","YO8 6NF","","","🗺️"
"UKBOTA","223","B/G-0987","ROC Post Rosedale","ROC Bunker","54.34186","-0.89248","IO94NI","YOR","North Riding","YO18 8SE","","","🗺️"
"UKBOTA","223","B/G-0988","ROC Post Howden","ROC Bunker","53.74018","-0.83376","IO93NR","YOR","East Riding","DN14 7TJ","","","🗺️"
"UKBOTA","223","B/G-0989","ROC Post Malton","ROC Bunker","54.14014","-0.80418","IO94OD","YOR","North Riding","YO17 7FN","","","🗺️"
"UKBOTA","223","B/G-0990","ROC Post Pickering","ROC Bunker","54.24951","-0.78460","IO94OF","YOR","North Riding","YO18 8AP","","","🗺️"
"UKBOTA","223","B/G-0991","ROC Post Holme-on-Spalding-Moor Master Post","ROC Bunker","53.83788","-0.75217","IO93OU","YOR","East Riding","YO43 4BR","true","","🗺️"
"UKBOTA","223","B/G-0992","ROC Post Gilberdyke","ROC Bunker","53.73761","-0.73074","IO93PR","YOR","East Riding","HU15 2TB","","","🗺️"
"UKBOTA","223","B/G-0993","ROC Post Pocklington Master Post","ROC Bunker","53.94646","-0.71816","IO93PW","YOR","East Riding","YO42 1XG","true","","🗺️"
"UKBOTA","223","B/G-0994","ROC Post Lockton","ROC Bunker","54.29185","-0.70745","IO94PH","YOR","North Riding","YO18 7NH","","","🗺️"
"UKBOTA","223","B/G-0995","ROC Post Birdsall Master Post","ROC Bunker","54.09494","-0.68453","IO94PC","YOR","East Riding","YO17 8AT","true","","🗺️"
"UKBOTA","223","B/G-0996","ROC Post Market Weighton","ROC Bunker","53.86281","-0.61640","IO93QU","YOR","East Riding","YO43 4ND","","","🗺️"
"UKBOTA","223","B/G-0997","ROC Post Wetwang","ROC Bunker","54.01779","-0.58669","IO94QA","YOR","East Riding","YO25 9JT","","","🗺️"
"UKBOTA","223","B/G-0998","ROC Post Middleton on the Wolds","ROC Bunker","53.94161","-0.56763","IO93RW","YOR","East Riding","YO25 9LJ","","","🗺️"
"UKBOTA","223","B/G-0999","ROC Post Elloughton","ROC Bunker","53.73987","-0.55676","IO93RR","YOR","East Riding","HU15 1QA","","","🗺️"
"UKBOTA","223","B/G-1000","ROC Post Wykeham","ROC Bunker","54.24616","-0.52502","IO94RF","YOR","North Riding","YO13 9LT","","","🗺️"
"UKBOTA","223","B/G-1001","ROC Post Sherburn","ROC Bunker","54.17867","-0.52574","IO94RE","YOR","East Riding","YO17 8PQ","","","🗺️"
"UKBOTA","223","B/G-1002","ROC Post Stocksbridge Master Post","ROC Bunker","53.46986","-1.62124","IO93EL","COV","West Riding","S36 4AE","true","","🗺️"
"UKBOTA","223","B/G-1003","ROC Post Beauchief","ROC Bunker","53.32726","-1.51185","IO93FH","COV","Derbyshire","S17 4QE","","","🗺️"
"UKBOTA","223","B/G-1004","ROC Post Ecclesfield-Hoyland","ROC Bunker","53.47647","-1.43043","IO93GL","COV","West Riding","S62 7TZ","","","🗺️"
"UKBOTA","223","B/G-1005","ROC Post Wickersley","ROC Bunker","53.41811","-1.29218","IO93IK","COV","West Riding","S66 1AL","","","🗺️"
"UKBOTA","223","B/G-1006","ROC Post Rossington","ROC Bunker","53.46558","-1.05882","IO93LL","LIN","West Riding","DN11 0DD","","","🗺️"
"UKBOTA","223","B/G-1007","ROC Post Langtoft","ROC Bunker","54.08372","-0.46582","IO94SC","YOR","East Riding","YO25 3BX","","","🗺️"
"UKBOTA","223","B/G-1008","ROC Post Cloughton","ROC Bunker","54.34148","-0.44931","IO94SI","YOR","North Riding","YO13 0AS","","","🗺️"
"UKBOTA","223","B/G-1009","ROC Post Beverley","ROC Bunker","53.83333","-0.46799","IO93ST","YOR","East Riding","HU17 8EF","","","🗺️"
"UKBOTA","223","B/G-1010","ROC Post Driffield","ROC Bunker","54.01565","-0.43551","IO94SA","YOR","East Riding","YO25 5GD","","","🗺️"
"UKBOTA","223","B/G-1011","ROC Post Deepdale","ROC Bunker","54.25671","-0.39385","IO94TG","YOR","North Riding","YO11 2BD","","","🗺️"
"UKBOTA","223","B/G-1012","ROC Post Scarborough","ROC Bunker","54.28873","-0.38877","IO94TG","YOR","North Riding","YO11 1JA","","","🗺️"
"UKBOTA","223","B/G-1013","ROC Post Hunmanby","ROC Bunker","54.19372","-0.36840","IO94TE","YOR","East Riding","YO11 3UQ","","","🗺️"
"UKBOTA","223","B/G-1014","ROC Post Burton Agnes","ROC Bunker","54.07453","-0.32860","IO94UB","YOR","East Riding","YO25 4SB","","","🗺️"
"UKBOTA","223","B/G-1015","ROC Post Brandesburton","ROC Bunker","53.91591","-0.28652","IO93UV","YOR","East Riding","YO25 8RA","","","🗺️"
"UKBOTA","223","B/G-1016","ROC Post Skirlaugh","ROC Bunker","53.84455","-0.27484","IO93UU","YOR","East Riding","HU11 5HL","","","🗺️"
"UKBOTA","223","B/G-1017","ROC Post Bridlington Master Post","ROC Bunker","54.12382","-0.21858","IO94VC","YOR","East Riding","YO16 6XJ","true","","🗺️"
"UKBOTA","223","B/G-1018","ROC Post Wilsthorpe","ROC Bunker","54.06039","-0.21426","IO94VB","YOR","East Riding","YO15 3QL","","","🗺️"
"UKBOTA","223","B/G-1019","ROC Post Skipsea","ROC Bunker","53.97581","-0.20904","IO93VX","YOR","East Riding","YO25 8TF","","","🗺️"
"UKBOTA","223","B/G-1020","ROC Post Saltend","ROC Bunker","53.70723","-0.20971","IO93VQ","YOR","East Riding","HU12 8AX","","","🗺️"
"UKBOTA","223","B/G-1021","ROC Post Hornsea","ROC Bunker","53.92587","-0.16945","IO93VW","YOR","East Riding","HU18 1JX","","","🗺️"
"UKBOTA","223","B/G-1022","ROC Post Burton Pidsea","ROC Bunker","53.76521","-0.13320","IO93WS","YOR","East Riding","HU12 9BX","","","🗺️"
"UKBOTA","223","B/G-1023","ROC Post Flamborough","ROC Bunker","54.11613","-0.09788","IO94WC","YOR","East Riding","YO15 1AH","","","🗺️"
"UKBOTA","223","B/G-1024","ROC Post Keyingham","ROC Bunker","53.70125","-0.10195","IO93WQ","YOR","East Riding","HU12 9DP","","","🗺️"
"UKBOTA","223","B/G-1025","ROC Post Aldbrough","ROC Bunker","53.82857","-0.08100","IO93XT","YOR","East Riding","HU11 4SD","","","🗺️"
"UKBOTA","223","B/G-1026","ROC Post Sunk Island","ROC Bunker","53.63466","-0.04171","IO93XP","YOR","East Riding","HU12 0QP","","","🗺️"
"UKBOTA","223","B/G-1027","ROC Post Tunstall Master Post","ROC Bunker","53.76756","-0.01125","IO93XS","YOR","East Riding","HU12 0JQ","true","","🗺️"
"UKBOTA","223","B/G-1028","ROC Post Out Newton","ROC Bunker","53.69719","0.07283","JO03AQ","YOR","East Riding","HU19 2QZ","","","🗺️"
"UKBOTA","223","B/G-1029","ROC Post Kilnsea","ROC Bunker","53.62143","0.13792","JO03BO","YOR","East Riding","HU12 0UH","","","🗺️"
"UKBOTA","223","B/G-1030","ROC Post Sandholme Bank","ROC Bunker","52.93182","0.05288","JO02AW","LIN","Lincolnshire","PE22 0QX","","","🗺️"
"UKBOTA","223","B/G-1031","ROC Group HQ No 1 - Maidstone","ROC Bunker","51.27720","0.50757","JO01GG","MAI","Kent","ME16 0GD","","true","🗺️"
"UKBOTA","223","B/G-1032","ROC Group HQ No 2 - Horsham","ROC Bunker","51.06007","-0.32605","IO91UB","HOR","Sussex","RH12 1GZ","","true","🗺️"
"UKBOTA","223","B/G-1033","ROC Group HQ No 3 - Oxford","ROC Bunker","51.74196","-1.20338","IO91JR","OXF","Oxfordshire","OX4 2WP","","true","🗺️"
"UKBOTA","223","B/G-1034","ROC Group HQ No 4 - Colchester","ROC Bunker","51.88734","0.88295","JO01KV","COL","Essex","CO3 3PH","","true","🗺️"
"UKBOTA","223","B/G-1035","ROC Group HQ No 5 - Watford","ROC Bunker","51.66813","-0.41864","IO91SQ","BED","Hertfordshire","WD17 3PA","","true","🗺️"
"UKBOTA","223","B/G-1036","ROC Group HQ No 6 - Norwich","ROC Bunker","52.65270","1.30445","JO02PP","NOR","Norfolk","NR6 7RB","","true","🗺️"
"UKBOTA","223","B/G-1037","ROC Group HQ No 7 - Bedford","ROC Bunker","52.14148","-0.49931","IO92SD","BED","Bedfordshire","MK40 4EU","","true","🗺️"
"UKBOTA","223","B/G-1038","ROC Group HQ No 8 - Coventry","ROC Bunker","52.35839","-1.33033","IO92II","COV","Warwickshire","CV23 9EU","","true","🗺️"
"UKBOTA","223","B/G-1039","ROC Group HQ No 9 - Yeovil","ROC Bunker","50.93195","-2.64032","IO80QW","YEO","Somerset","BA20 2QS","","true","🗺️"
"UKBOTA","223","B/G-1040","ROC Group HQ No 10 - Exeter (Poltimore Park)","ROC Bunker","50.75452","-3.45889","IO80GS","EXE","Devon","EX4 0BB","","true","🗺️"
"UKBOTA","223","B/G-1041","ROC Group HQ No 11 - Truro","ROC Bunker","50.25986","-5.05853","IO70LG","EXE","Cornwall","TR1 2GH","","true","🗺️"
"UKBOTA","223","B/G-1042","ROC Group HQ No 12 - Bristol","ROC Bunker","51.43011","-2.40981","IO81TK","BRI","Gloucestershire","BA1 9DB","","true","🗺️"
"UKBOTA","223","B/G-1043","ROC Group HQ No 14 - Winchester","ROC Bunker","51.07622","-1.31073","IO91IB","WIN","Hampshire","SO23 7FF","","true","🗺️"
"UKBOTA","223","B/G-1044","ROC Group HQ No 15 - Lincoln","ROC Bunker","53.23926","-0.43412","IO93SF","LIN","Lincolnshire","LN3 4EZ","","true","🗺️"
"UKBOTA","223","B/G-1045","ROC Group HQ No 16 - Shrewsbury","ROC Bunker","52.70876","-2.74301","IO82PR","SHR","Shropshire","SY2 6BZ","","true","🗺️"
"UKBOTA","223","B/G-1046","ROC Group HQ No 18 - Leeds (Yeadon)","ROC Bunker","53.86927","-1.66851","IO93DU","YOR","West Riding","LS19 7AZ","","true","🗺️"
"UKBOTA","223","B/G-1047","ROC Group HQ No 19 - Manchester","ROC Bunker","53.44191","-2.19893","IO83VK","PRE","Lancashire","M19 2FX","","true","🗺️"
"UKBOTA","223","B/G-1048","ROC Group HQ No 20 - York","ROC Bunker","53.95683","-1.11685","IO93KW","YOR","West Riding","YO24 4HU","","true","🗺️"
"UKBOTA","223","B/G-1049","ROC Group HQ No 21 - Preston","ROC Bunker","53.82232","-2.70106","IO83PT","PRE","Lancashire","PR3 2JQ","","true","🗺️"
"UKBOTA","223","B/G-1050","ROC Group HQ No 22 - Carlisle","ROC Bunker","54.93569","-2.96378","IO84MW","CAR","Cumberland","CA6 4BX","","true","🗺️"
"UKBOTA","223","B/G-1051","ROC Group HQ No 23 - Durham","ROC Bunker","54.78026","-1.57245","IO94FS","DUR","Durham","DH1 1LF","","true","🗺️"
"UKBOTA","223","B/G-1052","ROC HQ - Bentley Priory","ROC Bunker","51.62680","-0.33400","IO91TP","BED","Middlesex","HA7 3GF","","true","🗺️"
"UKBOTA","223","B/G-1053","ROC Post Minehead","ROC Bunker","51.21611","-3.51505","IO81FF","YEO","Somerset","TA24 8SJ","","","🗺️"
"UKBOTA","223","B/G-1054","ROC Post Five Barrows","ROC Bunker","51.11652","-3.81232","IO81CC","YEO","Devon","TA24 7LE","","","🗺️"
"UKBOTA","223","B/G-1055","AAOR Abbottswood","AAOR","54.13969","-3.19543","IO84JD","","Lancashire","LA13 0PJ","","","🗺️"
"UKBOTA","223","B/G-1056","AAOR Birkenshaw","AAOR","53.74709","-1.69518","IO93DR","","West Riding","BD11 2DW","","","🗺️"
"UKBOTA","223","B/G-1057","AAOR Conisbrough","AAOR","53.46836","-1.26182","IO93IL","","West Riding","DN12 2BA","","","🗺️"
"UKBOTA","223","B/G-1058","AAOR Crownhill Fort","AAOR","50.41313","-4.13084","IO70WJ","","Devon","PL6 5BX","","","🗺️"
"UKBOTA","223","B/G-1059","AAOR Dover Castle (and Dover WW2 Tunnels)","AAOR","51.12635","1.32564","JO01PD","","Kent","CT16 1LS","","","🗺️"
"UKBOTA","223","B/G-1060","AAOR Elvaston","AAOR","52.88927","-1.38763","IO92HV","","Derbyshire","DE72 3TR","","","🗺️"
"UKBOTA","223","B/G-1061","AAOR Fort Bridgewoods","AAOR","51.35925","0.49633","JO01FI","","Kent","ME1 3AU","","","🗺️"
"UKBOTA","223","B/G-1062","AAOR Fort Fareham","AAOR","50.84080","-1.18758","IO90JU","","Hampshire","PO14 1FD","","","🗺️"
"UKBOTA","223","B/G-1063","AAOR Frodsham","AAOR","53.28419","-2.72142","IO83PG","","Cheshire","WA6 6HD","","","🗺️"
"UKBOTA","223","B/G-1064","AAOR Gosforth","AAOR","55.02694","-1.46186","IO95GA","","Northumberland","NE29 9QL","","","🗺️"
"UKBOTA","223","B/G-1065","AAOR Kirklevington Hall","AAOR","54.48983","-1.33926","IO94HL","","North Riding","TS15 9LH","","","🗺️"
"UKBOTA","223","B/G-1066","AAOR Lansdown","AAOR","51.43008","-2.41134","IO81TK","","Gloucestershire","BA1 9DB","","","🗺️"
"UKBOTA","223","B/G-1067","AAOR Lippetts Hill","AAOR","51.65444","0.01807","JO01AP","","Essex","IG10 4AL","","","🗺️"
"UKBOTA","223","B/G-1068","AAOR Mistley Heath","AAOR","51.93972","1.08573","JO01NW","","Essex","CO11 1FN","","","🗺️"
"UKBOTA","223","B/G-1069","AAOR Pendell Camp","AAOR","51.25575","-0.12555","IO91WG","","Surrey","RH1 3DL","","","🗺️"
"UKBOTA","223","B/G-1070","AAOR Ridgeway Hill","AAOR","50.67007","-2.45560","IO80SQ","","Dorset","DT3 5PR","","","🗺️"
"UKBOTA","223","B/G-1071","AAOR Stoneleigh Park","AAOR","52.34502","-1.50086","IO92FI","","Warwickshire","CV8 2TQ","","","🗺️"
"UKBOTA","223","B/G-1072","AAOR Ullenwood","AAOR","51.85515","-2.09433","IO81WU","","Gloucestershire","GL53 9QB","","","🗺️"
"UKBOTA","223","B/G-1073","AAOR Uxbridge","AAOR","51.54572","-0.46268","IO91SN","","Middlesex","UB10 0RJ","","","🗺️"
"UKBOTA","223","B/G-1074","AAOR Vange","AAOR","51.55030","0.47793","JO01FN","","Essex","SS16 4QG","","","🗺️"
"UKBOTA","223","B/G-1075","AAOR Wawne","AAOR","53.81784","-0.34430","IO93TT","","East Riding","HU7 5FD","","","🗺️"
"UKBOTA","223","B/G-1076","AAOR Worsley","AAOR","53.50235","-2.39194","IO83TM","","Lancashire","M28 2QU","","","🗺️"
"UKBOTA","223","B/G-1077","AAOR Wylde Green","AAOR","52.55091","-1.82298","IO92CN","","Warwickshire","B72 1AR","","","🗺️"
"UKBOTA","223","B/G-1078","Chain Home - Canewdon","Chain Home site","51.61801","0.74888","JO01IO","","Essex","SS4 3FR","","","🗺️"
"UKBOTA","223","B/G-1079","Chain Home - Danby Beacon","Chain Home site","54.47739","-0.87184","IO94NL","","North Riding","YO21 2LL","","","🗺️"
"UKBOTA","223","B/G-1080","Chain Home - Darsham","Chain Home site","52.29152","1.52964","JO02SG","","Suffolk","IP17 3QW","","","🗺️"
"UKBOTA","223","B/G-1081","Chain Home - Dengie","Chain Home site","51.67898","0.86976","JO01KQ","","Essex","CM0 7UH","","","🗺️"
"UKBOTA","223","B/G-1082","Chain Home - Dover (Swingate)","Chain Home site","51.13773","1.33647","JO01QD","","Kent","CT15 5DL","","","🗺️"
"UKBOTA","223","B/G-1083","Chain Home - Downderry","Chain Home site","50.36001","-4.36608","IO70TI","","Cornwall","PL11 3LW","","","🗺️"
"UKBOTA","223","B/G-1084","Chain Home - Drytree","Chain Home site","50.05266","-5.18220","IO70JB","","Cornwall","TR12 6LQ","","","🗺️"
"UKBOTA","223","B/G-1085","Chain Home - Dunkirk","Chain Home site","51.29676","0.97640","JO01LH","","Kent","ME13 9LH","","","🗺️"
"UKBOTA","223","B/G-1086","Chain Home - Great Bromley","Chain Home site","51.89731","1.05665","JO01MV","","Essex","CO7 7UT","","","🗺️"
"UKBOTA","223","B/G-1087","Chain Home - Hawks Tor","Chain Home site","50.44231","-4.04342","IO70XK","","Devon","PL7 5HP","","","🗺️"
"UKBOTA","223","B/G-1089","Chain Home - Northam","Chain Home site","51.04794","-4.21616","IO71VB","","Devon","EX39 1XR","","","🗺️"
"UKBOTA","223","B/G-1090","Chain Home - Ottercops Moss","Chain Home site","55.20063","-2.08952","IO85WE","","Northumberland","NE19 1BN","","","🗺️"
"UKBOTA","223","B/G-1091","Chain Home - Pevensey","Chain Home site","50.84187","0.33366","JO00EU","","Sussex","BN27 1SB","","","🗺️"
"UKBOTA","223","B/G-1092","Chain Home - Poling","Chain Home site","50.83694","-0.52017","IO90RU","","Sussex","BN18 9PS","","","🗺️"
"UKBOTA","223","B/G-1093","Chain Home - RAF Clee Hill","Chain Home site","52.39793","-2.60400","IO82QJ","","Shropshire","SY8 3NY","","","🗺️"
"UKBOTA","223","B/G-1094","Chain Home - Ravenscar","Chain Home site","54.39304","-0.47525","IO94SJ","","North Riding","YO13 0NG","","","🗺️"
"UKBOTA","223","B/G-1095","Chain Home - Renscombe Down (Worth Matravers)","Chain Home site","50.59451","-2.05505","IO80XO","","Dorset","BH19 3LL","","","🗺️"
"UKBOTA","223","B/G-1096","Chain Home - Ringstead","Chain Home site","50.63772","-2.35295","IO80TP","","Dorset","DT2 8NG","","","🗺️"
"UKBOTA","223","B/G-1097","Chain Home - Rye","Chain Home site","50.97458","0.80188","JO00JX","","Kent","TN31 7PG","","","🗺️"
"UKBOTA","223","B/G-1098","Chain Home - Saxmundham","Chain Home site","52.29319","1.53417","JO02SH","","Suffolk","IP17 3QW","","","🗺️"
"UKBOTA","223","B/G-1099","Chain Home - Sennen","Chain Home site","50.06350","-5.66788","IO70DB","","Cornwall","TR19 6LX","","","🗺️"
"UKBOTA","223","B/G-1100","Chain Home - Southbourne","Chain Home site","50.71660","-1.76906","IO90CR","","Hampshire","BH6 4EN","","","🗺️"
"UKBOTA","223","B/G-1101","Chain Home - St. Lawrence","Chain Home site","50.58134","-1.25278","IO90IN","","Hampshire","PO38 1XR","","","🗺️"
"UKBOTA","223","B/G-1102","Chain Home - Staxton Wold","Chain Home site","54.18578","-0.43384","IO94SE","","East Riding","YO12 4TJ","","","🗺️"
"UKBOTA","223","B/G-1103","Chain Home - Stenigot","Chain Home site","53.32632","-0.11563","IO93WH","","Lincolnshire","LN11 9RH","","","🗺️"
"UKBOTA","223","B/G-1104","Chain Home - Stoke Holy Cross","Chain Home site","52.57615","1.32955","JO02PN","","Norfolk","NR14 8NR","","","🗺️"
"UKBOTA","223","B/G-1105","Chain Home - Tower","Chain Home site","53.81293","-3.05549","IO83LT","","Lancashire","FY1 5AR","","","🗺️"
"UKBOTA","223","B/G-1106","Chain Home - Trelanvean","Chain Home site","50.03169","-5.12635","IO70KA","","Cornwall","TR12 6RJ","","","🗺️"
"UKBOTA","223","B/G-1107","Chain Home - Trerew","Chain Home site","50.38558","-5.07923","IO70LJ","","Cornwall","TR8 5JU","","","🗺️"
"UKBOTA","223","B/G-1108","Chain Home - West Beckham","Chain Home site","52.90482","1.18366","JO02OV","","Norfolk","NR25 6PL","","","🗺️"
"UKBOTA","223","B/G-1109","Chain Home - West Prawle","Chain Home site","50.22380","-3.72423","IO80DF","","Devon","TQ8 8PW","","","🗺️"
"UKBOTA","223","B/G-1110","1950s War Room Birmingham (Shirley) - Region 9","Civil Defence","52.40418","-1.82042","IO92CJ","","Warwickshire","B90 4BF","","","🗺️"
"UKBOTA","223","B/G-1111","1950s War Room Bristol (Brislington) - Region 7","Civil Defence","51.42714","-2.54425","IO81RK","","Somerset","BS4 5HE","","","🗺️"
"UKBOTA","223","B/G-1112","1950s War Room Cambridge - Region 4","Civil Defence","52.18771","0.12756","JO02BE","","Cambridgeshire","CB2 8DA","","","🗺️"
"UKBOTA","223","B/G-1113","1950s War Room Gravesend - Region 6","Civil Defence","51.43115","0.36431","JO01EK","","Kent","DA11 7LB","","","🗺️"
"UKBOTA","223","B/G-1114","1950s War Room Leeds - Region 2","Civil Defence","53.84832","-1.59275","IO93EU","","West Riding","LS16 8AA","","","🗺️"
"UKBOTA","223","B/G-1115","1950s War Room London NE - Wanstead - Region 5","Civil Defence","51.56464","0.04261","JO01AN","","Essex","E12 5HP","","","🗺️"
"UKBOTA","223","B/G-1116","1950s War Room London NW - Mill Hill - Region 5","Civil Defence","51.61586","-0.20758","IO91VO","","Middlesex","NW7 1QD","","","🗺️"
"UKBOTA","223","B/G-1117","1950s War Room London SE - Chislehurst - Region 5","Civil Defence","51.42404","0.07982","JO01AK","","Kent","BR7 6GL","","","🗺️"
"UKBOTA","223","B/G-1118","1950s War Room London SW - Cheam- Region 5","Civil Defence","51.37064","-0.22718","IO91VI","","Surrey","SM3 8ET","","","🗺️"
"UKBOTA","223","B/G-1119","1950s War Room Manchester (Cheadle) - Region 10","Civil Defence","53.39622","-2.21601","IO83VJ","","Cheshire","SK8 1DJ","","","🗺️"
"UKBOTA","223","B/G-1120","1950s War Room Newcastle (Kenton Bar) - Region 1","Civil Defence","55.00070","-1.66390","IO95EA","","Northumberland","NE3 3GH","","","🗺️"
"UKBOTA","223","B/G-1121","1950s War Room Nottingham - Region 3","Civil Defence","52.96310","-1.19827","IO92JX","","Nottinghamshire","NG8 3PY","","","🗺️"
"UKBOTA","223","B/G-1122","1950s War Room Reading - Region 6","Civil Defence","51.43892","-0.93457","IO91MK","","Berkshire","RG6 6EU","","","🗺️"
"UKBOTA","223","B/G-1123","1950s War Room Tunbridge Wells - Region 12","Civil Defence","51.12579","0.27917","JO01DD","","Kent","TN2 5FE","","","🗺️"
"UKBOTA","223","B/G-1124","1960s SRHQ - South East - Region 12 - Dover (tunnels)","Civil Defence","51.12645","1.32244","JO01PD","","Kent","CT16 1LX","","","🗺️"
"UKBOTA","223","B/G-1125","1960s SRHQ - South East - Region 5 - Guildford","Civil Defence","51.25495","-0.58993","IO91QG","","Surrey","GU2 9PR","","","🗺️"
"UKBOTA","223","B/G-1126","1960s SRHQ Eastern - Region 4 - Bawburgh","Civil Defence","52.62656","1.19741","JO02OP","","Norfolk","NR9 3LG","","","🗺️"
"UKBOTA","223","B/G-1127","1960s SRHQ Eastern - Region 4 - Hertford","Civil Defence","51.79367","0.08013","JO01AT","","Hertfordshire","CM20 2SF","","","🗺️"
"UKBOTA","223","B/G-1128","1960s SRHQ London - Region 5 - Kelvedon Hatch","Civil Defence","51.67090","0.26202","JO01DQ","","Essex","CM14 5TJ","","","🗺️"
"UKBOTA","223","B/G-1129","1960s SRHQ Midlands - Region 9 - Drakelow","Civil Defence","52.42399","-2.26613","IO82UK","","Worcestershire","DY11 5RZ","","","🗺️"
"UKBOTA","223","B/G-1130","1960s SRHQ Midlands - Region 9 - Swynnerton","Civil Defence","52.89602","-2.23185","IO82VV","","Staffordshire","ST15 0UD","","","🗺️"
"UKBOTA","223","B/G-1131","1960s SRHQ North - Region 1 (Hexham)","Civil Defence","54.97417","-2.09839","IO84WX","","Northumberland","NE46 3BS","","","🗺️"
"UKBOTA","223","B/G-1132","1960s SRHQ North - Region 1 (Shipton)","Civil Defence","54.04932","-1.17367","IO94JB","","North Riding","YO30 1BD","","","🗺️"
"UKBOTA","223","B/G-1133","1960s SRHQ North East - Region 2 - Conisbrough","Civil Defence","53.46836","-1.26182","IO93IL","","West Riding","DN12 2BA","","","🗺️"
"UKBOTA","223","B/G-1134","1960s SRHQ North Midlands - Region 3 - Loughborough","Civil Defence","52.78122","-1.20020","IO92JS","","Leicestershire","LE11 1NY","","","🗺️"
"UKBOTA","223","B/G-1135","1960s SRHQ North Midlands - Region 3- Skendleby","Civil Defence","53.21473","0.15655","JO03BF","","Lincolnshire","LN13 0AF","","","🗺️"
"UKBOTA","223","B/G-1136","1960s SRHQ North West - Region 10 - Southport","Civil Defence","53.64891","-3.00146","IO83LP","","Lancashire","PR9 0NS","","","🗺️"
"UKBOTA","223","B/G-1137","1960s SRHQ South West - Region 7 - Hope Cove","Civil Defence","50.22263","-3.80129","IO80CF","","Devon","TQ7 3DR","","","🗺️"
"UKBOTA","223","B/G-1138","1960s SRHQ South West - Region 7 - Ullenwood","Civil Defence","51.85515","-2.09433","IO81WU","","Gloucestershire","GL53 9QB","","","🗺️"
"UKBOTA","223","B/G-1139","1960s SRHQ Southern - Region 6 - Warren Row","Civil Defence","51.51845","-0.82680","IO91OM","","Berkshire","RG10 8QX","","","🗺️"
"UKBOTA","223","B/G-1140","1980s RGHQ - North West - Region 10 - Hack Green","Civil Defence","53.02723","-2.53050","IO83RA","","Cheshire","CW5 8BL","","","🗺️"
"UKBOTA","223","B/G-1141","1980s RGHQ - South East - Basingstoke","Civil Defence","51.26718","-1.08548","IO91KG","","Hampshire","RG21 7TR","","","🗺️"
"UKBOTA","223","B/G-1142","1980s RGHQ - South East - Crowborough","Civil Defence","51.04320","0.10409","JO01BB","","Sussex","TN22 3JJ","","","🗺️"
"UKBOTA","223","B/G-1143","1980s RGHQ - South West - Region 7 - Bolt Head","Civil Defence","50.22263","-3.80129","IO80CF","","Devon","TQ7 3DR","","","🗺️"
"UKBOTA","223","B/G-1144","1980s RGHQ - South West - Region 7 - Chilmark","Civil Defence","51.06933","-2.02278","IO81XB","","Wiltshire","SP3 5RW","","","🗺️"
"UKBOTA","223","B/G-1145","1980s RGHQ - South West - Region 7 - Ullenwood","Civil Defence","51.85515","-2.09433","IO81WU","","Gloucestershire","GL53 9QB","","","🗺️"
"UKBOTA","223","B/G-1146","ROTOR Radar - Bawburgh (WRK)","ROTOR Radar site","52.62656","1.19741","JO02OP","","Norfolk","NR9 3LG","","","🗺️"
"UKBOTA","223","B/G-1147","ROTOR Radar - Bawdsey (PKD)","ROTOR Radar site","51.99800","1.41759","JO01RX","","Suffolk","IP12 3AT","","","🗺️"
"UKBOTA","223","B/G-1148","ROTOR Radar - Beachy Head (HEB)","ROTOR Radar site","50.74095","0.25210","JO00DR","","Sussex","BN20 7YA","","","🗺️"
"UKBOTA","223","B/G-1149","ROTOR Radar - Bempton (RMF)","ROTOR Radar site","54.14441","-0.17666","IO94VD","","East Riding","YO15 1JF","","","🗺️"
"UKBOTA","223","B/G-1150","ROTOR Radar - Boulmer (EZS)","ROTOR Radar site","55.40585","-1.62254","IO95EJ","","Northumberland","NE66 3AS","","","🗺️"
"UKBOTA","223","B/G-1151","ROTOR Radar - Box (XOB)","ROTOR Radar site","51.41981","-2.21710","IO81VK","","Wiltshire","SN13 9NR","","","🗺️"
"UKBOTA","223","B/G-1152","ROTOR Radar - Calvo (CAL)","ROTOR Radar site","54.87790","-3.33564","IO84HV","","Cumberland","CA7 4PJ","","","🗺️"
"UKBOTA","223","B/G-1153","ROTOR Radar - Charmy Down (CHA)","ROTOR Radar site","51.43032","-2.33510","IO81TK","","Somerset","BA1 8HE","","","🗺️"
"UKBOTA","223","B/G-1154","ROTOR Radar - Chenies (HAM)","ROTOR Radar site","51.68689","-0.53312","IO91RQ","","Hertfordshire","HP5 1XB","","","🗺️"
"UKBOTA","223","B/G-1155","ROTOR Radar - Cold Hesledon (IDW)","ROTOR Radar site","54.81433","-1.35265","IO94HT","","Durham","SR7 8RL","","","🗺️"
"UKBOTA","223","B/G-1156","ROTOR Radar - Comberton (COB)","ROTOR Radar site","52.11321","-2.04814","IO82XC","","Worcestershire","WR10 3PA","","","🗺️"
"UKBOTA","223","B/G-1157","ROTOR Radar - Fairlight (GWB)","ROTOR Radar site","50.87121","0.64499","JO00HU","","Sussex","TN35 4AD","","","🗺️"
"UKBOTA","223","B/G-1158","ROTOR Radar - Foreness (WJW)","ROTOR Radar site","51.38789","1.42653","JO01RJ","","Kent","CT9 3JB","","","🗺️"
"UKBOTA","223","B/G-1159","ROTOR Radar - Goldsborough (JEX)","ROTOR Radar site","54.51272","-0.71949","IO94PM","","North Riding","YO21 3RZ","","","🗺️"
"UKBOTA","223","B/G-1160","ROTOR Radar - Hack Green (HAK)","ROTOR Radar site","53.03081","-2.52781","IO83RA","","Cheshire","CW5 8AL","","","🗺️"
"UKBOTA","223","B/G-1161","ROTOR Radar - Hartland Point (HAT)","ROTOR Radar site","51.02157","-4.51512","IO71RA","","Devon","EX39 6AX","","","🗺️"
"UKBOTA","223","B/G-1162","ROTOR Radar - Holmpton (VQJ)","ROTOR Radar site","53.68108","0.06825","JO03AQ","","East Riding","HU19 2RG","","","🗺️"
"UKBOTA","223","B/G-1163","ROTOR Radar - Hope Cove (HOP)","ROTOR Radar site","50.22263","-3.80129","IO80CF","","Devon","TQ7 3DR","","","🗺️"
"UKBOTA","223","B/G-1164","ROTOR Radar - Hopton (TOH)","ROTOR Radar site","52.52960","1.74339","JO02UM","","Suffolk","NR32 5LQ","","","🗺️"
"UKBOTA","223","B/G-1165","ROTOR Radar - Kelvedon Hatch (XSL)","ROTOR Radar site","51.67090","0.26202","JO01DQ","","Essex","CM14 5TJ","","","🗺️"
"UKBOTA","223","B/G-1166","ROTOR Radar - Langtoft (LAT)","ROTOR Radar site","52.70146","-0.29214","IO92UQ","","Lincolnshire","PE6 9QF","","","🗺️"
"UKBOTA","223","B/G-1167","ROTOR Radar - Longley Lane (LOA)","ROTOR Radar site","53.82273","-2.69874","IO83PT","","Lancashire","PR3 2JQ","","","🗺️"
"UKBOTA","223","B/G-1168","ROTOR Radar - Neatishead (BWP)","ROTOR Radar site","52.71237","1.47172","JO02RR","","Norfolk","NR12 8YB","","","🗺️"
"UKBOTA","223","B/G-1169","ROTOR Radar - Portland (NIB)","ROTOR Radar site","50.56046","-2.43054","IO80SN","","Dorset","DT5 1FR","","","🗺️"
"UKBOTA","223","B/G-1170","ROTOR Radar - Sandwich (YTM)","ROTOR Radar site","51.26919","1.30010","JO01PG","","Kent","CT13 0PQ","","","🗺️"
"UKBOTA","223","B/G-1171","ROTOR Radar - Seaton Snook (DYR)","ROTOR Radar site","54.64445","-1.19729","IO94JP","","Durham","TS25 2BU","","","🗺️"
"UKBOTA","223","B/G-1172","ROTOR Radar - Shipton (KFY)","ROTOR Radar site","54.04932","-1.17367","IO94JB","","North Riding","YO30 1BD","","","🗺️"
"UKBOTA","223","B/G-1173","ROTOR Radar - Skendleby (UPI)","ROTOR Radar site","53.21570","0.15211","JO03BF","","Lincolnshire","LN13 0AF","","","🗺️"
"UKBOTA","223","B/G-1174","ROTOR Radar - Sopley (AVO)","ROTOR Radar site","50.77865","-1.77018","IO90CS","","Hampshire","BH23 7BA","","","🗺️"
"UKBOTA","223","B/G-1175","ROTOR Radar - St Annes (SAN)","ROTOR Radar site","53.76495","-2.99057","IO83MS","","Lancashire","FY8 4NU","","","🗺️"
"UKBOTA","223","B/G-1176","ROTOR Radar - St Margarets (AGC)","ROTOR Radar site","51.15604","1.38785","JO01QD","","Kent","CT15 6DE","","","🗺️"
"UKBOTA","223","B/G-1178","ROTOR Radar - Treleaver (TEL)","ROTOR Radar site","50.01477","-5.11966","IO70KA","","Cornwall","TR12 6SE","","","🗺️"
"UKBOTA","223","B/G-1179","ROTOR Radar - Trimingham (QLE)","ROTOR Radar site","52.89514","1.40305","JO02QV","","Norfolk","NR11 8DY","","","🗺️"
"UKBOTA","223","B/G-1180","ROTOR Radar - Truleigh Hill (SNG)","ROTOR Radar site","50.88463","-0.26133","IO90UV","","Sussex","BN43 5FB","","","🗺️"
"UKBOTA","223","B/G-1181","ROTOR Radar - Ventnor (OJC)","ROTOR Radar site","50.60259","-1.20299","IO90JO","","Hampshire","PO38 1DU","","","🗺️"
"UKBOTA","223","B/G-1182","ROTOR Radar - Wartling (ZUN)","ROTOR Radar site","50.85484","0.35988","JO00EU","","Sussex","BN27 1SA","","","🗺️"
"UKBOTA","223","B/G-1183","BBC Broadcasting House Stronghold","Utility Bunker","51.51922","-0.14439","IO91WM","","Middlesex","W1B 1LU","","","🗺️"
"UKBOTA","223","B/G-1184","Harpenden Air Raid Shelters","WW2","51.81672","-0.35709","IO91TT","","Hertfordshire","AL5 2SD","","","🗺️"
"UKBOTA","223","B/G-1185","The Grove Air Raid Shelters","WW2","51.67894","-0.44301","IO91SQ","","Hertfordshire","WD3 4TG","","","🗺️"
"UKBOTA","223","B/G-1186","Western Approaches Museum","WW2","53.40743","-2.99327","IO83MJ","","Lancashire","L2 8SZ","","","🗺️"
"UKBOTA","223","B/G-1187","Wilton Park HQ - WW2 Eastern Command","WW2","51.60268","-0.61543","IO91QO","","Buckinghamshire","HP9 2BJ","","","🗺️"
"UKBOTA","223","B/G-1188","WW2 Fighter Comd HQ - Battle of Britain Bunker (Uxbridge)","WW2","51.54063","-0.46453","IO91SM","","Middlesex","UB10 0GG","","","🗺️"
"UKBOTA","223","B/G-1189","Airfield Battle HQ - Atcham","WW2 Airfield Battle HQ","52.68541","-2.62600","IO82QQ","","Shropshire","SY4 4UL","","","🗺️"
"UKBOTA","223","B/G-1190","Airfield Battle HQ - Acaster Malbis","WW2 Airfield Battle HQ","53.88735","-1.12149","IO93KV","","West Riding","YO23 2PY","","","🗺️"
"UKBOTA","223","B/G-1191","Airfield Battle HQ - Akeman Street","WW2 Airfield Battle HQ","51.82344","-1.51535","IO91FT","","Oxfordshire","OX29 9XY","","","🗺️"
"UKBOTA","223","B/G-1192","Airfield Battle HQ - Alconbury","WW2 Airfield Battle HQ","52.37340","-0.22006","IO92VI","","Huntingdonshire","PE28 4DL","","","🗺️"
"UKBOTA","223","B/G-1193","Airfield Battle HQ - Alton Barnes","WW2 Airfield Battle HQ","51.36121","-1.85819","IO91BI","","Wiltshire","SN8 4LB","","","🗺️"
"UKBOTA","223","B/G-1194","Airfield Battle HQ - Ashbourne","WW2 Airfield Battle HQ","53.01057","-1.69905","IO93DA","","Derbyshire","DE6 1LN","","","🗺️"
"UKBOTA","223","B/G-1195","Airfield Battle HQ - Attlebridge","WW2 Airfield Battle HQ","52.68758","1.11484","JO02NQ","","Norfolk","NR9 5LB","","","🗺️"
"UKBOTA","223","B/G-1196","Airfield Battle HQ - Baginton","WW2 Airfield Battle HQ","52.36532","-1.49725","IO92GI","","Warwickshire","CV8 3NW","","","🗺️"
"UKBOTA","223","B/G-1197","Airfield Battle HQ - Balderton","WW2 Airfield Battle HQ","53.03598","-0.77127","IO93OA","","Nottinghamshire","NG24 3JW","","","🗺️"
"UKBOTA","223","B/G-1198","Airfield Battle HQ - Bardney","WW2 Airfield Battle HQ","53.22778","-0.28116","IO93UF","","Lincolnshire","LN3 5TP","","","🗺️"
"UKBOTA","223","B/G-1199","Airfield Battle HQ - Barford St John","WW2 Airfield Battle HQ","52.00270","-1.36046","IO92HA","","Oxfordshire","OX15 0PP","","","🗺️"
"UKBOTA","223","B/G-1200","Airfield Battle HQ - Barrow","WW2 Airfield Battle HQ","54.12461","-3.26401","IO84IC","","Lancashire","LA14 3YS","","","🗺️"
"UKBOTA","223","B/G-1201","Airfield Battle HQ - Beccles","WW2 Airfield Battle HQ","52.43681","1.60306","JO02TK","","Suffolk","NR34 7XD","","","🗺️"
"UKBOTA","223","B/G-1202","Airfield Battle HQ - Benson","WW2 Airfield Battle HQ","51.61430","-1.09008","IO91KO","","Oxfordshire","OX10 6AA","","","🗺️"
"UKBOTA","223","B/G-1203","Airfield Battle HQ - Bicester","WW2 Airfield Battle HQ","51.91586","-1.13634","IO91KV","","Oxfordshire","OX27 8AL","","","🗺️"
"UKBOTA","223","B/G-1204","Airfield Battle HQ - Binbrook","WW2 Airfield Battle HQ","53.44395","-0.21794","IO93VK","","Lincolnshire","LN8 3ZW","","","🗺️"
"UKBOTA","223","B/G-1205","Airfield Battle HQ - Blyton","WW2 Airfield Battle HQ","53.44848","-0.69314","IO93PK","","Lincolnshire","DN21 3PF","","","🗺️"
"UKBOTA","223","B/G-1206","Airfield Battle HQ - Bodney","WW2 Airfield Battle HQ","52.55891","0.71971","JO02IN","","Norfolk","IP26 5BX","","","🗺️"
"UKBOTA","223","B/G-1207","Airfield Battle HQ - Bottisham","WW2 Airfield Battle HQ","52.21176","0.26134","JO02DF","","Cambridgeshire","CB25 9BU","","","🗺️"
"UKBOTA","223","B/G-1208","Airfield Battle HQ - Bourn","WW2 Airfield Battle HQ","52.21298","-0.03253","IO92XF","","Cambridgeshire","CB23 7FL","","","🗺️"
"UKBOTA","223","B/G-1209","Airfield Battle HQ - Bovingdon","WW2 Airfield Battle HQ","51.73281","-0.54511","IO91RR","","Buckinghamshire","HP3 0GH","","","🗺️"
"UKBOTA","223","B/G-1210","Airfield Battle HQ - Bradwell Bay","WW2 Airfield Battle HQ","51.73616","0.89612","JO01KR","","Essex","CM0 7HW","","","🗺️"
"UKBOTA","223","B/G-1211","Airfield Battle HQ - Bramcote","WW2 Airfield Battle HQ","52.48028","-1.39552","IO92HL","","Warwickshire","CV12 9JX","","","🗺️"
"UKBOTA","223","B/G-1212","Airfield Battle HQ - RAF Braunstone","WW2 Airfield Battle HQ","52.60400","-1.03529","IO92LO","","Leicestershire","LE2 2FG","","","🗺️"
"UKBOTA","223","B/G-1213","Airfield Battle HQ - Burscough (HMS Ringtail)","WW2 Airfield Battle HQ","53.58813","-2.86542","IO83NO","","Lancashire","L40 8AD","","","🗺️"
"UKBOTA","223","B/G-1214","Airfield Battle HQ - Caistor","WW2 Airfield Battle HQ","53.50058","-0.36166","IO93TM","","Lincolnshire","LN7 6HH","","","🗺️"
"UKBOTA","223","B/G-1215","Airfield Battle HQ - Cammeringham","WW2 Airfield Battle HQ","53.34493","-0.55361","IO93RI","","Lincolnshire","LN1 2YQ","","","🗺️"
"UKBOTA","223","B/G-1216","Airfield Battle HQ - Cark","WW2 Airfield Battle HQ","54.16506","-2.96304","IO84MD","","Lancashire","LA11 7LS","","","🗺️"
"UKBOTA","223","B/G-1217","Airfield Battle HQ - Catfoss","WW2 Airfield Battle HQ","53.91376","-0.27427","IO93UV","","East Riding","YO25 8ES","","","🗺️"
"UKBOTA","223","B/G-1218","Airfield Battle HQ - Charlton Horethorne","WW2 Airfield Battle HQ","51.02032","-2.50180","IO81RA","","Somerset","DT9 4LZ","","","🗺️"
"UKBOTA","223","B/G-1219","Airfield Battle HQ - Charmy Down","WW2 Airfield Battle HQ","51.42901","-2.35494","IO81TK","","Somerset","BA1 8AF","","","🗺️"
"UKBOTA","223","B/G-1220","Airfield Battle HQ - Chedworth","WW2 Airfield Battle HQ","51.81076","-1.93961","IO91AT","","Gloucestershire","GL54 4NU","","","🗺️"
"UKBOTA","223","B/G-1221","Airfield Battle HQ - Chelveston","WW2 Airfield Battle HQ","52.29577","-0.53128","IO92RH","","Bedfordshire","MK44 1AP","","","🗺️"
"UKBOTA","223","B/G-1222","Airfield Battle HQ - Chilbolton","WW2 Airfield Battle HQ","51.14749","-1.44254","IO91GD","","Hampshire","SO20 6AN","","","🗺️"
"UKBOTA","223","B/G-1223","Airfield Battle HQ - Church Fenton","WW2 Airfield Battle HQ","53.84132","-1.19768","IO93JU","","West Riding","LS24 9DX","","","🗺️"
"UKBOTA","223","B/G-1224","Airfield Battle HQ - Church Lawford","WW2 Airfield Battle HQ","52.34949","-1.34783","IO92HI","","Warwickshire","CV23 9JJ","","","🗺️"
"UKBOTA","223","B/G-1225","Airfield Battle HQ - Cleave","WW2 Airfield Battle HQ","50.89082","-4.54703","IO70RV","","Cornwall","EX23 9JH","","","🗺️"
"UKBOTA","223","B/G-1226","Airfield Battle HQ - Clyffe Pypard","WW2 Airfield Battle HQ","51.48236","-1.89022","IO91BL","","Wiltshire","SN4 7PY","","","🗺️"
"UKBOTA","223","B/G-1227","Airfield Battle HQ - Condover","WW2 Airfield Battle HQ","52.63393","-2.72944","IO82PP","","Shropshire","SY5 7NN","","","🗺️"
"UKBOTA","223","B/G-1228","Airfield Battle HQ - Cranage","WW2 Airfield Battle HQ","53.22151","-2.40240","IO83TF","","Cheshire","CW10 9LT","","","🗺️"
"UKBOTA","223","B/G-1229","Airfield Battle HQ - Cranfield","WW2 Airfield Battle HQ","52.07716","-0.61799","IO92QB","","Bedfordshire","MK43 0AH","","","🗺️"
"UKBOTA","223","B/G-1230","Airfield Battle HQ - Croft","WW2 Airfield Battle HQ","54.45978","-1.54599","IO94FL","","North Riding","DL2 2PL","","","🗺️"
"UKBOTA","223","B/G-1231","Airfield Battle HQ - Crosby on Eden","WW2 Airfield Battle HQ","54.94106","-2.79449","IO84OW","","Cumberland","CA6 4NH","","","🗺️"
"UKBOTA","223","B/G-1232","Airfield Battle HQ - Croughton","WW2 Airfield Battle HQ","51.99352","-1.18436","IO91JX","","Northamptonshire","NN13 5XP","","","🗺️"
"UKBOTA","223","B/G-1233","Airfield Battle HQ - Culmhead","WW2 Airfield Battle HQ","50.92323","-3.12890","IO80KW","","Devon","TA3 7DW","","","🗺️"
"UKBOTA","223","B/G-1234","Airfield Battle HQ - Derby","WW2 Airfield Battle HQ","52.87461","-1.57043","IO92FU","","Derbyshire","DE1 9TA","","","🗺️"
"UKBOTA","223","B/G-1235","Airfield Battle HQ - Desborough","WW2 Airfield Battle HQ","52.47405","-0.79257","IO92OL","","Northamptonshire","LE16 8FE","","","🗺️"
"UKBOTA","223","B/G-1236","Airfield Battle HQ - Detling","WW2 Airfield Battle HQ","51.31104","0.60794","JO01HH","","Kent","ME14 3HX","","","🗺️"
"UKBOTA","223","B/G-1237","Airfield Battle HQ - Digby","WW2 Airfield Battle HQ","53.10579","-0.44542","IO93SC","","Lincolnshire","LN4 3DL","","","🗺️"
"UKBOTA","223","B/G-1238","Airfield Battle HQ - Downham Market","WW2 Airfield Battle HQ","52.61382","0.40151","JO02EO","","Norfolk","PE34 3QN","","","🗺️"
"UKBOTA","223","B/G-1239","Airfield Battle HQ - Dunkeswell","WW2 Airfield Battle HQ","50.86832","-3.23245","IO80JU","","Devon","EX14 4AH","","","🗺️"
"UKBOTA","223","B/G-1240","Airfield Battle HQ - Dunsfold","WW2 Airfield Battle HQ","51.11172","-0.54526","IO91RC","","Surrey","GU8 4NP","","","🗺️"
"UKBOTA","223","B/G-1241","Airfield Battle HQ Duxford","WW2 Airfield Battle HQ","52.09310","0.13102","JO02BC","","Cambridgeshire","CB22 4QR","","","🗺️"
"UKBOTA","223","B/G-1242","Airfield Battle HQ - Earls Colne","WW2 Airfield Battle HQ","51.91113","0.69361","JO01IV","","Essex","CO6 2JU","","","🗺️"
"UKBOTA","223","B/G-1243","Airfield Battle HQ - Eastchurch","WW2 Airfield Battle HQ","51.39571","0.84580","JO01KJ","","Kent","ME12 4AA","","","🗺️"
"UKBOTA","223","B/G-1244","Airfield Battle HQ - Elmdon","WW2 Airfield Battle HQ","52.44957","-1.75879","IO92CK","","Warwickshire","B92 9DF","","","🗺️"
"UKBOTA","223","B/G-1245","Airfield Battle HQ - Exeter","WW2 Airfield Battle HQ","50.74026","-3.40695","IO80HR","","Devon","EX5 2GA","","","🗺️"
"UKBOTA","223","B/G-1246","Airfield Battle HQ - Fairlop","WW2 Airfield Battle HQ","51.59041","0.10026","JO01BO","","Essex","IG2 7TE","","","🗺️"
"UKBOTA","223","B/G-1247","Airfield Battle HQ - Feltwell","WW2 Airfield Battle HQ","52.47072","0.50311","JO02GL","","Norfolk","IP26 4JN","","","🗺️"
"UKBOTA","223","B/G-1248","Airfield Battle HQ - Filton","WW2 Airfield Battle HQ","51.51235","-2.58126","IO81RM","","Gloucestershire","BS34 7QS","","","🗺️"
"UKBOTA","223","B/G-1249","Airfield Battle HQ - Finmere","WW2 Airfield Battle HQ","51.98372","-1.07475","IO91LX","","Buckinghamshire","MK18 4AQ","","","🗺️"
"UKBOTA","223","B/G-1250","Airfield Battle HQ - Fiskerton","WW2 Airfield Battle HQ","53.24027","-0.43081","IO93SF","","Lincolnshire","LN3 4GE","","","🗺️"
"UKBOTA","223","B/G-1251","Airfield Battle HQ - Fowlmere","WW2 Airfield Battle HQ","52.08238","0.05965","JO02AB","","Cambridgeshire","SG8 7SH","","","🗺️"
"UKBOTA","223","B/G-1252","Airfield Battle HQ - Goxhill","WW2 Airfield Battle HQ","53.67095","-0.32433","IO93UQ","","Lincolnshire","DN19 7LU","","","🗺️"
"UKBOTA","223","B/G-1253","Airfield Battle HQ - Grafton Underwood","WW2 Airfield Battle HQ","52.41848","-0.63543","IO92QK","","Northamptonshire","NN14 3AB","","","🗺️"
"UKBOTA","223","B/G-1254","Airfield Battle HQ - Great Ashfield","WW2 Airfield Battle HQ","52.26080","0.93782","JO02LG","","Suffolk","IP31 3HP","","","🗺️"
"UKBOTA","223","B/G-1255","Airfield Battle HQ - Grove","WW2 Airfield Battle HQ","51.59936","-1.45017","IO91GO","","Berkshire","OX12 9WQ","","","🗺️"
"UKBOTA","223","B/G-1256","Airfield Battle HQ - Hamble","WW2 Airfield Battle HQ","50.86803","-1.32679","IO90IU","","Hampshire","SO31 4HU","","","🗺️"
"UKBOTA","223","B/G-1257","Airfield Battle HQ - Harrowbeer(1)","WW2 Airfield Battle HQ","50.49415","-4.10262","IO70WL","","Devon","PL20 6EL","","","🗺️"
"UKBOTA","223","B/G-1258","Airfield Battle HQ - Harrowbeer(2)","WW2 Airfield Battle HQ","50.48287","-4.09422","IO70WL","","Devon","PL20 6BN","","","🗺️"
"UKBOTA","223","B/G-1259","Airfield Battle HQ - Hawkinge(1)","WW2 Airfield Battle HQ","51.10919","1.14951","JO01NC","","Kent","CT18 7SD","","","🗺️"
"UKBOTA","223","B/G-1260","Airfield Battle HQ - Hawkinge(2)","WW2 Airfield Battle HQ","51.10947","1.14895","JO01NC","","Kent","CT18 7SD","","","🗺️"
"UKBOTA","223","B/G-1261","Airfield Battle HQ - Hawkinge(3)","WW2 Airfield Battle HQ","51.10876","1.14862","JO01NC","","Kent","CT18 7SD","","","🗺️"
"UKBOTA","223","B/G-1262","Airfield Battle HQ - Hibaldstow","WW2 Airfield Battle HQ","53.49840","-0.52547","IO93RL","","Lincolnshire","DN20 9NN","","","🗺️"
"UKBOTA","223","B/G-1263","Airfield Battle HQ - High Ercall","WW2 Airfield Battle HQ","52.75638","-2.58183","IO82RS","","Shropshire","TF6 6JB","","","🗺️"
"UKBOTA","223","B/G-1264","Airfield Battle HQ - Hinton in the Hedges","WW2 Airfield Battle HQ","52.02896","-1.19902","IO92JA","","Northamptonshire","NN13 5LF","","","🗺️"
"UKBOTA","223","B/G-1265","Airfield Battle HQ - Hixon","WW2 Airfield Battle HQ","52.84339","-1.99803","IO92AU","","Staffordshire","ST18 0GL","","","🗺️"
"UKBOTA","223","B/G-1266","Airfield Battle HQ - Holmsley South","WW2 Airfield Battle HQ","50.79533","-1.70752","IO90DT","","Hampshire","BH23 8DX","","","🗺️"
"UKBOTA","223","B/G-1267","Airfield Battle HQ - Honeybourne","WW2 Airfield Battle HQ","52.08902","-1.83591","IO92BC","","Gloucestershire","WR11 7PG","","","🗺️"
"UKBOTA","223","B/G-1268","Airfield Battle HQ - Hooton Park","WW2 Airfield Battle HQ","53.30181","-2.93990","IO83MH","","Cheshire","CH65 1BJ","","","🗺️"
"UKBOTA","223","B/G-1269","Airfield Battle HQ - Hornchurch","WW2 Airfield Battle HQ","51.53293","0.20850","JO01CM","","Essex","RM13 7YH","","","🗺️"
"UKBOTA","223","B/G-1270","Airfield Battle HQ - Hucknall","WW2 Airfield Battle HQ","53.02228","-1.22757","IO93JA","","Nottinghamshire","NG15 6FT","","","🗺️"
"UKBOTA","223","B/G-1271","Airfield Battle HQ - Hunmanby","WW2 Airfield Battle HQ","54.17923","-0.32744","IO94UE","","East Riding","YO14 0JG","","","🗺️"
"UKBOTA","223","B/G-1272","Airfield Battle HQ - Hunsdon","WW2 Airfield Battle HQ","51.79983","0.06546","JO01AT","","Hertfordshire","CM20 2RA","","","🗺️"
"UKBOTA","223","B/G-1273","Airfield Battle HQ - Hutton Cranswick","WW2 Airfield Battle HQ","53.95017","-0.45274","IO93SW","","East Riding","YO25 9QE","","","🗺️"
"UKBOTA","223","B/G-1274","Airfield Battle HQ - Ibsley","WW2 Airfield Battle HQ","50.87856","-1.76883","IO90CV","","Hampshire","BH24 3NF","","","🗺️"
"UKBOTA","223","B/G-1275","Airfield Battle HQ - Keevil","WW2 Airfield Battle HQ","51.31475","-2.12334","IO81WH","","Wiltshire","BA14 6ER","","","🗺️"
"UKBOTA","223","B/G-1276","Airfield Battle HQ - Kemble","WW2 Airfield Battle HQ","51.66727","-2.04767","IO81XQ","","Wiltshire","GL7 6AY","","","🗺️"
"UKBOTA","223","B/G-1277","Airfield Battle HQ - Kidlington","WW2 Airfield Battle HQ","51.83510","-1.31001","IO91IU","","Oxfordshire","OX5 1RB","","","🗺️"
"UKBOTA","223","B/G-1278","Airfield Battle HQ - Kings Cliffe(1)","WW2 Airfield Battle HQ","52.56203","-0.48463","IO92SN","","Northamptonshire","PE8 5DW","","","🗺️"
"UKBOTA","223","B/G-1279","Airfield Battle HQ - Kings Cliffe(2)","WW2 Airfield Battle HQ","52.56809","-0.48088","IO92SN","","Northamptonshire","PE8 6NU","","","🗺️"
"UKBOTA","223","B/G-1280","Airfield Battle HQ - Kirmington","WW2 Airfield Battle HQ","53.57294","-0.34844","IO93TN","","Lincolnshire","DN39 6YG","","","🗺️"
"UKBOTA","223","B/G-1281","Airfield Battle HQ - Langham","WW2 Airfield Battle HQ","52.93749","0.97128","JO02LW","","Norfolk","NR25 7BP","","","🗺️"
"UKBOTA","223","B/G-1282","Airfield Battle HQ - Little Horwood","WW2 Airfield Battle HQ","51.96451","-0.86264","IO91NX","","Buckinghamshire","MK17 0PD","","","🗺️"
"UKBOTA","223","B/G-1283","Airfield Battle HQ - Little Snoring","WW2 Airfield Battle HQ","52.85976","0.90698","JO02KU","","Norfolk","NR21 0JR","","","🗺️"
"UKBOTA","223","B/G-1284","Airfield Battle HQ - Little Staughton","WW2 Airfield Battle HQ","52.24566","-0.35174","IO92TF","","Huntingdonshire","PE19 5BW","","","🗺️"
"UKBOTA","223","B/G-1285","Airfield Battle HQ - Long Marston","WW2 Airfield Battle HQ","52.14487","-1.74583","IO92DD","","Gloucestershire","CV37 8LN","","","🗺️"
"UKBOTA","223","B/G-1286","Airfield Battle HQ - Lulsgate Bottom","WW2 Airfield Battle HQ","51.38412","-2.71384","IO81PJ","","Somerset","BS48 3DY","","","🗺️"
"UKBOTA","223","B/G-1287","Airfield Battle HQ - Luton","WW2 Airfield Battle HQ","51.88701","-0.36620","IO91TV","","Bedfordshire","LU2 9JB","","","🗺️"
"UKBOTA","223","B/G-1288","Airfield Battle HQ - Lympne","WW2 Airfield Battle HQ","51.08572","1.00924","JO01MC","","Kent","TN25 6DB","","","🗺️"
"UKBOTA","223","B/G-1289","Airfield Battle HQ - Madley","WW2 Airfield Battle HQ","52.03433","-2.85448","IO82NA","","Herefordshire","HR2 9LX","","","🗺️"
"UKBOTA","223","B/G-1290","Airfield Battle HQ - Manston","WW2 Airfield Battle HQ","51.35016","1.35332","JO01QI","","Kent","CT12 5DF","","","🗺️"
"UKBOTA","223","B/G-1291","Airfield Battle HQ - Market Harbrough","WW2 Airfield Battle HQ","52.49968","-0.94419","IO92ML","","Leicestershire","LE16 7QB","","","🗺️"
"UKBOTA","223","B/G-1292","Airfield Battle HQ - Martlesham Heath","WW2 Airfield Battle HQ","52.06971","1.27770","JO02PB","","Suffolk","IP12 4UQ","","","🗺️"
"UKBOTA","223","B/G-1293","Airfield Battle HQ - Matlaske","WW2 Airfield Battle HQ","52.86458","1.18532","JO02OU","","Norfolk","NR11 7LE","","","🗺️"
"UKBOTA","223","B/G-1294","Airfield Battle HQ - Meir","WW2 Airfield Battle HQ","52.96470","-2.10373","IO82WX","","Staffordshire","ST3 7FE","","","🗺️"
"UKBOTA","223","B/G-1295","Airfield Battle HQ - Merston","WW2 Airfield Battle HQ","50.81702","-0.73799","IO90PT","","Sussex","PO20 1LG","","","🗺️"
"UKBOTA","223","B/G-1296","Airfield Battle HQ - Methwold","WW2 Airfield Battle HQ","52.50609","0.56039","JO02GM","","Norfolk","IP26 4RJ","","","🗺️"
"UKBOTA","223","B/G-1297","Airfield Battle HQ - Middleton St. George(1)","WW2 Airfield Battle HQ","54.51428","-1.42784","IO94GM","","Durham","DL2 1NJ","","","🗺️"
"UKBOTA","223","B/G-1298","Airfield Battle HQ - Middleton St. George(2)","WW2 Airfield Battle HQ","54.51474","-1.41254","IO94HM","","Durham","TS16 0TD","","","🗺️"
"UKBOTA","223","B/G-1299","Airfield Battle HQ - Montford Bridge","WW2 Airfield Battle HQ","52.75299","-2.84551","IO82NS","","Shropshire","SY4 1HD","","","🗺️"
"UKBOTA","223","B/G-1300","Airfield Battle HQ - Mount Farm","WW2 Airfield Battle HQ","51.66269","-1.15215","IO91KP","","Oxfordshire","OX10 7BJ","","","🗺️"
"UKBOTA","223","B/G-1301","Airfield Battle HQ - North Luffenham","WW2 Airfield Battle HQ","52.62866","-0.60290","IO92QP","","Rutland","LE15 8JT","","","🗺️"
"UKBOTA","223","B/G-1302","Airfield Battle HQ - Oakington","WW2 Airfield Battle HQ","52.26589","0.07064","JO02AG","","Cambridgeshire","CB24 3AU","","","🗺️"
"UKBOTA","223","B/G-1303","Airfield Battle HQ - Oakley","WW2 Airfield Battle HQ","51.77781","-1.07230","IO91LS","","Buckinghamshire","HP18 9JT","","","🗺️"
"UKBOTA","223","B/G-1304","Airfield Battle HQ - Old Sarum","WW2 Airfield Battle HQ","51.09344","-1.80204","IO91CC","","Wiltshire","SP1 3SD","","","🗺️"
"UKBOTA","223","B/G-1305","Airfield Battle HQ - Ossington","WW2 Airfield Battle HQ","53.17822","-0.89320","IO93NE","","Nottinghamshire","NG23 6ND","","","🗺️"
"UKBOTA","223","B/G-1306","Airfield Battle HQ - Pendeford","WW2 Airfield Battle HQ","52.62646","-2.15626","IO82WP","","Staffordshire","WV9 5SH","","","🗺️"
"UKBOTA","223","B/G-1307","Airfield Battle HQ - Perranporth","WW2 Airfield Battle HQ","50.33015","-5.18357","IO70JH","","Cornwall","TR5 0XS","","","🗺️"
"UKBOTA","223","B/G-1308","Airfield Battle HQ - Pershore","WW2 Airfield Battle HQ","52.14064","-2.02859","IO82XD","","Worcestershire","WR10 2JY","","","🗺️"
"UKBOTA","223","B/G-1309","Airfield Battle HQ - Peterborough","WW2 Airfield Battle HQ","52.58334","-0.26869","IO92UO","","Northamptonshire","PE3 9TR","","","🗺️"
"UKBOTA","223","B/G-1310","Airfield Battle HQ - Pocklington","WW2 Airfield Battle HQ","53.91993","-0.79495","IO93OW","","East Riding","YO42 1AD","","","🗺️"
"UKBOTA","223","B/G-1311","Airfield Battle HQ - Podington","WW2 Airfield Battle HQ","52.23578","-0.59623","IO92QF","","Bedfordshire","NN29 7JQ","","","🗺️"
"UKBOTA","223","B/G-1312","Airfield Battle HQ - Polebrook","WW2 Airfield Battle HQ","52.46958","-0.38107","IO92TL","","Northamptonshire","PE8 5LZ","","","🗺️"
"UKBOTA","223","B/G-1313","Airfield Battle HQ - Predannack","WW2 Airfield Battle HQ","49.99699","-5.22388","IN79JX","","Cornwall","TR12 7LH","","","🗺️"
"UKBOTA","223","B/G-1314","Airfield Battle HQ - Ramsbury","WW2 Airfield Battle HQ","51.42576","-1.61176","IO91EK","","Wiltshire","SN8 2HN","","","🗺️"
"UKBOTA","223","B/G-1315","Airfield Battle HQ - Redhill","WW2 Airfield Battle HQ","51.21786","-0.13497","IO91WF","","Surrey","RH1 5YP","","","🗺️"
"UKBOTA","223","B/G-1316","Airfield Battle HQ - Rednal","WW2 Airfield Battle HQ","52.84124","-2.94536","IO82MU","","Shropshire","SY11 4HT","","","🗺️"
"UKBOTA","223","B/G-1317","Airfield Battle HQ - Rochford","WW2 Airfield Battle HQ","51.56833","0.69220","JO01IN","","Essex","SS2 6YU","","","🗺️"
"UKBOTA","223","B/G-1318","Airfield Battle HQ - Rougham","WW2 Airfield Battle HQ","52.24347","0.77685","JO02JF","","Suffolk","IP30 9ND","","","🗺️"
"UKBOTA","223","B/G-1319","Airfield Battle HQ - Sawbridgeworth","WW2 Airfield Battle HQ","51.84331","0.12348","JO01BU","","Hertfordshire","CM21 0LT","","","🗺️"
"UKBOTA","223","B/G-1320","Airfield Battle HQ - Seighford","WW2 Airfield Battle HQ","52.82487","-2.20936","IO82VT","","Staffordshire","ST18 9GZ","","","🗺️"
"UKBOTA","223","B/G-1321","Airfield Battle HQ - Shawbury","WW2 Airfield Battle HQ","52.80183","-2.67484","IO82PT","","Shropshire","SY4 4DR","","","🗺️"
"UKBOTA","223","B/G-1322","Airfield Battle HQ - Shellingford","WW2 Airfield Battle HQ","51.64212","-1.52263","IO91FP","","Berkshire","SN7 8LD","","","🗺️"
"UKBOTA","223","B/G-1323","Airfield Battle HQ - Shobdon","WW2 Airfield Battle HQ","52.24722","-2.88024","IO82NF","","Herefordshire","HR6 9NR","","","🗺️"
"UKBOTA","223","B/G-1324","Airfield Battle HQ - Shoreham","WW2 Airfield Battle HQ","50.84102","-0.29846","IO90UU","","Sussex","BN15 0RL","","","🗺️"
"UKBOTA","223","B/G-1325","Airfield Battle HQ - Silloth","WW2 Airfield Battle HQ","54.88323","-3.37432","IO84HV","","Cumberland","CA7 4QJ","","","🗺️"
"UKBOTA","223","B/G-1326","Airfield Battle HQ - Spittlegate","WW2 Airfield Battle HQ","52.90705","-0.60704","IO92QV","","Lincolnshire","NG31 9ET","","","🗺️"
"UKBOTA","223","B/G-1327","Airfield Battle HQ - Stapleford Tawney","WW2 Airfield Battle HQ","51.65086","0.16320","JO01BP","","Essex","RM4 1RR","","","🗺️"
"UKBOTA","223","B/G-1328","Airfield Battle HQ - Stoke Orchard","WW2 Airfield Battle HQ","51.94802","-2.09773","IO81WW","","Gloucestershire","GL52 7AA","","","🗺️"
"UKBOTA","223","B/G-1329","Airfield Battle HQ - Stratford","WW2 Airfield Battle HQ","52.16559","-1.69103","IO92DD","","Warwickshire","CV37 8BE","","","🗺️"
"UKBOTA","223","B/G-1330","Airfield Battle HQ - Stretton (HMS Blackcap)","WW2 Airfield Battle HQ","53.34940","-2.52243","IO83RI","","Cheshire","WA4 4RG","","","🗺️"
"UKBOTA","223","B/G-1331","Airfield Battle HQ - Swinderby","WW2 Airfield Battle HQ","53.14210","-0.67465","IO93PD","","Lincolnshire","LN6 9QF","","","🗺️"
"UKBOTA","223","B/G-1332","Airfield Battle HQ - Sywell","WW2 Airfield Battle HQ","52.30406","-0.77799","IO92OH","","Northamptonshire","NN6 0FL","","","🗺️"
"UKBOTA","223","B/G-1333","Airfield Battle HQ - Tatenhill","WW2 Airfield Battle HQ","52.81494","-1.77043","IO92CT","","Staffordshire","DE13 8SN","","","🗺️"
"UKBOTA","223","B/G-1334","Airfield Battle HQ - Ternhill","WW2 Airfield Battle HQ","52.93903","-2.65436","IO82QW","","Shropshire","SY13 4BT","","","🗺️"
"UKBOTA","223","B/G-1335","Airfield Battle HQ - Thorpe Abbots","WW2 Airfield Battle HQ","52.38634","1.21720","JO02OJ","","Norfolk","IP21 4HY","","","🗺️"
"UKBOTA","223","B/G-1336","Airfield Battle HQ - Tibenham","WW2 Airfield Battle HQ","52.45215","1.15501","JO02NK","","Norfolk","NR15 2EN","","","🗺️"
"UKBOTA","223","B/G-1337","Airfield Battle HQ - Twinwood farm","WW2 Airfield Battle HQ","52.18330","-0.49666","IO92SE","","Bedfordshire","MK41 6BL","","","🗺️"
"UKBOTA","223","B/G-1338","Airfield Battle HQ - Warboys","WW2 Airfield Battle HQ","52.40000","-0.09816","IO92WJ","","Huntingdonshire","PE28 2RU","","","🗺️"
"UKBOTA","223","B/G-1339","Airfield Battle HQ - Warton","WW2 Airfield Battle HQ","53.74626","-2.88656","IO83NR","","Lancashire","PR4 1AX","","","🗺️"
"UKBOTA","223","B/G-1340","Airfield Battle HQ - Waterbeach","WW2 Airfield Battle HQ","52.27823","0.18409","JO02CG","","Cambridgeshire","CB25 9GU","","","🗺️"
"UKBOTA","223","B/G-1341","Airfield Battle HQ - Wellesbourne Mountford","WW2 Airfield Battle HQ","52.19047","-1.61874","IO92EE","","Warwickshire","CV35 9EU","","","🗺️"
"UKBOTA","223","B/G-1342","Airfield Battle HQ - Wellingore","WW2 Airfield Battle HQ","53.07912","-0.51834","IO93RB","","Lincolnshire","LN5 0DF","","","🗺️"
"UKBOTA","223","B/G-1343","Airfield Battle HQ - Wendling","WW2 Airfield Battle HQ","52.70430","0.84688","JO02KQ","","Norfolk","PE32 2NH","","","🗺️"
"UKBOTA","223","B/G-1344","Airfield Battle HQ - West Malling","WW2 Airfield Battle HQ","51.26508","0.40249","JO01EG","","Kent","ME19 4GF","","","🗺️"
"UKBOTA","223","B/G-1345","Airfield Battle HQ - West Raynham","WW2 Airfield Battle HQ","52.78742","0.75071","JO02JS","","Norfolk","NR21 7JT","","","🗺️"
"UKBOTA","223","B/G-1346","Airfield Battle HQ - Wickenby","WW2 Airfield Battle HQ","53.30862","-0.34666","IO93TH","","Lincolnshire","LN3 5AX","","","🗺️"
"UKBOTA","223","B/G-1347","Airfield Battle HQ - Windrush","WW2 Airfield Battle HQ","51.80669","-1.73683","IO91DT","","Gloucestershire","OX18 4TP","","","🗺️"
"UKBOTA","223","B/G-1348","Airfield Battle HQ - Woodford(1)","WW2 Airfield Battle HQ","53.33930","-2.15916","IO83WI","","Cheshire","SK7 1SR","","","🗺️"
"UKBOTA","223","B/G-1349","Airfield Battle HQ - Woodford(2)","WW2 Airfield Battle HQ","53.33318","-2.16469","IO83WH","","Cheshire","SK7 1RN","","","🗺️"
"UKBOTA","223","B/G-1350","Airfield Battle HQ - Woodley","WW2 Airfield Battle HQ","51.45615","-0.88309","IO91NK","","Berkshire","RG5 4SR","","","🗺️"
"UKBOTA","223","B/G-1351","Airfield Battle HQ - Worthy Down","WW2 Airfield Battle HQ","51.10724","-1.32918","IO91IC","","Hampshire","SO21 2QW","","","🗺️"
"UKBOTA","223","B/G-1352","Airfield Battle HQ - Wymeswold","WW2 Airfield Battle HQ","52.80015","-1.12412","IO92KT","","Leicestershire","LE12 5HH","","","🗺️"
"UKBOTA","223","B/G-1354","Fort Widley Civil Defence Bunker","Civil Defence","50.85439","-1.06832","IO90LU","","Hampshire","PO6 3EU","","","🗺️"
"UKBOTA","223","B/G-1355","BBC Bunker - Droitwich","Utility Bunker","52.29754","-2.10577","IO82WH","","Worcestershire","WR9 0DF","","","🗺️"
"UKBOTA","223","B/G-1356","BBC Bunker - Wooferton","Utility Bunker","52.30971","-2.72053","IO82PH","","Herefordshire","SY8 4AW","","","🗺️"
"UKBOTA","223","B/G-1357","Brede Southern Water Bunker","Utility Bunker","50.93160","0.58087","JO00GW","","Sussex","TN31 6HG","","","🗺️"
"UKBOTA","223","B/G-1358","Paddock Standby Cabinet War Room","WW2","51.56215","-0.23764","IO91VN","","Middlesex","NW2 7DZ","","","🗺️"
"UKBOTA","223","B/G-1362","ROC Post Berwick-upon-Tweed","ROC Bunker","55.78651","-2.03505","IO85XS","EDI","Northumberland","TD15 1UU","","","🗺️"
"UKBOTA","223","B/G-1363","RAF Blakelaw 13 Group Filter Room","MOD/Government","54.99597","-1.67007","IO94DX","","Northumberland","NE5 3SB","","","🗺️"
"UKBOTA","223","B/G-1364","BT Repeater Station Winterton-on-sea","Utility Bunker","52.71821","1.69182","JO02UR","","Norfolk","NR29 4BH","","","🗺️"
"UKBOTA","223","B/G-1365","RRH Neatishead Transmission site","ROTOR Radar site","52.74410","1.46738","JO02RR","","Norfolk","NR12 8YU","","","🗺️"
"UKBOTA","223","B/G-1366","Blunsdon Thames Water Bunker","Civil Defence","51.61132","-1.78919","IO91CO","","Wiltshire","SN26 7AU","","","🗺️"
"UKBOTA","223","B/G-1367","Hillingdon Borough Control","Civil Defence","51.54389","-0.47605","IO91SN","","Middlesex","UB8 9SA","","","🗺️"
"UKBOTA","223","B/G-1368","Middlesex County Control - Hatch End","Civil Defence","51.61034","-0.35407","IO91TO","","Middlesex","HA3 6SP","","","🗺️"
"UKBOTA","223","B/G-1369","Middlesex County Control - Wembley","Civil Defence","51.56600","-0.28215","IO91UN","","Middlesex","HA9 9PF","","","🗺️"
"UKBOTA","223","B/G-1370","Southend Borough Control","Civil Defence","51.54933","0.70817","JO01IN","","Essex","SS2 6LQ","","","🗺️"
"UKBOTA","223","B/G-1371","Donnington Thames Water Control Centre","Civil Defence","51.94556","-1.72211","IO91DW","","Gloucestershire","GL56 0XY","","","🗺️"
"UKBOTA","223","B/G-1372","Norwich County Emergency Headquarters","Civil Defence","52.62763","1.32714","JO02PP","","Norfolk","NR7 7SA","","","🗺️"
"UKBOTA","223","B/G-1373","Burlington Emergency Government Bunker, Corsham","MOD/Government","51.42095","-2.22043","IO81VK","","Wiltshire","SN13 9GW","","","🗺️"
"UKBOTA","223","B/G-1374","Aylesbury Buckinghamshire County Emergency Centre","Civil Defence","51.81462","-0.81199","IO91OT","","Buckinghamshire","HP20 1UA","","","🗺️"
"UKBOTA","223","B/G-1375","Cherwell District Council Emergency Centre, Banbury","Civil Defence","52.06278","-1.33626","IO92HB","","Oxfordshire","OX16 5NG","","","🗺️"
"UKBOTA","223","B/G-1376","Exeter Borough Control","Civil Defence","50.73555","-3.52757","IO80FR","","Devon","EX4 6TL","","","🗺️"
"UKBOTA","223","B/G-1377","Great Yarmouth Telephone Exchange Bunker","Utility Bunker","52.61296","1.72465","JO02UO","","Norfolk","NR30 1PW","","","🗺️"
"UKBOTA","223","B/G-1378","Berkshire County Council Emergency Control Bunker","Civil Defence","51.41634","-0.95352","IO91MJ","","Berkshire","RG2 9FW","","","🗺️"
"UKBOTA","223","B/G-1379","Admiralty Citadel","Civil Defence","51.50571","-0.12945","IO91WM","","Middlesex","SW1A 2BE","","","🗺️"
"UKBOTA","223","B/G-1380","Beaconsfield County Standby Emergency Centre","Civil Defence","51.61189","-0.64581","IO91QO","","Buckinghamshire","HP9 2PP","","","🗺️"
"UKBOTA","223","B/G-1381","Bedminster Sub Control","Civil Defence","51.42603","-2.61478","IO81QK","","Somerset","BS13 7AL","","","🗺️"
"UKBOTA","223","B/G-1382","Berkshire County Council Standby Control Bunker","Civil Defence","51.39887","-1.32195","IO91IJ","","Berkshire","RG14 5DN","","","🗺️"
"UKBOTA","223","B/G-1383","Bexley Emergency Centre","Civil Defence","51.45542","0.15031","JO01BK","","Kent","DA6 7BJ","","","🗺️"
"UKBOTA","223","B/G-1384","Birkenhead Wirral Metropolitan Borough Emergency Centre","Civil Defence","53.37987","-3.03590","IO83LJ","","Cheshire","CH42 9NL","","","🗺️"
"UKBOTA","223","B/G-1385","Birmingham Severn Trent Water Emergency Control Centre","Civil Defence","52.47539","-1.93350","IO92AL","","Warwickshire","B16 9DD","","","🗺️"
"UKBOTA","223","B/G-1386","Blyth Area Control","Civil Defence","55.12340","-1.51508","IO95FC","","Northumberland","NE24 2PH","","","🗺️"
"UKBOTA","223","B/G-1387","Bodmin District Council Emergency Centre","Civil Defence","50.47029","-4.71547","IO70PL","","Cornwall","PL31 2AE","","","🗺️"
"UKBOTA","223","B/G-1388","Bootle Merseyside County Main Emergency Centre","Civil Defence","53.44595","-2.99345","IO83MK","","Lancashire","L20 7BE","","","🗺️"
"UKBOTA","223","B/G-1390","Brighouse West Yorkshire Sub County Control","Civil Defence","53.70424","-1.78683","IO93CQ","","West Riding","HD6 2AG","","","🗺️"
"UKBOTA","223","B/G-1391","Brightlingsea Urban District Council Control","Civil Defence","51.81177","1.02332","JO01MT","","Essex","CO7 0JB","","","🗺️"
"UKBOTA","223","B/G-1392","Bristol Waterworks Emergency Control Centre","Civil Defence","51.23299","-2.47985","IO81SF","","Somerset","BA3 5HH","","","🗺️"
"UKBOTA","223","B/G-1393","South Cambridgeshire District Emergency Centre","Civil Defence","52.19841","0.12874","JO02BE","","Cambridgeshire","CB2 1GE","","","🗺️"
"UKBOTA","223","B/G-1394","Camden Borough Control","Civil Defence","51.55678","-0.14703","IO91WN","","Middlesex","NW5 1PX","","","🗺️"
"UKBOTA","223","B/G-1395","Castlepoint Borough Emergency Centre","Civil Defence","51.56183","0.58472","JO01HN","","Essex","SS7 1TF","","","🗺️"
"UKBOTA","223","B/G-1397","Chelmsford Essex County Emergency Centre","Civil Defence","51.73403","0.46910","JO01FR","","Essex","CM1 1BT","","","🗺️"
"UKBOTA","223","B/G-1398","Cheltenham Emergency Centre","Civil Defence","51.89908","-2.07823","IO81XV","","Gloucestershire","GL50 9SA","","","🗺️"
"UKBOTA","223","B/G-1399","Chiltern District Council Emergency Centre","Civil Defence","51.67540","-0.60435","IO91QQ","","Buckinghamshire","HP6 5AY","","","🗺️"
"UKBOTA","223","B/G-1400","RAF Biggin Hill (Former) - Underground Air-Raid Shelter","WW2 Air Raid Shelter","51.32444","0.03889","JO01AH","","Kent","TN16 3BH","","","🗺️"
"UKBOTA","223","B/G-1401","County Borough of Bournemouth Area Control","Civil Defence","50.73754","-1.75546","IO90CR","","Hampshire","BH23 3AH","","","🗺️"
"UKBOTA","223","B/G-1402","Civil Defence Control Centre Gravesend","Civil Defence","51.43083","0.36430","JO01EK","","Kent","DA11 7LB","","","🗺️"
"UKBOTA","223","B/G-1403","Coswarth South West Water Emergency Control Centre","Civil Defence","50.40199","-5.01041","IO70LJ","","Cornwall","TR8 4LJ","","","🗺️"
"UKBOTA","223","B/G-1404","Cottingham Yorkshire Water Emergency Control Centre","Civil Defence","53.79343","-0.41186","IO93TT","","East Riding","HU16 4HE","","","🗺️"
"UKBOTA","223","B/G-1405","Crawley Borough Emergency Centre","Civil Defence","51.11693","-0.18405","IO91VC","","Sussex","RH10 0ZY","","","🗺️"
"UKBOTA","223","B/G-1406","Dagenham Borough Control","Civil Defence","51.56093","0.15598","JO01BN","","Essex","RM10 7BN","","","🗺️"
"UKBOTA","223","B/G-1407","Dagenham WW2 Civil Defence Control Centre","Civil Defence","51.55720","0.13446","JO01BN","","Essex","RM8 3HT","","","🗺️"
"UKBOTA","223","B/G-1408","Doncaster Borough Control","Civil Defence","53.51976","-1.13759","IO93KM","","West Riding","DN1 3AE","","","🗺️"
"UKBOTA","223","B/G-1409","East Dereham Breckland District Emergency Centre","Civil Defence","52.68190","0.93797","JO02LQ","","Norfolk","NR19 2BB","","","🗺️"
"UKBOTA","223","B/G-1410","East Ham Borough Control","Civil Defence","51.55489","0.04787","JO01AN","","Essex","E12 5DF","","","🗺️"
"UKBOTA","223","B/G-1411","Edmonton Borough Control Site","Civil Defence","51.63254","-0.06960","IO91XP","","Middlesex","N9 9EN","","","🗺️"
"UKBOTA","223","B/G-1412","Ellesmere Port Emergency Centre","Civil Defence","53.27693","-2.90376","IO83NG","","Cheshire","CH34 9SY","","","🗺️"
"UKBOTA","223","B/G-1413","Finsbury Borough Control","Civil Defence","51.52718","-0.10800","IO91WM","","Middlesex","EC1R 4AB","","","🗺️"
"UKBOTA","223","B/G-1414","Gillingham Borough Control","Civil Defence","51.37609","0.55323","JO01GJ","","Kent","ME7 5AY","","","🗺️"
"UKBOTA","223","B/G-1415","Hackney Borough Control","Civil Defence","51.54548","-0.05673","IO91XN","","Middlesex","E8 1ES","","","🗺️"
"UKBOTA","223","B/G-1416","Halifax County Borough Control","Civil Defence","53.71821","-1.86033","IO93BR","","West Riding","HX1 2JN","","","🗺️"
"UKBOTA","223","B/G-1417","Harrogate Civil Defence Centre","Civil Defence","54.00101","-1.53368","IO94FA","","West Riding","HG1 4LE","","","🗺️"
"UKBOTA","223","B/G-1418","Hastings Borough Council Control","Civil Defence","50.88489","0.55329","JO00GV","","Sussex","TN37 7LJ","","","🗺️"
"UKBOTA","223","B/G-1419","Hayes Sub Area Control","Civil Defence","51.49534","-0.43191","IO91SL","","Middlesex","UB3 4AF","","","🗺️"
"UKBOTA","223","B/G-1420","Huddersfield Civil Defence Control Centre","Civil Defence","53.64214","-1.78505","IO93CP","","West Riding","HD1 3EB","","","🗺️"
"UKBOTA","223","B/G-1421","Lambeth Council Emergency Centre","Civil Defence","51.46076","-0.11555","IO91WL","","Surrey","SW2 1JX","","","🗺️"
"UKBOTA","223","B/G-1422","Luton County Borough Control","Civil Defence","51.87607","-0.41949","IO91SV","","Bedfordshire","LU1 5DN","","","🗺️"
"UKBOTA","223","B/G-1423","Metropolitan Water Board Air Raid Shelter","Civil Defence","51.52932","-0.10697","IO91WM","","Middlesex","EC1R 1XA","","","🗺️"
"UKBOTA","223","B/G-1425","Northolt Sub Control","Civil Defence","51.54195","-0.36624","IO91TN","","Middlesex","UB5 6AG","","","🗺️"
"UKBOTA","223","B/G-1426","Orpington Southern Railway Control Centre","Civil Defence","51.37507","0.08835","JO01BJ","","Kent","BR6 0SL","","","🗺️"
"UKBOTA","223","B/G-1427","Portsmouth District Council Emergency Centre","Civil Defence","50.85433","-1.06811","IO90LU","","Hampshire","PO6 3EU","","","🗺️"
"UKBOTA","223","B/G-1428","Reading Thames Water Bunker","Civil Defence","51.43630","-0.97870","IO91MK","","Berkshire","RG2 0PY","","","🗺️"
"UKBOTA","223","B/G-1429","Rotherham County Borough Control","Civil Defence","53.44172","-1.32101","IO93IK","","West Riding","S65 3LA","","","🗺️"
"UKBOTA","223","B/G-1430","Rothwell Civil Defence Control","Civil Defence","53.74556","-1.48135","IO93GR","","West Riding","LS26 0DJ","","","🗺️"
"UKBOTA","223","B/G-1431","Stoke Newington Borough Control","Civil Defence","51.56166","-0.08376","IO91WN","","Middlesex","N16 0JR","","","🗺️"
"UKBOTA","223","B/G-1432","Woking Borough Emergency Centre","Civil Defence","51.32111","-0.55906","IO91RH","","Surrey","GU21 6YL","","","🗺️"
"UKBOTA","223","B/G-1433","Goodwood Auxiliary Unit Operational Base (OB)","WW2 Aux Operational Base Bunker","50.86939","-0.68244","IO90PU","","Sussex","PO18 0QS","","","🗺️"
"UKBOTA","223","B/G-1434","Iden Auxiliary Unit Operational Base (OB)","WW2 Aux Operational Base Bunker","50.96533","0.69300","JO00IX","","Sussex","TN31 6XS","","","🗺️"
"UKBOTA","223","B/G-1435","Firle Auxiliary Unit Operational Base (OB)","WW2 Aux Operational Base Bunker","50.83670","0.09181","JO00BU","","Sussex","BN8 6LP","","","🗺️"
"UKBOTA","223","B/G-1436","Staplefield Auxiliary Unit Operational Base (OB)","WW2 Aux Operational Base Bunker","50.98490","-0.17934","IO90VX","","Sussex","RH17 5AR","","","🗺️"
"UKBOTA","223","B/G-1437","Hurstpierpoint Auxiliary Unit Operational Base (OB)","WW2 Aux Operational Base Bunker","50.91309","-0.17468","IO90VV","","Sussex","BN6 9BD","","","🗺️"
"UKBOTA","223","B/G-1438","Bathampton Auxiliary Unit Operational Base (OB)","WW2 Aux Operational Base Bunker","51.38467","-2.32046","IO81UJ","","Somerset","BA2 7PD","","","🗺️"
"UKBOTA","223","B/G-1439","Stansted Auxiliary Unit Operational Base (OB)","WW2 Aux Operational Base Bunker","50.90335","-0.91910","IO90MV","","Sussex","PO9 6EE","","","🗺️"
"UKBOTA","223","B/G-1440","Shipley Auxiliary Unit Operational Base (OB)","WW2 Aux Operational Base Bunker","50.99401","-0.37361","IO90TX","","Sussex","RH13 8PB","","","🗺️"
"UKBOTA","223","B/G-1441","Middleton-on-the-Wolds Auxiliary Unit Operational Base (OB)","WW2 Aux Operational Base Bunker","53.92536","-0.55372","IO93RW","","East Riding","YO25 9BY","","","🗺️"
"UKBOTA","223","B/G-1442","Alkham Auxiliary Unit Operational Base (OB)","WW2 Aux Operational Base Bunker","51.12929","1.19433","JO01OD","","Kent","CT15 7EH","","","🗺️"
"UKBOTA","223","B/G-1443","Bishop Burton Auxiliary Unit Operational Base (OB)","WW2 Aux Operational Base Bunker","53.83028","-0.51126","IO93RT","","East Riding","HU17 8AR","","","🗺️"
"UKBOTA","223","B/G-1444","Hornsea Auxiliary Unit Operational Base (OB)","WW2 Aux Operational Base Bunker","53.89026","-0.19231","IO93VV","","East Riding","HU11 5RW","","","🗺️"
"UKBOTA","223","B/G-1445","Bewholme Auxiliary Unit Operational Base (OB)","WW2 Aux Operational Base Bunker","53.92695","-0.24220","IO93VW","","East Riding","YO25 8DX","","","🗺️"
"UKBOTA","223","B/G-1446","Wedmore Auxiliary Unit Operational Base (OB)","WW2 Aux Operational Base Bunker","51.21175","-2.80953","IO81OF","","Somerset","BS28 4XW","","","🗺️"
"UKBOTA","223","B/G-1447","Burrington Auxiliary Unit Operational Base (OB)","WW2 Aux Operational Base Bunker","51.32072","-2.74429","IO81PH","","Somerset","BS40 7TZ","","","🗺️"
"UKBOTA","223","B/G-1448","Wells Auxiliary Unit Operational Base (OB)","WW2 Aux Operational Base Bunker","51.19493","-2.61890","IO81QE","","Somerset","BA5 3FH","","","🗺️"
"UKBOTA","223","B/G-1449","Compton Bishop Auxiliary Unit Operational Base (OB)","WW2 Aux Operational Base Bunker","51.29065","-2.86656","IO81NG","","Somerset","BS26 2HN","","","🗺️"
"UKBOTA","223","B/G-1450","Winterborne Came Auxiliary Unit Operational Base (OB)","WW2 Aux Operational Base Bunker","51.32991","-2.82237","IO81OH","","Somerset","BS25 5PR","","","🗺️"
"UKBOTA","223","B/G-1451","Churchill Auxiliary Unit Operational Base (OB)","WW2 Aux Operational Base Bunker","52.21484","1.59676","JO02TF","","Suffolk","IP16 4UW","","","🗺️"
"UKBOTA","223","B/G-1453","Stratford St. Andrew Auxiliary Unit Operational Base (OB)","WW2 Aux Operational Base Bunker","52.18647","1.43204","JO02RE","","Suffolk","IP17 1LG","","","🗺️"
"UKBOTA","223","B/G-1454","Swineshead Auxiliary Unit Operational Base (OB)","WW2 Aux Operational Base Bunker","52.95104","-0.14836","IO92WW","","Lincolnshire","PE20 3EY","","","🗺️"
"UKBOTA","223","B/G-1455","Holton Auxiliary Unit Operational Base (OB)","WW2 Aux Operational Base Bunker","52.34208","1.52647","JO02SI","","Suffolk","IP19 8PP","","","🗺️"
"UKBOTA","223","B/G-1456","Upton Pyne Auxiliary Unit Operational Base (OB)","WW2 Aux Operational Base Bunker","50.75964","-3.54535","IO80FS","","Devon","EX5 5EB","","","🗺️"
"UKBOTA","223","B/G-1457","Snargate Auxiliary Unit Operational Base (OB)","WW2 Aux Operational Base Bunker","51.01987","0.82600","JO01JA","","Kent","TN29 9UJ","","","🗺️"
"UKBOTA","223","B/G-1458","Claverton Auxiliary Unit Operational Base (OB)","WW2 Aux Operational Base Bunker","51.36915","-2.34615","IO81TI","","Somerset","BA2 5AF","","","🗺️"
"UKBOTA","223","B/G-1459","Ston Easton Auxiliary Unit Operational Base (OB)","WW2 Aux Operational Base Bunker","51.28941","-2.51333","IO81RG","","Somerset","BS39 7SS","","","🗺️"
"UKBOTA","223","B/G-1460","St. Agnes Auxiliary Unit Operational Base (OB)","WW2 Aux Operational Base Bunker","50.33952","-5.16958","IO70JI","","Cornwall","TR6 0EB","","","🗺️"
"UKBOTA","223","B/G-1461","Bathampton Auxiliary Unit Operational Base (OB)","WW2 Aux Operational Base Bunker","51.38451","-2.32040","IO81UJ","","Somerset","BA2 7PD","","","🗺️"
"UKBOTA","223","B/G-1462","Church Knowle Auxiliary Unit Operational Base (OB)","WW2 Aux Operational Base Bunker","50.64485","-2.08763","IO80WP","","Dorset","BH20 5DT","","","🗺️"
"UKBOTA","223","B/G-1463","Abberley Auxiliary Unit Operational Base (OB)","WW2 Aux Operational Base Bunker","52.30306","-2.36835","IO82TH","","Worcestershire","WR6 6BZ","","","🗺️"
"UKBOTA","223","B/G-1464","Peopleton Auxiliary Unit Operational Base (OB)","WW2 Aux Operational Base Bunker","52.15426","-2.10402","IO82WD","","Worcestershire","WR10 2AU","","","🗺️"
"UKBOTA","223","B/G-1465","Warenford Auxiliary Unit Operational Base (OB)","WW2 Aux Operational Base Bunker","55.54554","-1.79870","IO95CN","","Northumberland","NE70 7HU","","","🗺️"
"UKBOTA","223","B/G-1466","Belford Auxiliary Unit Operational Base (OB)","WW2 Aux Operational Base Bunker","55.59235","-1.86193","IO95BO","","Northumberland","NE70 7QL","","","🗺️"
"UKBOTA","223","B/G-1467","Bury Auxiliary Unit Operational Base (OB)","WW2 Aux Operational Base Bunker","50.90075","-0.58925","IO90QV","","Sussex","BN18 9FD","","","🗺️"
"UKBOTA","223","B/G-1468","Kirkleatham Auxiliary Unit Operational Base (OB)","WW2 Aux Operational Base Bunker","54.57436","-1.07337","IO94LN","","North Riding","TS14 6FE","","","🗺️"
"UKBOTA","223","B/G-1469","Fowey Auxiliary Unit Operational Base (OB)","WW2 Aux Operational Base Bunker","50.35083","-4.66576","IO70QI","","Cornwall","PL23 1JZ","","","🗺️"
"UKBOTA","223","B/G-1470","Constantine Auxiliary Unit Operational Base (OB)","WW2 Aux Operational Base Bunker","50.12529","-5.19094","IO70JD","","Cornwall","TR11 5QF","","","🗺️"
"UKBOTA","223","B/G-1471","Bridgerule Auxiliary Unit Operational Base (OB)","WW2 Aux Operational Base Bunker","50.78990","-4.45512","IO70SS","","Cornwall","EX22 7EB","","","🗺️"
"UKBOTA","223","B/G-1473","Liskeard Auxiliary Unit Operational Base (OB)","WW2 Aux Operational Base Bunker","50.44328","-4.42826","IO70SK","","Cornwall","PL14 3PQ","","","🗺️"
"UKBOTA","223","B/G-1474","Alfrick Auxiliary Unit Operational Base (OB)","WW2 Aux Operational Base Bunker","52.18190","-2.38782","IO82TE","","Worcestershire","WR6 5QP","","","🗺️"
"UKBOTA","223","B/G-1475","St. Breward Auxiliary Unit Operational Base (OB)","WW2 Aux Operational Base Bunker","50.58615","-4.67282","IO70PO","","Cornwall","PL32 9QE","","","🗺️"
"UKBOTA","223","B/G-1476","St. Issey Auxiliary Unit Operational Base (OB)","WW2 Aux Operational Base Bunker","50.49352","-4.90829","IO70NL","","Cornwall","PL27 7RD","","","🗺️"
"UKBOTA","223","B/G-1477","St. Keyne Auxiliary Unit Operational Base (OB)","WW2 Aux Operational Base Bunker","50.43100","-4.47734","IO70SK","","Cornwall","PL14 4QL","","","🗺️"
"UKBOTA","223","B/G-1478","Kendal Emergency Centre","Civil Defence","54.33242","-2.74766","IO84PH","","Westmorland","LA9 4RJ","","","🗺️"
"UKBOTA","223","B/G-1479","Crowle Auxiliary Unit Operational Base (OB)","WW2 Aux Operational Base Bunker","52.21799","-2.11837","IO82WF","","Worcestershire","WR7 4AE","","","🗺️"
"UKBOTA","223","B/G-1480","Hepscott Auxiliary Unit Operational Base (OB)","WW2 Aux Operational Base Bunker","55.14707","-1.62499","IO95ED","","Northumberland","NE22 6AZ","","","🗺️"
"UKBOTA","223","B/G-1481","Chelwood Auxiliary Unit Operational Base (OB)","WW2 Aux Operational Base Bunker","51.35961","-2.49688","IO81SI","","Somerset","BA2 9AD","","","🗺️"
"UKBOTA","223","B/G-1482","Leigh Auxiliary Unit Operational Base (OB)","WW2 Aux Operational Base Bunker","51.20119","0.17398","JO01CE","","Kent","TN11 8LE","","","🗺️"
"UKBOTA","223","B/G-1483","Polebrook Air Raid Shelter","WW2 Air Raid Shelter","52.46855","-0.39127","IO92TL","","Northamptonshire","PE8 5LY","","","🗺️"
"UKBOTA","223","B/G-1484","Swanley Air Raid Shelter cluster","WW2 Air Raid Shelter","51.41598","0.17726","JO01CJ","","Kent","DA2 7QF","","","🗺️"
"UKBOTA","223","B/G-1485","Southampton Air Raid Shelter","WW2 Air Raid Shelter","50.90011","-1.40568","IO90HV","","Hampshire","SO14 2BJ","","","🗺️"
"UKBOTA","223","B/G-1486","Solihull (Coppice Junior School) Air Raid Shelter","WW2 Air Raid Shelter","52.42926","-1.76229","IO92CK","","Warwickshire","B92 9JY","","","🗺️"
"UKBOTA","223","B/G-1487","Sutton-upon-Tern Air Raid Shelter","WW2 Air Raid Shelter","52.87529","-2.52889","IO82RV","","Shropshire","TF9 2JA","","","🗺️"
"UKBOTA","223","B/G-1488","Solihull (Lode Heath School) Air Raid Shelter","WW2 Air Raid Shelter","52.42534","-1.77804","IO92CK","","Warwickshire","B91 2HW","","","🗺️"
"UKBOTA","223","B/G-1489","Chetwynd Rural, RAF Chetwyn Air Raid Shelter","WW2 Air Raid Shelter","52.81643","-2.40947","IO82TT","","Shropshire","TF10 8AJ","","","🗺️"
"UKBOTA","223","B/G-1490","Whitehaven Air Raid Shelter 1","WW2 Air Raid Shelter","54.54774","-3.58611","IO84EN","","Cumberland","CA28 7NL","","","🗺️"
"UKBOTA","223","B/G-1491","Whitehaven Air Raid Shelter 2","WW2 Air Raid Shelter","54.55041","-3.58776","IO84EN","","Cumberland","CA28 7UZ","","","🗺️"
"UKBOTA","223","B/G-1492","Nursling Air Raid Shelter","WW2 Air Raid Shelter","50.93871","-1.48617","IO90GW","","Hampshire","SO16 0AH","","","🗺️"
"UKBOTA","223","B/G-1493","Sarre Army HQ","WW2 Army HQ bunker","51.34046","1.24131","JO01OI","","Kent","CT7 0ES","","","🗺️"
"UKBOTA","223","B/G-1494","Sigglesthorne Auxiliary Station","WW2 Auxiliary SD Control Station","53.89161","-0.24110","IO93VV","","East Riding","HU11 5QH","","","🗺️"
"UKBOTA","223","B/G-1495","Battle Auxiliary Station","WW2 Auxiliary SD Control Station","50.89900","0.52710","JO00GV","","Sussex","TN33 0SH","","","🗺️"
"UKBOTA","223","B/G-1496","Ryehill Wood Auxiliary Station","WW2 Auxiliary SD Control Outstation","54.54700","-1.14046","IO94KN","","North Riding","TS6 0SZ","","","🗺️"
"UKBOTA","223","B/G-1497","Chardstock Auxiliary Station","WW2 Auxiliary SD Control Outstation","50.84049","-3.02223","IO80LU","","Dorset","EX13 7JU","","","🗺️"
"UKBOTA","223","B/G-1498","Hamstreet Auxiliary Station","WW2 Auxiliary SD Control Outstation","51.07275","0.87062","JO01KB","","Kent","TN26 2PG","","","🗺️"
"UKBOTA","223","B/G-1499","Hulleys Farm Auxiliary Station","WW2 Auxiliary SD Control Outstation","54.35509","-0.45973","IO94SI","","North Riding","YO13 0AU","","","🗺️"
"UKBOTA","223","B/G-1500","Little Maplestead Auxiliary Station","WW2 Auxiliary SD Control Zero Station","51.96886","0.62617","JO01HX","","Essex","CO9 2QR","","","🗺️"
"UKBOTA","223","B/G-1501","Ardingly Auxiliary Station","WW2 Auxiliary SD Control Zero Station","51.06637","-0.09325","IO91WB","","Sussex","RH17 6TN","","","🗺️"
"UKBOTA","223","B/G-1502","RAF Ash bunker, Sandwich","MOD/Government","51.27029","1.29301","JO01PG","","Kent","CT13 0PW","","","🗺️"
"UKBOTA","223","B/G-1503","St. Margarets's at Cliffe Coastal Defence Bunker","WW2 Coastal Defence Bunker","51.14141","1.37134","JO01QD","","Kent","CT15 6HP","","","🗺️"
"UKBOTA","223","B/G-1504","Atwick WW Command Post","WW2 Command Post","53.94270","-0.18273","IO93VW","","East Riding","YO25 8DF","","","🗺️"
"UKBOTA","223","B/G-1505","Overbury Auxiliary Unit Operational Base (OB)","WW2 Aux Operational Base Bunker","52.04712","-2.06674","IO82XB","","Gloucestershire","GL20 7PH","","","🗺️"
"UKBOTA","223","B/G-1507","Porthcurno Telegraph Station tunnels","Utility Bunker","50.04686","-5.65511","IO70EB","","Cornwall","TR19 6JX","","","🗺️"
"UKBOTA","223","B/G-1508","Seaford GPO Repeater Station (Chyngton Bunker)","Utility Bunker","50.77490","0.14521","JO00BS","","Sussex","BN25 4AB","","","🗺️"
"UKBOTA","223","B/G-1509","Richmond WW2 Air Raid Shelter","WW2 Air Raid Shelter","51.46728","-0.26954","IO91UL","","Surrey","SW14 7NG","","","🗺️"
"UKBOTA","223","B/G-1510","Guardian Telephone Exchange","Cold War Telecomms Bunker","53.47776","-2.24176","IO83VL","","Lancashire","M1 4LX","","","🗺️"
"UKBOTA","223","B/G-1511","Warmley BT Repeater Bunker","Cold War Telecomms Bunker","51.45949","-2.47784","IO81SL","","Gloucestershire","BS30 8YE","","","🗺️"
"UKBOTA","223","B/G-1512","Portsmouth BT Repeater Bunker","Cold War Telecomms Bunker","50.85809","-1.05868","IO90LU","","Hampshire","PO7 5SE","","","🗺️"
"UKBOTA","223","B/G-1513","Stockport BT Repeater Bunker","Cold War Telecomms Bunker","53.40313","-2.14894","IO83WJ","","Cheshire","SK1 4LW","","","🗺️"
"UKBOTA","223","B/G-1514","Lyndon Green BT Repeater Bunker","Cold War Telecomms Bunker","52.45546","-1.79397","IO92CK","","Warwickshire","B26 3AY","","","🗺️"
"UKBOTA","223","B/G-1515","Queslett BT Repeater Bunker","Cold War Telecomms Bunker","52.54626","-1.92481","IO92AN","","Staffordshire","B43 6ED","","","🗺️"
"UKBOTA","223","B/G-1516","RAF Coltishall - WW2 Operations Bunker","WW2 Airfield Operations Bunker","52.75930","1.34494","JO02QS","","Norfolk","NR10 5GB","","","🗺️"
"UKBOTA","223","B/G-1517","RAF Greenham Common - WW2/Cold War Bunker","WW2/Cold War Bunker","51.37311","-1.28137","IO91II","","Berkshire","RG19 6AD","","","🗺️"
"UKBOTA","223","B/G-1518","RAF Watton (Former) - Cold War Communications Bunker","Cold War Telecomms Bunker","52.56069","0.86320","JO02KN","","Norfolk","IP25 6QE","","","🗺️"
"UKBOTA","223","B/G-1519","RAF Chilmark (Former) - WW2 Ammunition Bunker","WW2 Storage Bunker","51.07880","-2.03638","IO81XB","","Wiltshire","SP3 5DU","","","🗺️"
"UKBOTA","223","B/G-1520","Paulsgrove Quarry WW2 Radio Station Bunker","WW2 Radio Station Bunker","50.85615","-1.09653","IO90KU","","Hampshire","PO6 4DQ","","","🗺️"
"UKBOTA","223","B/G-1521","Portland Underground Hospital (WW2)","WW2 Hospital (underground)","50.56604","-2.44461","IO80SN","","Dorset","DT5 1AX","","","🗺️"
"UKBOTA","223","B/G-1522","RAF Bentwaters (Former) - Cold War Bunker","Cold War Bunker","52.13147","1.43174","JO02RD","","Suffolk","IP12 2TZ","","","🗺️"
"UKBOTA","223","B/G-1523","Chain Home - RAF Bawdsey (transmitter block)","Chain Home site","51.99363","1.40855","JO01QX","","Suffolk","IP12 3BA","","","🗺️"
"UKBOTA","223","B/G-1524","RAF Eastbury Park WW2 HQ Coastal Command Bunker","WW2 Operational HQ","51.61967","-0.40972","IO91TO","","Hertfordshire","HA6 3FX","","","🗺️"
"UKBOTA","223","B/G-1525","RAF (USAF) Burtonwood (former) storage bunkers","WW2/Cold War Storage Bunker","53.40927","-2.65517","IO83QJ","","Lancashire","WA5 3TY","","","🗺️"
"UKBOTA","223","B/G-1526","Brompton WW2 Underground Air-Raid Shelter","WW2 Air Raid Shelter","51.39039","0.53203","JO01GJ","","Kent","ME7 5GB","","","🗺️"
"UKBOTA","223","B/G-1527","Pollington WW2 Underground Air-Raid Shelter","WW2 Air Raid Shelter","53.66926","-1.05969","IO93LQ","","West Riding","DN14 0DJ","","","🗺️"
"UKBOTA","223","B/G-1528","Middlewood WW2 Underground Air-Raid Shelter","WW2 Air Raid Shelter","53.42203","-1.52321","IO93FK","","West Riding","S35 0HT","","","🗺️"
"UKBOTA","223","B/G-1529","Cambridge WW2 Underground Air-Raid Shelter (Coleridge Road)","WW2 Air Raid Shelter","52.19266","0.14621","JO02BE","","Cambridgeshire","CB1 3PN","","","🗺️"
"UKBOTA","223","B/G-1530","Withington WW2 Underground Air-Raid Shelter","WW2 Air Raid Shelter","51.82082","-1.95748","IO91AT","","Gloucestershire","GL54 4NX","","","🗺️"
"UKBOTA","223","B/G-1531","Birkenshaw WW2 Underground Air-Raid Shelter","WW2 Air Raid Shelter","53.74615","-1.69307","IO93DR","","West Riding","BD11 2LU","","","🗺️"
"UKBOTA","223","B/G-1532","Kenilworth WW2 Underground Air-Raid Shelter (Rosemary Hill)","WW2 Air Raid Shelter","52.34731","-1.57843","IO92FI","","Warwickshire","CV8 1BN","","","🗺️"
"UKBOTA","223","B/G-1533","East Mersea WW2 Auxiliary Command Bunker","WW2 Aux Operational Base Bunker","51.80045","0.97945","JO01LT","","Essex","CO5 8TR","","","🗺️"
"UKBOTA","223","B/G-1534","Barrow-in-Furness WW2 Underground Air-Raid Shelter","WW2 Air Raid Shelter","54.10126","-3.23147","IO84JC","","Lancashire","LA14 2TX","","","🗺️"
"UKBOTA","223","B/G-1535","Wrythe WW2 Underground Air-Raid Shelter","WW2 Air Raid Shelter","51.37106","-0.17040","IO91VI","","Surrey","SM5 2RA","","","🗺️"
"UKBOTA","223","B/G-1536","Brinksway WW2 Deep Level Air-Raid Shelter","WW2 Air Raid Shelter","53.40626","-2.17779","IO83VJ","","Cheshire","SK3 0JX","","","🗺️"
"UKBOTA","223","B/G-1537","Alfold WW2 Underground Air-Raid Shelter","WW2 Air Raid Shelter","51.09210","-0.54031","IO91RC","","Surrey","GU6 8XP","","","🗺️"
"UKBOTA","223","B/G-1538","Beeston WW2 Underground Air-Raid Shelter","WW2 Air Raid Shelter","52.92229","-1.19339","IO92JW","","Nottinghamshire","NG9 1SH","","","🗺️"
"UKBOTA","223","B/G-1539","Dover WW2 Underground Air-Raid Shelter","WW2 Air Raid Shelter","51.12076","1.30580","JO01PC","","Kent","CT17 9DX","","","🗺️"
"UKBOTA","223","B/G-1540","Grenoside WW2 Underground Air-Raid Shelter","WW2 Air Raid Shelter","53.44227","-1.50254","IO93FK","","West Riding","S35 8SE","","","🗺️"
"UKBOTA","223","B/G-1541","Hamsptead Norreys WW2 Underground Air-Raid Shelter","WW2 Air Raid Shelter","51.48707","-1.22310","IO91JL","","Berkshire","RG18 0TL","","","🗺️"
"UKBOTA","223","B/G-1542","RAF Kenley (Former) - WW2 Ammunition Bunker","WW2 Storage Bunker","51.30296","-0.10059","IO91WH","","Surrey","CR8 5EP","","","🗺️"
"UKBOTA","223","B/G-1543","RAF Biggin Hill (Former) - Operations Bunker","WW2 Air Operations Bunker","51.33168","0.02794","JO01AH","","Kent","TN16 3GH","","","🗺️"
"UKBOTA","223","B/G-1545","Coulsdon WW2 Air Raid Shelter","WW2 Air Raid Shelter","51.27304","-0.17754","IO91VG","","Surrey","RH2 0TZ","","","🗺️"
"UKBOTA","223","B/G-1547","St Helens (IOW), WW2 Air Raid Shelter","WW2 Air Raid Shelter","50.69905","-1.11073","IO90KQ","","Hampshire","PO33 1TD","","","🗺️"
"UKBOTA","223","B/G-1548","WW2 Coastal Observation Bunker, Newhaven","WW2 Observation Bunker","50.78230","0.05446","JO00AS","","Sussex","BN9 9DS","","","🗺️"
"UKBOTA","223","B/G-1549","WW2 Coastal Observation Bunker, Walney","WW2 Observation Bunker","54.10957","-3.26756","IO84IC","","Lancashire","LA14 3NY","","","🗺️"
"UKBOTA","223","B/G-1550","WW2 Coastal Observation Post, Portland (1)","WW2 Observation Bunker","50.54247","-2.45507","IO80SN","","Dorset","DT5 2JR","","","🗺️"
"UKBOTA","223","B/G-1551","WW2 Coastal Observation Post, Portland (2)","WW2 Observation Bunker","50.59400","-2.43113","IO80SO","","Dorset","DT4 8UR","","","🗺️"
"UKBOTA","223","B/G-1552","WW2 Command Bunker (Starfish Decoy), Great Gidding","WW2 Command Bunker","52.42643","-0.35878","IO92TK","","Huntingdonshire","PE28 5NP","","","🗺️"
"UKBOTA","223","B/G-1553","WW2 Command Bunker (Starfish Decoy), Hutton Moor","WW2 Command Bunker","54.50365","-1.07221","IO94LM","","North Riding","TS14 8ES","","","🗺️"
"UKBOTA","223","B/G-1554","WW2 Command Bunker (Starfish Decoy), Osmotherley","WW2 Command Bunker","54.37452","-1.27221","IO94II","","North Riding","DL6 3QB","","","🗺️"
"UKBOTA","223","B/G-1555","WW2 Command Bunker (Starfish Decoy), Wormegay","WW2 Command Bunker","52.68504","0.44513","JO02FQ","","Norfolk","PE33 0RP","","","🗺️"
"UKBOTA","223","B/G-1556","WW2 Command Bunker, Wanstone","WW2 Command Bunker","51.14141","1.37207","JO01QD","","Kent","CT15 6HP","","","🗺️"
"UKBOTA","223","B/G-1557","WW2 Command Post Bunker, Farthingloe","WW2 Command Bunker","51.10733","1.27083","JO01PC","","Kent","CT17 9FL","","","🗺️"
"UKBOTA","223","B/G-1560","WW2 Command Post, Fairlight","WW2 Command Bunker","50.89176","0.69024","JO00IV","","Sussex","TN35 4EN","","","🗺️"
"UKBOTA","223","B/G-1561","WW2 Command Post, Falmouth","WW2 Command Bunker","50.14582","-5.04602","IO70LD","","Cornwall","TR11 4WZ","","","🗺️"
"UKBOTA","223","B/G-1562","WW2 Command Post, Portland","WW2 Command Bunker","50.58613","-2.41806","IO80SO","","Dorset","DT5 1PA","","","🗺️"
"UKBOTA","223","B/G-1563","WW2 Command Post, The Needles (IOW)","WW2 Command Bunker","50.66222","-1.57830","IO90FP","","Hampshire","PO39 0JH","","","🗺️"
"UKBOTA","223","B/G-1564","WW2 Observation Post","WW2 Observation Bunker","52.00880","1.43284","JO02RA","","Suffolk","IP12 3AP","","","🗺️"
"UKBOTA","223","B/G-1565","WW2 Observation Post Bunker, Audenshaw Reservoir","WW2 Observation Bunker","53.46627","-2.12441","IO83WL","","Lancashire","M34 5LU","","","🗺️"
"UKBOTA","223","B/G-1566","WW2 Observation Post Bunker, Farthingloe (1)","WW2 Observation Bunker","51.10643","1.27117","JO01PC","","Kent","CT17 9FL","","","🗺️"
"UKBOTA","223","B/G-1567","WW2 Observation Post Bunker, Farthingloe (2)","WW2 Observation Bunker","51.10678","1.27204","JO01PC","","Kent","CT17 9FL","","","🗺️"
"UKBOTA","223","B/G-1568","WW2 Observation Post Bunker, Hill Head (1)","WW2 Observation Bunker","50.82835","-1.26975","IO90IT","","Hampshire","PO14 4NS","","","🗺️"
"UKBOTA","223","B/G-1569","WW2 Observation Post Bunker, Hill Head (2)","WW2 Observation Bunker","50.82808","-1.26908","IO90IT","","Hampshire","PO14 4NS","","","🗺️"
"UKBOTA","223","B/G-1571","WW2 Observation Post Bunker, West Lulworth","WW2 Observation Bunker","50.61650","-2.22908","IO80VO","","Dorset","BH20 5SA","","","🗺️"
"UKBOTA","223","B/G-1572","RAF Cardington, WW2 defence bunker cluster","WW2 Airfield Defences","52.11070","-0.41702","IO92SC","","Bedfordshire","MK42 0ZS","","","🗺️"
"UKBOTA","223","B/G-1573","RAF Cranfield, WW2 ground defence bunker cluster","WW2 Airfield Defences","52.06966","-0.63718","IO92QB","","Bedfordshire","MK43 0AZ","","","🗺️"
"UKBOTA","223","B/G-1574","RAF Harwell, WW2 ground defence bunker cluster","WW2 Airfield Defences","51.56972","-1.30418","IO91IN","","Berkshire","OX11 0TT","","","🗺️"
"UKBOTA","223","B/G-1575","RAF Membury, WW2 ground defence bunker cluster","WW2 Airfield Defences","51.47686","-1.55905","IO91FL","","Berkshire","RG17 7RZ","","","🗺️"
"UKBOTA","223","B/G-1576","RAF Finmere, WW2 bomb store bunker","WW2 Storage Bunker","51.97889","-1.06589","IO91LX","","Buckinghamshire","MK18 4NQ","","","🗺️"
"UKBOTA","223","B/G-1577","RAF Turweston, WW2 bomb store bunker","WW2 Storage Bunker","52.03348","-1.09026","IO92KA","","Buckinghamshire","NN13 5YD","","","🗺️"
"UKBOTA","223","B/G-1578","RAF Turweston, WW2 ground defence bunker cluster","WW2 Airfield Defences","52.03750","-1.10327","IO92KA","","Buckinghamshire","NN13 5YD","","","🗺️"
"UKBOTA","223","B/G-1579","RAF Bassingbourn, WW2 ground defence bunker cluster","WW2 Airfield Defences","52.08991","-0.04990","IO92XC","","Cambridgeshire","SG8 5LL","","","🗺️"
"UKBOTA","223","B/G-1580","RAF Castle Camps, WW2 ground defence bunker cluster","WW2 Airfield Defences","52.05233","0.38021","JO02EB","","Cambridgeshire","CB21 4TH","","","🗺️"
"UKBOTA","223","B/G-1581","RAF Duxford, WW2 air raid shelter","WW2 Air Raid Shelter","52.09532","0.12545","JO02BC","","Cambridgeshire","CB22 4QL","","","🗺️"
"UKBOTA","223","B/G-1582","RAF Mepal, WW2 air raid shelter","WW2 Air Raid Shelter","52.39747","0.14212","JO02BJ","","Cambridgeshire","CB6 2LG","","","🗺️"
"UKBOTA","223","B/G-1583","RAF Oakington, WW2 ground defence bunker cluster","WW2 Airfield Defences","52.27791","0.05675","JO02AG","","Cambridgeshire","CB24 3DF","","","🗺️"
"UKBOTA","223","B/G-1584","RAF Snailwell, WW2 ground defence bunker cluster","WW2 Air Raid Shelter","52.26371","0.42636","JO02FG","","Cambridgeshire","CB8 7PH","","","🗺️"
"UKBOTA","223","B/G-1585","RAF Wyton, WW2 ground defence bunker cluster","WW2 Airfield Defences","52.35788","-0.12477","IO92WI","","Huntingdonshire","PE28 2DU","","","🗺️"
"UKBOTA","223","B/G-1586","RAF Cranage, WW2 ground defence bunker cluster","WW2 Airfield Defences","53.22001","-2.40518","IO83TF","","Cheshire","CW10 9NG","","","🗺️"
"UKBOTA","223","B/G-1587","Tranmere WW2 Deep Shelter / Tunnels","WW2 Air Raid Shelter","53.38243","-3.01997","IO83LJ","","Cheshire","CH41 9DP","","","🗺️"
"UKBOTA","223","B/G-1588","Wallasey Town Hall Civil Defence bunker","Civil Defence","53.41555","-3.02294","IO83LJ","","Cheshire","CH27 9SA","","","🗺️"
"UKBOTA","223","B/G-1589","Portreath, Remote Radar Head, WW2 air raid shelter cluster","WW2 Air Raid Shelter","50.26447","-5.27095","IO70IG","","Cornwall","TR16 4RA","","","🗺️"
"UKBOTA","223","B/G-1590","RAF Cleave, WW2 ground defence bunker cluster","WW2 Airfield Defences","50.88598","-4.55305","IO70RV","","Cornwall","EX23 9JJ","","","🗺️"
"UKBOTA","223","B/G-1591","RAF Perranpoth, WW2 air raid shelter","WW2 Air Raid Shelter","50.32666","-5.18171","IO70JH","","Cornwall","TR5 0XS","","","🗺️"
"UKBOTA","223","B/G-1592","RAF St Mawgan (Trebelzue), WW2 bomb store bunker","WW2 Storage Bunker","50.43841","-5.02800","IO70LK","","Cornwall","TR8 4TR","","","🗺️"
"UKBOTA","223","B/G-1593","RAF Brayton, WW2 ground defence bunker","WW2 Airfield Defences","54.77063","-3.28860","IO84IS","","Cumberland","CA7 3SX","","","🗺️"
"UKBOTA","223","B/G-1594","RAF Great Orton, WW2 ground defences bunker cluster","WW2 Airfield Defences","54.87189","-3.07735","IO84LU","","Cumberland","CA5 6NL","","","🗺️"
"UKBOTA","223","B/G-1595","RAF Kirkbride, WW2 air raid shelter","WW2 Air Raid Shelyet","54.88374","-3.21274","IO84JV","","Cumberland","CA7 5HP","","","🗺️"
"UKBOTA","223","B/G-1596","RAF Kirkbride, WW2 ground defence bunker cluster","WW2 Airfield Defences","54.88119","-3.19234","IO84JV","","Cumberland","CA7 5LF","","","🗺️"
"UKBOTA","223","B/G-1597","RAF Silloth, WW2 ground defence bunker cluster","WW2 Airfield Defences","54.87507","-3.38530","IO84HV","","Cumberland","CA7 4QE","","","🗺️"
"UKBOTA","223","B/G-1598","Siloth, Cumbria Coastal Defences","WW2 Coastal Defence Bunker","54.89857","-3.33632","IO84HV","","Cumberland","CA7 4RA","","","🗺️"
"UKBOTA","223","B/G-1599","Stanwix, Carlisle WW2 Defences","WW2 Bunker","54.90505","-2.93103","IO84MV","","Cumberland","CA3 9AY","","","🗺️"
"UKBOTA","223","B/G-1600","RAF Ashbourne, WW2 blast shelter","WW2 Blast Shelter","53.00014","-1.72856","IO93DA","","Derbyshire","DE6 1NB","","","🗺️"
"UKBOTA","223","B/G-1601","ROC Chinley Post","ROC Bunker","53.32779","-1.94681","IO93AH","SHR","Derbyshire","SK23 6BY","","","🗺️"
"UKBOTA","223","B/G-1602","RAF Culmhead, WW2 ground defence bunker cluster","WW2 Airfield Defences","50.93257","-3.12846","IO80KW","","Devon","TA3 7DY","","","🗺️"
"UKBOTA","223","B/G-1603","RAF Driffield, WW2 ground defence bunker cluster","WW2 Airfield Defences","53.99296","-0.47698","IO93SX","","East Riding","YO25 9LH","","","🗺️"
"UKBOTA","223","B/G-1604","RAF Melbourne, WW2 ground defence bunker cluster","WW2 Airfield Defences","53.86428","-0.84739","IO93NU","","East Riding","YO42 4SR","","","🗺️"
"UKBOTA","223","B/G-1605","Spurn Head, Coastal Defence, Battery HQ Command Bunker","WW2 Command Bunker","53.57461","0.10947","JO03BN","","East Riding","HU12 0UH","","","🗺️"
"UKBOTA","223","B/G-1606","RAF Earls Cole, WW2 blast shelter","WW2 Blast Shelter","51.91312","0.68303","JO01IV","","Essex","CO6 2NS","","","🗺️"
"UKBOTA","223","B/G-1607","RAF Great Sampford, WW2 ground defence bunker cluster","WW2 Airfield Defences","51.98835","0.34186","JO01EX","","Essex","CB10 2XH","","","🗺️"
"UKBOTA","223","B/G-1608","RAF Hornchurch, WW2 ground defence bunker cluster","WW2 Airfield Defences","51.54261","0.21547","JO01CN","","Essex","RM12 6UB","","","🗺️"
"UKBOTA","223","B/G-1609","RAF North Weald (1), WW2 ground defence bunker cluster","WW2 Airfield Defences","51.71598","0.16228","JO01BR","","Essex","CM16 6JA","","","🗺️"
"UKBOTA","223","B/G-1610","RAF North Weald (2), WW2 ground defence bunker cluster","WW2 Airfield Defences","51.72166","0.16182","JO01BR","","Essex","CM16 6AL","","","🗺️"
"UKBOTA","223","B/G-1611","RAF North Weald Airfield, WW2 ground defence bunker cluster","WW2 Airfield Defences","51.72108","0.15117","JO01BR","","Essex","CM16 6FJ","","","🗺️"
"UKBOTA","223","B/G-1612","RAF Rivenhall, WW2 blast shelter","WW2 Blast Shelter","51.81872","0.66422","JO01HT","","Essex","CM8 3HR","","","🗺️"
"UKBOTA","223","B/G-1613","RAF Rochford, WW2 ground defence bunker cluster","WW2 Airfield Defences","51.57668","0.68494","JO01IN","","Essex","SS4 1YH","","","🗺️"
"UKBOTA","223","B/G-1614","RAF Stapleford Tawney, WW2 ground defence bunker cluster","WW2 Airfield Defences","51.65357","0.16252","JO01BP","","Essex","RM4 1RR","","","🗺️"
"UKBOTA","223","B/G-1616","RAF Kemble, WW2 ground defence bunker cluster","WW2 Airfield Defences","51.66546","-2.06793","IO81XP","","Gloucestershire","GL7 6FD","","","🗺️"
"UKBOTA","223","B/G-1617","RAF Southrop, WW2 air raid shelter","WW2 Air Raid Shelter","51.73203","-1.73497","IO91DR","","Gloucestershire","GL7 3PL","","","🗺️"
"UKBOTA","223","B/G-1618","RAF Staverton, WW2 ground defence bunker cluster","WW2 Airfield Defences","51.89194","-2.17386","IO81VV","","Gloucestershire","GL2 9QW","","","🗺️"
"UKBOTA","223","B/G-1619","RAF Windrush, WW2 blast shelter","WW2 Blast Shelter","51.81072","-1.74035","IO91DT","","Gloucestershire","OX18 4TP","","","🗺️"
"UKBOTA","223","B/G-1620","Marble Hill WW2 Air Raid Shelter","WW2 Air Raid Shelter","51.45238","-0.31379","IO91UK","","Middlesex","TW1 2NT","","","🗺️"
"UKBOTA","223","B/G-1621","RAF Woodford (1), WW2 ground Defence bunker cluster","WW2 Airfield Defences","53.33309","-2.16609","IO83WH","","Cheshire","SK7 1RN","","","🗺️"
"UKBOTA","223","B/G-1622","RAF Woodford (1), WW2 ground Defence bunker cluster","WW2 Airfield Defences","53.34382","-2.16369","IO83WI","","Cheshire","SK7 1PP","","","🗺️"
"UKBOTA","223","B/G-1623","London Road (Cliffdale) Air Raid Shelter","WW2 Air Raid Shelter","50.85294","-1.05839","IO90LU","","Hampshire","PO6 3LZ","","","🗺️"
"UKBOTA","223","B/G-1624","Portsdown Hill Fuel Bunker","WW2 Storage Bunker","50.85531","-1.11619","IO90KU","","Hampshire","PO16 8JD","","","🗺️"
"UKBOTA","223","B/G-1625","RAF Chilbolton, WW2 air raid shelter","WW2 Air Raid Shelter","51.13867","-1.41934","IO91GD","","Hampshire","SO20 6BL","","","🗺️"
"UKBOTA","223","B/G-1626","RAF Middle Wallop, WW2 ground defence bunker cluster","WW2 Airfield Defences","51.14677","-1.57394","IO91FD","","Hampshire","SO20 8FB","","","🗺️"
"UKBOTA","223","B/G-1627","RAF Stoney Cross, WW2 ground defence bunker cluster","WW2 Airfield Defences","50.91165","-1.65027","IO90EV","","Hampshire","SO43 7HH","","","🗺️"
"UKBOTA","223","B/G-1628","Wymering Air Raid Shelter","WW2 Air Raid Shelter","50.85386","-1.07968","IO90LU","","Hampshire","PO6 3UT","","","🗺️"
"UKBOTA","223","B/G-1629","RAF Bushey Hall, WW2 air raid shelter and HQ bunker","WW2 Air Raid Shelter","51.65953","-0.37230","IO91TP","","Hertfordshire","WD23 2ES","","","🗺️"
"UKBOTA","223","B/G-1630","RAF Cheddington, WW2 air raid shelter","WW2 Air Raid Shelter","51.82916","-0.68375","IO91PT","","Hertfordshire","HP23 4FA","","","🗺️"
"UKBOTA","223","B/G-1631","RAF Eastburch (1), WW2 air raid shelter (x2)","WW2 Air Raid Shelter","51.39668","0.84747","JO01KJ","","Kent","ME12 4AA","","","🗺️"
"UKBOTA","223","B/G-1632","RAF Lympne, WW2 air raid shelter","WW2 Air Raid Shelter","51.08097","1.00916","JO01MB","","Kent","CT21 4LR","","","🗺️"
"UKBOTA","223","B/G-1633","RAF Maston (1), WW2 ground defence bunker cluster","WW2 Airfield Defences","51.35164","1.34199","JO01QI","","Kent","CT12 5FT","","","🗺️"
"UKBOTA","223","B/G-1634","RAF Maston (2), WW2 ground defence bunker cluster","WW2 Airfield Defences","51.34111","1.36420","JO01QI","","Kent","CT12 5BQ","","","🗺️"
"UKBOTA","223","B/G-1635","Ramsgate Tunnels (Entrance)","WW2 Tunnels","51.33448","1.42665","JO01RI","","Kent","CT11 8FH","","","🗺️"
"UKBOTA","223","B/G-1636","Barrow Docks Defences (3) Cluster","WW2 Coastal Defence Bunker","54.09853","-3.23085","IO84JC","","Lancashire","LA14 2TW","","","🗺️"
"UKBOTA","223","B/G-1637","Barrow Docks Defences (1) Cluster","WW2 Coastal Defence Bunker","54.09575","-3.22884","IO84JC","","Lancashire","LA14 2GR","","","🗺️"
"UKBOTA","223","B/G-1638","Barrow Docks Defences, (2) Cluster","WW2 Coastal Defence Bunker","54.10202","-3.22169","IO84JC","","Lancashire","LA14 2SX","","","🗺️"
"UKBOTA","223","B/G-1639","Barrow Docks Defences,(4) Cluster","WW2 Coastal Defence Bunker","54.10079","-3.23292","IO84JC","","Lancashire","LA14 2TX","","","🗺️"
"UKBOTA","223","B/G-1640","RAF Barrow (Walney Island), WW2 ground defence bunker","WW2 Coastal Defence Bunker","54.11393","-3.25435","IO84IC","","Lancashire","LA14 3XX","","","🗺️"
"UKBOTA","223","B/G-1641","RAF Cark (1), WW2 ground defence bunker cluster","WW2 Airfield Defences","54.16339","-2.95718","IO84MD","","Lancashire","LA11 7LT","","","🗺️"
"UKBOTA","223","B/G-1642","RAF Cark (2), WW2 ground defence bunker cluster","WW2 Airfield Defences","54.15864","-2.96748","IO84MD","","Lancashire","LA11 7LT","","","🗺️"
"UKBOTA","223","B/G-1643","RAF Squires Gate (1), WW2 ground defence bunker cluster","WW2 Airfield Defences","53.76823","-3.02858","IO83LS","","Lancashire","FY8 3BZ","","","🗺️"
"UKBOTA","223","B/G-1644","RAF Squires Gate (2), WW2 ground defence bunker cluster","WW2 Airfield Defences","53.77371","-3.01809","IO83LS","","Lancashire","FY4 5DY","","","🗺️"
"UKBOTA","223","B/G-1645","Scarth Bite, Cumbria Coastal Defences","WW2 Coastal Defence Bunker","54.15608","-3.23740","IO84JD","","Lancashire","LA14 4RB","","","🗺️"
"UKBOTA","223","B/G-1646","RAF Castle Donnington, WW2 ground defence bunker cluster","WW2 Airfield Defences","52.83362","-1.34200","IO92HU","","Leicestershire","DE74 2LZ","","","🗺️"
"UKBOTA","223","B/G-1647","RAF Husbands Bosworth, WW2 ground defences bunker cluster","WW2 Airfield Defences","52.43752","-1.04308","IO92LK","","Leicestershire","LE17 6JJ","","","🗺️"
"UKBOTA","223","B/G-1648","RAF Saltby, WW2 air raid shelter cluster","WW2 Blast Shelter","52.82933","-0.71620","IO92PT","","Leicestershire","LE14 4QP","","","🗺️"
"UKBOTA","223","B/G-1649","RAF Wymeswold, WW2 blast shelter","WW2 Blast Shelter","52.78214","-1.11157","IO92KS","","Leicestershire","LE12 5AL","","","🗺️"
"UKBOTA","223","B/G-1650","RAF Barkston Heath, WW2 ground defence bunker cluster","WW2 Airfield Defences","52.96453","-0.55620","IO92RX","","Lincolnshire","NG32 3FH","","","🗺️"
"UKBOTA","223","B/G-1651","RAF Bottesford, WW2 Blast Shelter (x2)","WW2 Blast Shelter","52.97411","-0.76296","IO92OX","","Lincolnshire","NG23 5EX","","","🗺️"
"UKBOTA","223","B/G-1652","RAF Coleby Grange, WW2 ground defence bunker cluster","WW2 Airfield Defences","53.13652","-0.49941","IO93SD","","Lincolnshire","LN4 2AW","","","🗺️"
"UKBOTA","223","B/G-1653","RAF Coningsby, WW2 ground defence bunker cluster","WW2 Airfield Defences","53.09713","-0.17799","IO93VC","","Lincolnshire","LN4 4TE","","","🗺️"
"UKBOTA","223","B/G-1654","RAF Digby, WW2 ground defences bunker cluster","WW2 Airfield Defences","53.09320","-0.43623","IO93SC","","Lincolnshire","LN4 3YF","","","🗺️"
"UKBOTA","223","B/G-1655","RAF Digby, WW2 Lima Sector Ops Room Bunker","WW2 Command Post","53.09655","-0.43839","IO93SC","","Lincolnshire","LN4 3LQ","","","🗺️"
"UKBOTA","223","B/G-1656","RAF East Kirkby, WW2 blast shelter","WW2 Blast Shelter","53.13905","-0.00244","IO93XD","","Lincolnshire","PE23 4DE","","","🗺️"
"UKBOTA","223","B/G-1657","RAF East Kirkby, WW2 ground defence bunker cluster","WW2 Airfield Defences","53.14018","-0.00115","IO93XD","","Lincolnshire","PE23 4DE","","","🗺️"
"UKBOTA","223","B/G-1658","RAF Faldingworth, WW2 blast shelter","WW2 Blast Shelter","53.36305","-0.45483","IO93SI","","Lincolnshire","LN8 2DB","","","🗺️"
"UKBOTA","223","B/G-1659","RAF Faldingworth, WW2 ground defence bunker cluster","WW2 Airfield Defences","53.35398","-0.45084","IO93SI","","Lincolnshire","LN8 3PY","","","🗺️"
"UKBOTA","223","B/G-1660","RAF Hibaldstow,WW2 air raid shelter","WW2 Air Raid Shelter","53.50059","-0.52872","IO93RM","","Lincolnshire","DN20 9NN","","","🗺️"
"UKBOTA","223","B/G-1661","RAF Metheringham, WW2 ground defence bunker cluster","WW2 Airfield Defences","53.13600","-0.34326","IO93TD","","Lincolnshire","LN4 3TF","","","🗺️"
"UKBOTA","223","B/G-1662","RAF Metheringham WW2 blast shelter","WW2 Blast Shelter","53.12189","-0.35488","IO93TC","","Lincolnshire","LN4 3WF","","","🗺️"
"UKBOTA","223","B/G-1663","RAF North Cotes, WW2 ground defence bunker cluster","WW2 Airfield Defences","53.50126","0.07159","JO03AM","","Lincolnshire","DN36 5XU","","","🗺️"
"UKBOTA","223","B/G-1664","RAF Sandtoft, WW2 blast shelter","WW2 Blast Shelter","53.56351","-0.88041","IO93NN","","Lincolnshire","DN8 5SZ","","","🗺️"
"UKBOTA","223","B/G-1665","RAF Sandtoft, WW2 ground defence bunker cluster","WW2 Airfield Defences","53.55929","-0.86322","IO93NN","","Lincolnshire","DN8 5SY","","","🗺️"
"UKBOTA","223","B/G-1666","RAF Scampton, WW2 ground defence bunker cluster","WW2 Airfield Defences","53.30462","-0.55007","IO93RH","","Lincolnshire","LN1 2TL","","","🗺️"
"UKBOTA","223","B/G-1667","RAF Spittlegate, WW2 ground defence bunker cluster","WW2 Airfield Defences","52.90719","-0.59601","IO92QV","","Lincolnshire","NG31 9ET","","","🗺️"
"UKBOTA","223","B/G-1668","RAF Strubby, WW2 air raid shelter","WW2 Air Raid Shelter","53.30159","0.17161","JO03CH","","Lincolnshire","LN13 0DD","","","🗺️"
"UKBOTA","223","B/G-1669","RAF Waddington (N), WW2 ground defence bunker cluster","WW2 Airfield Defences","53.17394","-0.51160","IO93RE","","Lincolnshire","LN5 9FG","","","🗺️"
"UKBOTA","223","B/G-1670","RAF Waddington (S), WW2 ground defence bunker cluster","WW2 Airfield Defences","53.16160","-0.52094","IO93RD","","Lincolnshire","LN5 9PD","","","🗺️"
"UKBOTA","223","B/G-1671","RAF Woodhall Spa, WW2 blast shelters (x3)","WW2 Blast Shelter","53.12013","-0.18180","IO93VC","","Lincolnshire","LN4 4PL","","","🗺️"
"UKBOTA","223","B/G-1672","RAF Woodhall Spa, WW2 ground defences cluster","WW2 Airfield Defences","53.13580","-0.18846","IO93VD","","Lincolnshire","LN4 4JT","","","🗺️"
"UKBOTA","223","B/G-1673","Barton Bendish WW2 Bunker","WW2 Bunker","52.60860","0.53598","JO02GO","","Norfolk","PE33 9DW","","","🗺️"
"UKBOTA","223","B/G-1674","Dereham WW2 Bunker","WW2 Bunker","52.68295","0.94335","JO02LQ","","Norfolk","NR19 2DY","","","🗺️"
"UKBOTA","223","B/G-1675","Ellingham, WW2 Fuel Depot Bunker","WW2 Storage Bunker","52.47300","1.49287","JO02RL","","Norfolk","NR35 2ES","","","🗺️"
"UKBOTA","223","B/G-1676","Great Yarmouth Cold War Bunker","Cold War Bunker","52.60951","1.72535","JO02UO","","Norfolk","NR30 1PH","","","🗺️"
"UKBOTA","223","B/G-1677","North Elmhalm WW2 Bunker","WW2 Bunker","52.74216","0.93546","JO02LR","","Norfolk","NR20 5JG","","","🗺️"
"UKBOTA","223","B/G-1678","Poringland WW2 Bunker","WW2 Bunker","52.57726","1.33411","JO02QN","","Norfolk","NR14 7WW","","","🗺️"
"UKBOTA","223","B/G-1679","RAF Attlebridge, WW2 blast shelter","WW2 Blast Shelter","52.69052","1.10576","JO02NQ","","Norfolk","NR9 5JF","","","🗺️"
"UKBOTA","223","B/G-1680","RAF Barton Bendish, WW2 ground defence bunker cluster","WW2 Airfield Defences","52.61240","0.53766","JO02GO","","Norfolk","PE33 9DN","","","🗺️"
"UKBOTA","223","B/G-1681","RAF Bircham Newton, WW2 ground defence bunker cluster","WW2 Airfield Defences","52.87175","0.64774","JO02HU","","Norfolk","PE31 6RH","","","🗺️"
"UKBOTA","223","B/G-1682","RAF Colishall, WW2 ground defence bunker cluster","WW2 Airfield Defences","52.74766","1.35543","JO02QR","","Norfolk","NR12 7JU","","","🗺️"
"UKBOTA","223","B/G-1683","RAF Coltishall, WW2 ground defence bunker cluster","WW2 Airfield Defences","52.74863","1.35950","JO02QR","","Norfolk","NR12 7JU","","","🗺️"
"UKBOTA","223","B/G-1684","RAF Docking, WW2 ground defence bunker cluster","WW2 Airfield Defences","52.92366","0.65227","JO02HW","","Norfolk","PE31 8PF","","","🗺️"
"UKBOTA","223","B/G-1685","RAF Fersfield, WW2 blast shelter (x5)","WW2 Blast Shelter","52.40949","1.05406","JO02MJ","","Norfolk","IP22 2BN","","","🗺️"
"UKBOTA","223","B/G-1686","RAF Horsham St Faith, WW2 bomb store bunker","WW2 Storage Bunker","52.67348","1.28868","JO02PQ","","Norfolk","NR6 6HU","","","🗺️"
"UKBOTA","223","B/G-1687","RAF Ludham, WW2 ground defence bunker cluster","WW2 Airfield Defences","52.71957","1.53508","JO02SR","","Norfolk","NR29 5PW","","","🗺️"
"UKBOTA","223","B/G-1688","RAF Marham, WW2 ground defence bunker cluster","WW2 Airfield Defences","52.66072","0.54894","JO02GP","","Norfolk","PE33 9JX","","","🗺️"
"UKBOTA","223","B/G-1689","RAF Methwold, WW2 air raid shelter","WW2 Air Raid Shelter","52.50831","0.56455","JO02GM","","Norfolk","IP26 4RL","","","🗺️"
"UKBOTA","223","B/G-1690","RAF Oulton, WW2 ground defence bunker cluster","WW2 Airfield Defences","52.80496","1.18931","JO02OT","","Norfolk","NR11 6NR","","","🗺️"
"UKBOTA","223","B/G-1691","RAF Rackheath, WW2 blast shelter (x6)","WW2 Blast Shelter","52.66666","1.35546","JO02QP","","Norfolk","NR13 6LF","","","🗺️"
"UKBOTA","223","B/G-1692","RAF Sculthorpe, WW2 ground defence bunker cluster","WW2 Airfield Defences","52.84558","0.75155","JO02JU","","Norfolk","NR21 7RF","","","🗺️"
"UKBOTA","223","B/G-1693","RAF Snetterton Heath, WW2 air raid shelter","WW2 Air Raid Shelter","52.45974","0.95899","JO02LL","","Norfolk","NR16 2JT","","","🗺️"
"UKBOTA","223","B/G-1694","RAF Snetterton Heath, WW2 ground defence bunker cluster","WW2 Airfield Defences","52.46847","0.95366","JO02LL","","Norfolk","NR16 2FS","","","🗺️"
"UKBOTA","223","B/G-1695","RAF Swannington, WW2 air raid shelter","WW2 Air Raid Shelter","52.74626","1.18514","JO02OR","","Norfolk","NR10 4SU","","","🗺️"
"UKBOTA","223","B/G-1696","RAF Swanton Morely, WW2 ground defence bunker cluster","WW2 Airfield Defences","52.72720","0.95893","JO02LR","","Norfolk","NR20 4LH","","","🗺️"
"UKBOTA","223","B/G-1697","RAF Watton, WW2 ground defence bunker cluster","WW2 Airfield Defences","52.56720","0.87814","JO02KN","","Norfolk","IP25 6TH","","","🗺️"
"UKBOTA","223","B/G-1698","ROC Salthouse Post","ROC Bunker","52.95437","1.06754","JO02MW","NOR","Norfolk","NR25 7SA","","","🗺️"
"UKBOTA","223","B/G-1699","South Wootton Civil Defence Bunker","Civli Defence","52.77312","0.44065","JO02FS","","Norfolk","PE30 3SQ","","","🗺️"
"UKBOTA","223","B/G-1700","Taverham Cold War Bunker","Cold War Bunker","52.67884","1.21491","JO02OQ","","Norfolk","NR8 6PX","","","🗺️"
"UKBOTA","223","B/G-1701","Warham WW2 Bunker","WW2 Bunker","52.94921","0.89173","JO02KW","","Norfolk","NR23 1QD","","","🗺️"
"UKBOTA","223","B/G-1702","RAF Acaster Malbis, WW2 bomb store bunker","WW2 Storage Bunker","53.88367","-1.11545","IO93KV","","West Riding","YO23 2PT","","","🗺️"
"UKBOTA","223","B/G-1703","RAF Croft, WW2 blast shelter","WW2 Blast Shelter","54.45595","-1.55104","IO94FK","","North Riding","DL2 2PL","","","🗺️"
"UKBOTA","223","B/G-1704","RAF Dalton, WW2 bomb store bunker","WW2 Storage Bunker","54.16942","-1.35158","IO94HE","","North Riding","YO7 3JQ","","","🗺️"
"UKBOTA","223","B/G-1705","RAF Dishforth, WW2 ground defence bunker cluster","WW2 Airfield Defences","54.13858","-1.41987","IO94GD","","North Riding","YO7 3EZ","","","🗺️"
"UKBOTA","223","B/G-1706","RAF East Moor, WW2 bomb store bunker","WW2 Storage Bunker","54.06563","-1.07936","IO94LB","","North Riding","YO61 1EX","","","🗺️"
"UKBOTA","223","B/G-1707","RAF Elvington,WW2 ground defence bunker cluster","WW2 Airfield Defences","53.92523","-0.96685","IO93MW","","East Riding","YO41 4XW","","","🗺️"
"UKBOTA","223","B/G-1708","RAF Leeming, WW2 defence bunker cluster","WW2 Airfield Defences","54.29307","-1.54344","IO94FH","","North Riding","DL7 9LY","","","🗺️"
"UKBOTA","223","B/G-1709","RAF Riccall Airfield, WW2 bomb store bunker","WW2 Storage Bunker","53.82958","-1.01464","IO93LT","","East Riding","YO19 6LJ","","","🗺️"
"UKBOTA","223","B/G-1710","RAF Rufforth, WW2 ground defence bunker cluster","WW2 Airfield Defences","53.94508","-1.18746","IO93JW","","West Riding","YO23 3NA","","","🗺️"
"UKBOTA","223","B/G-1711","RAF Tholthorpe, WW2 bomb store bunker","WW2 Storage Bunker","54.10075","-1.25011","IO94IC","","North Riding","YO61 1SR","","","🗺️"
"UKBOTA","223","B/G-1712","RAF Topcliffe, WW2 ground defence bunker cluster","WW2 Airfield Defences","54.20580","-1.39371","IO94HE","","North Riding","YO7 3DZ","","","🗺️"
"UKBOTA","223","B/G-1713","Airfield Battle HQ, RAF Chipping Warden","WW2 Airfield Battle HQ","52.14480","-1.28755","IO92ID","","Northamptonshire","OX17 1LL","","","🗺️"
"UKBOTA","223","B/G-1714","RAF Croughton, WW2 bomb store bunker","WW2 Storage Bunker","51.98485","-1.19139","IO91JX","","Northamptonshire","OX27 7SL","","","🗺️"
"UKBOTA","223","B/G-1715","RAF Desborough, WW2 air raid shelter","WW2 Air Raid Shelter","52.46640","-0.79265","IO92OL","","Northamptonshire","NN14 1QU","","","🗺️"
"UKBOTA","223","B/G-1716","RAF Grafton Underwood, WW2 air raid shelter","WW2 Air Raid Shelter","52.42536","-0.63582","IO92QK","","Northamptonshire","NN14 3AB","","","🗺️"
"UKBOTA","223","B/G-1717","RAF Hinton-in-the-hedges, WW2 air raid shelter","WW2 Air Raid Shelter","52.03028","-1.21902","IO92JA","","Northamptonshire","NN13 5NS","","","🗺️"
"UKBOTA","223","B/G-1718","RAF Polebrook, WW2 blast shelter","WW2 Blast Shelter","52.46501","-0.38450","IO92TL","","Northamptonshire","PE8 5QL","","","🗺️"
"UKBOTA","223","B/G-1719","RAF Sywell, WW2 blast shelter","WW2 Blast Shelter","52.30562","-0.78383","IO92OH","","Northamptonshire","NN6 0BW","","","🗺️"
"UKBOTA","223","B/G-1720","RAF Wittering, WW2 ground defence bunker cluster","WW2 Airfield Defences","52.61109","-0.45368","IO92SO","","Northamptonshire","PE8 6DX","","","🗺️"
"UKBOTA","223","B/G-1721","RAF Milfield, WW2 ground defence bunker cluster","WW2 Airfield Defences","55.59498","-2.08483","IO85WO","","Northumberland","NE71 6JQ","","","🗺️"
"UKBOTA","223","B/G-1722","RAF Ouston (1), WW2 Ground Defence bunker cluster","WW2 Airfield Defences","55.01017","-1.88269","IO95BA","","Northumberland","NE15 0QE","","","🗺️"
"UKBOTA","223","B/G-1723","RAF Ouston (2), WW2 Ground Defence bunker cluster","WW2 Airfield Defences","55.02633","-1.86700","IO95BA","","Northumberland","NE18 0PX","","","🗺️"
"UKBOTA","223","B/G-1724","RAF Finningley, WW2 ground defence bunker cluster","WW2 Airfield Defences","53.47624","-1.00966","IO93LL","","West Riding","DN9 3GH","","","🗺️"
"UKBOTA","223","B/G-1725","RAF Newton, WW2 air raid shelter (x4)","WW2 Air Raid Shelter","52.96360","-0.97866","IO92MX","","Nottinghamshire","NG13 8ZS","","","🗺️"
"UKBOTA","223","B/G-1726","RAF Ossington, WW2 blast shelter","WW2 Blast Shelter","53.17409","-0.86292","IO93NE","","Nottinghamshire","NG23 6LL","","","🗺️"
"UKBOTA","223","B/G-1727","RAF Tollerton, WW2 air raid shelter","WW2 Air Raid Shelter","52.91791","-1.08233","IO92LW","","Nottinghamshire","NG12 4GB","","","🗺️"
"UKBOTA","223","B/G-1728","RAF Wigsley, WW2 air raid shelter","WW2 Air Raid Shelter","53.21267","-0.72082","IO93PF","","Nottinghamshire","LN6 9HE","","","🗺️"
"UKBOTA","223","B/G-1729","RAF Croughton, WW2 ground defence bunker cluster","WW2 Airfield Defences","51.99287","-1.16762","IO91JX","","Northamptonshire","NN13 5RH","","","🗺️"
"UKBOTA","223","B/G-1730","RAF Upper Heyford (N), WW2 ground defence bunker cluster","WW2 Airfield Defences","51.94454","-1.25191","IO91IW","","Oxfordshire","OX25 5HQ","","","🗺️"
"UKBOTA","223","B/G-1731","RAF Upper Heyford (S), WW2 ground defence bunker cluster","WW2 Airfield Defences","51.93483","-1.25876","IO91IW","","Oxfordshire","OX25 5HA","","","🗺️"
"UKBOTA","223","B/G-1732","RAF North Luffenham, WW2 air raid shelter","WW2 Air Raid Shelter","52.62747","-0.60125","IO92QP","","Rutland","LE15 8JJ","","","🗺️"
"UKBOTA","223","B/G-1733","RAF North Luffenham, WW2 ground defence bunker cluster","WW2 Airfield Defences","52.63464","-0.61244","IO92QP","","Rutland","LE15 8JE","","","🗺️"
"UKBOTA","223","B/G-1734","RAF Atcham, WW2 ground defence bunker cluster","WW2 Airfield Defences","52.69191","-2.62405","IO82QQ","","Shropshire","TF6 5EP","","","🗺️"
"UKBOTA","223","B/G-1735","RAF High Ercall, WW2 ground defence bunker cluster","WW2 Airfield Defences","52.76134","-2.59899","IO82QS","","Shropshire","TF6 6AP","","","🗺️"
"UKBOTA","223","B/G-1736","RAF Shawbury, WW2 air raid shelter","WW2 Air Raid Shelter","52.80008","-2.65201","IO82QT","","Shropshire","SY4 4RH","","","🗺️"
"UKBOTA","223","B/G-1737","RAF Shawbury, WW2 ground defence bunker cluster","WW2 Airfield Defences","52.79376","-2.66794","IO82PT","","Shropshire","SY4 4HN","","","🗺️"
"UKBOTA","223","B/G-1738","RAF Sleap, WW2 blast shelter","WW2 Blast Shelter","52.83124","-2.76387","IO82OT","","Shropshire","SY4 3HE","","","🗺️"
"UKBOTA","223","B/G-1739","RAF Tilstock, WW2 blast shelter","WW2 Blast Shelter","52.92486","-2.64838","IO82QW","","Shropshire","SY13 2JL","","","🗺️"
"UKBOTA","223","B/G-1740","RAF Pendeford, WW2 ground defence bunker cluster","WW2 Airfield Defences","52.52269","-2.26181","IO82UM","","Staffordshire","DY7 5EQ","","","🗺️"
"UKBOTA","223","B/G-1741","Airfield Battle HQ, RAF Lakenheath","WW2 Airfield Battle HQ","52.41517","0.55764","JO02GJ","","Suffolk","IP27 0SJ","","","🗺️"
"UKBOTA","223","B/G-1742","Orford Ness, AWRE Bunker (Lab 1 and 2)","Research Bunker","52.08148","1.56080","JO02SB","","Suffolk","IP12 2NY","","","🗺️"
"UKBOTA","223","B/G-1743","Orford Ness, Cobra Mist Command Bunker","Research Bunker","52.10060","1.57274","JO02SC","","Suffolk","IP12 2BT","","","🗺️"
"UKBOTA","223","B/G-1744","RAF Barnham, weapons storage bunker","WW2 Storage Bunker","52.39042","0.73384","JO02IJ","","Suffolk","IP24 2HZ","","","🗺️"
"UKBOTA","223","B/G-1745","RAF Barnham, WW2 ground defence bunker cluster","WW2 Airfield Defences","52.38679","0.73591","JO02IJ","","Suffolk","IP24 2PA","","","🗺️"
"UKBOTA","223","B/G-1746","RAF Bodney, WW2 ground defence bunker cluster","WW2 Airfield Defences","52.56050","0.72382","JO02IN","","Norfolk","IP25 6NS","","","🗺️"
"UKBOTA","223","B/G-1747","RAF Eye, WW2 blast shelter","WW2 Blast Shelter","52.33038","1.11874","JO02NH","","Suffolk","IP23 8BW","","","🗺️"
"UKBOTA","223","B/G-1748","RAF Honington, WW2 air raid shelter","WW2 Air Raid Shelter","52.33390","0.76973","JO02JI","","Suffolk","IP31 1EE","","","🗺️"
"UKBOTA","223","B/G-1749","RAF Honington, WW2 ground defence bunker cluster","WW2 Airfield Defences","52.34846","0.77936","JO02JI","","Suffolk","IP24 2QR","","","🗺️"
"UKBOTA","223","B/G-1750","RAF Horham, WW2 air raid shelter","WW2 Air Raid Shelter","52.30976","1.21799","JO02OH","","Suffolk","IP21 5DR","","","🗺️"
"UKBOTA","223","B/G-1751","RAF Snaith, WW2 air raid shelter","WW2 Air Raid Shelter","53.67245","-1.05563","IO93LQ","","West Riding","DN14 0DF","","","🗺️"
"UKBOTA","223","B/G-1752","RAF Knettishall, WW2 blast shleter (x5)","WW2 Blast Shelter","52.37844","0.88543","JO02KJ","","Suffolk","IP22 2TG","","","🗺️"
"UKBOTA","223","B/G-1753","RAF Martlesham Heath, WW2 blast shelter","WW2 Blast Shelter","52.06375","1.26493","JO02PB","","Suffolk","IP5 3QR","","","🗺️"
"UKBOTA","223","B/G-1754","RAF Brooklands, WW2 defence bunker cluster","WW2 Airfield Defences","51.35551","-0.46476","IO91SI","","Surrey","KT13 0QN","","","🗺️"
"UKBOTA","223","B/G-1755","RAF Bramcote, WW2 ground defence bunker cluster","WW2 Airfield Defences","52.48419","-1.38525","IO92HL","","Warwickshire","CV11 6QJ","","","🗺️"
"UKBOTA","223","B/G-1756","RAF Long Marston, WW2 ground defence bunker cluster","WW2 Airfield Defences","52.14451","-1.74551","IO92DD","","Gloucestershire","CV37 8LN","","","🗺️"
"UKBOTA","223","B/G-1757","RAF Thorney Island, WW2 ground defence bunker cluster","WW2 Airfield Defences","50.80464","-0.91331","IO90NT","","Sussex","PO10 8DY","","","🗺️"
"UKBOTA","223","B/G-1758","RAF Westhampnett (Goodwood), WW2 ground defence bunker cluster","WW2 Airfield Defences","50.85593","-0.76251","IO90OU","","Sussex","PO19 6FR","","","🗺️"
"UKBOTA","223","B/G-1759","RAF Old Sarum, WW2 ground defence bunker cluster","WW2 Airfield Defences","51.10639","-1.77408","IO91CC","","Wiltshire","SP4 6BQ","","","🗺️"
"UKBOTA","223","B/G-1760","RAF Weston Zoyland, WW2 ground defence bunker cluster","WW2 Airfield Defences","51.10888","-2.91179","IO81NC","","Somerset","TA7 0LZ","","","🗺️"
"UKBOTA","223","B/G-1761","Hougham/Lydden Spout Battery (plotting room bunker and deep shelter)","WW2 Coastal Defence Bunker","51.10857","1.27006","JO01PC","","Kent","CT17 9FL","","","🗺️"
"UKBOTA","223","B/G-1762","Capel Battery (plotting room bunker)","WW2 Coastal Defence Bunker","51.09734","1.20498","JO01OC","","Kent","CT18 7JJ","","","🗺️"
"UKBOTA","223","B/G-1763","South Foreland Battery (deep shelter dug out) (also K147 CH Low)","WW2 Coastal Defence Bunker","51.14478","1.37273","JO01QD","","Kent","CT15 6ED","","","🗺️"
"UKBOTA","223","B/G-1764","Langdon Battery bunker","WW2 Coastal Defence Bunker","51.13270","1.34254","JO01QD","","Kent","CT15 5NA","","","🗺️"
"UKBOTA","223","B/G-1765","Chain Home - Bees Head","Chain Home site","54.51375","-3.63664","IO84EM","","Cumberland","CA28 9UY","","","🗺️"
"UKBOTA","223","B/G-1766","Bransty Cliffs, Coastal Defence Bunker","WW2 Coastal Defence Bunker","54.56032","-3.58964","IO84EN","","Cumberland","CA28 6AY","","","🗺️"
"UKBOTA","223","B/G-1767","Hope's Nose, Coastal Observation Bunker","WW2 Coastal Observation Bunker","50.46275","-3.48220","IO80GL","","Devon","TQ1 2HT","","","🗺️"
"UKBOTA","223","B/G-1768","RAF Shoreham, Airfield Defence Bunker (cluster)","WW2 Airfield Defences","50.83804","-0.28824","IO90UU","","Sussex","BN43 5WQ","","","🗺️"
"UKBOTA","223","B/G-1769","RAF/USAAF Harrington Airfield, WW2 Bomb store","WW2 Storage Bunker","52.38888","-0.85203","IO92NJ","","Northamptonshire","NN6 9JL","","","🗺️"
"UKBOTA","223","B/G-1770","RAF/USAAF Harrington Airfield, Cold War Thor Bunker (cluster)","Cold War Bunker","52.39365","-0.86395","IO92NJ","","Northamptonshire","NN6 9JL","","","🗺️"
"UKBOTA","223","B/G-1771","WW2 Air Raid Shelter (cluster), Bradwell","WW2 Air Raid Shelter","52.57549","1.69476","JO02UN","","Suffolk","NR31 8QH","","","🗺️"
"UKBOTA","223","B/G-1772","WW2 Air Raid Shelter (cluster), Great Yarmouth","WW2 Air Raid Shelter","52.59654","1.73418","JO02UO","","Norfolk","NR30 3AS","","","🗺️"
"UKBOTA","223","B/G-1773","RAF Braunstone, WW2 Blast shelter","WW2 Blast Shelter","52.60288","-1.03629","IO92LO","","Leicestershire","LE2 2FG","","","🗺️"
"UKBOTA","223","B/G-1774","Airfield Battle HQ - Bruntingthorpe","WW2 Airfield Battle HQ","52.38570","0.71963","JO02IJ","","Suffolk","IP24 2PH","","","🗺️"
"UKBOTA","223","B/G-1775","East Mersea, WW2 Decoy Command Bunker","WW2 Decoy Bunker","51.80125","0.97965","JO01LT","","Essex","CO5 8TR","","","🗺️"
"UKBOTA","223","B/G-1776","RAF Boxted, WW2 Bomb storage Bunker","WW2 Storage Bunker","51.93549","0.93995","JO01LW","","Essex","CO4 5NG","","","🗺️"
"UKBOTA","223","B/G-1777","West Mersea, Coastal Observation Bunker","WW2 Coastal Observation Bunker","51.77356","0.92577","JO01LS","","Essex","CO5 8BH","","","🗺️"
"UKBOTA","223","B/G-1778","RAF Birch, WW2 Blast Shelter and Ground Defence (cluster)","WW2 Blast Shelter","51.83812","0.77696","JO01JU","","Essex","CO5 9XH","","","🗺️"
"UKBOTA","223","B/G-1779","RAF Bruntingthorpe, WW2 and cold war Bomb Storage Bunker","WW2 Storage Bunker","52.48697","-1.12812","IO92KL","","Leicestershire","LE17 5SA","","","🗺️"
"UKBOTA","223","B/G-1780","RAF Patrington, Northern Sector Radar Operations Centre","Cold War Bunker","53.66338","-0.03809","IO93XP","","East Riding","HU12 0QL","","","🗺️"
"UKBOTA","223","B/G-1781","Barton Bridge, River Avon, WW2 defensive bunker cluster","WW2 Defence Bunker","51.34357","-2.25597","IO81UI","","Wiltshire","BA15 1LF","","","🗺️"
"UKBOTA","223","B/G-1782","Sennen, coastal defence bunkers (cluster)","WW2 Coastal Defence Bunker","50.07815","-5.69463","IO70DB","","Cornwall","TR19 7BT","","","🗺️"
"UKBOTA","223","B/G-1783","Porthcurno Beach, coastal defence bunkers (cluster)","WW2 Coastal Defence Bunker","50.04312","-5.65164","IO70EB","","Cornwall","TR19 6JU","","","🗺️"
"UKBOTA","223","B/G-1784","St. Michaels Mount, coastal defence bunkers (cluster)","WW2 Coastal Defence Bunker","50.11641","-5.47652","IO70GC","","Cornwall","TR17 0HT","","","🗺️"
"UKBOTA","223","B/G-1785","ROC Post Marazion","ROC Bunker","50.12161","-5.44254","IO70GC","EXE","Cornwall","TR20 9LR","","","🗺️"
"UKBOTA","223","B/G-1786","Porth Kidney Sands 1, coastal defence bunkers (cluster)","WW2 Coastal Defence Bunker","50.19447","-5.44873","IO70GE","","Cornwall","TR26 3HY","","","🗺️"
"UKBOTA","223","B/G-1787","Hayle Estuary, coastal defence bunkers (cluster)","WW2 Coastal Defence Bunker","50.19662","-5.43025","IO70GE","","Cornwall","TR27 5FJ","","","🗺️"
"UKBOTA","223","B/G-1788","Smeaton Pier (St.Ives), coastal defence bunkers (cluster)","WW2 Coastal Defence Bunker","50.21525","-5.47634","IO70GF","","Cornwall","TR26 1PS","","","🗺️"
"UKBOTA","223","B/G-1789","Gwithian Beach, coastal defence bunker","WW2 Coastal Defence Bunker","50.23026","-5.38929","IO70HF","","Cornwall","TR27 5ED","","","🗺️"
"UKBOTA","223","B/G-1790","Portleven Harbour, coastal defence bunkers (cluster)","WW2 Coastal Defence Bunker","50.08270","-5.32082","IO70IB","","Cornwall","TR13 9JJ","","","🗺️"
"UKBOTA","223","B/G-1791","Porthleven Sands, coastal defence bunker","WW2 Coastal Defence Bunker","50.07274","-5.29992","IO70IB","","Cornwall","TR13 9ES","","","🗺️"
"UKBOTA","223","B/G-1792","Gunwalloe, coastal defence bunker","WW2 Coastal Defence Bunker","50.05425","-5.27826","IO70IB","","Cornwall","TR12 7QB","","","🗺️"
"UKBOTA","223","B/G-1793","Kennack Sands, coastal defence bunker","WW2 Coastal Defence Bunker","50.00650","-5.16018","IO70KA","","Cornwall","TR12 6SL","","","🗺️"
"UKBOTA","223","B/G-1794","Trebah Beach, coastal defence bunkers (cluster)","WW2 Coastal Defence Bunker","50.10026","-5.12268","IO70KC","","Cornwall","TR11 5LA","","","🗺️"
"UKBOTA","223","B/G-1795","Porth Saxon Beach, coastal defence bunker","WW2 Coastal Defence Bunker","50.10230","-5.10422","IO70KC","","Cornwall","TR11 5HZ","","","🗺️"
"UKBOTA","223","B/G-1796","Maenporth Beach, coastal defence bunkers (cluster)","WW2 Coastal Defence Bunker","50.12617","-5.09374","IO70KD","","Cornwall","TR11 5HN","","","🗺️"
"UKBOTA","223","B/G-1797","Perranporth beach, coastal defence bunker","WW2 Coastal Defence Bunker","50.34734","-5.15350","IO70KI","","Cornwall","TR6 0FJ","","","🗺️"
"UKBOTA","223","B/G-1798","Porthoustock Beach (The Lizard), coastal defence bunker","WW2 Coastal Defence Bunker","50.05507","-5.06406","IO70LB","","Cornwall","TR12 6QW","","","🗺️"
"UKBOTA","223","B/G-1799","Swanpool Beach, coastal defence bunker","WW2 Coastal Defence Bunker","50.14003","-5.07786","IO70LD","","Cornwall","TR11 5JL","","","🗺️"
"UKBOTA","223","B/G-1800","Mylor Yacht Harbour, coastal defence bunker","WW2 Coastal Defence Bunker","50.17615","-5.04743","IO70LE","","Cornwall","TR11 5UF","","","🗺️"
"UKBOTA","223","B/G-1801","Pendower Beach, coastal defence bunker","WW2 Coastal Defence Bunker","50.20556","-4.94914","IO70ME","","Cornwall","TR2 5LW","","","🗺️"
"UKBOTA","223","B/G-1802","Carne Beach, coastal defence bunkers (cluster)","WW2 Coastal Defence Bunker","50.20735","-4.93701","IO70ME","","Cornwall","TR2 5PF","","","🗺️"
"UKBOTA","223","B/G-1803","Stepper Point (Padstow), coastal defence bunker","WW2 Coastal Defence Bunker","50.56769","-4.94800","IO70MN","","Cornwall","PL28 8HW","","","🗺️"
"UKBOTA","223","B/G-1804","Padstow Harbour, coastal defence bunker","WW2 Coastal Defence Bunker","50.54196","-4.93607","IO70MN","","Cornwall","PL28 8AG","","","🗺️"
"UKBOTA","223","B/G-1805","Porthluney Beach, coastal defence bunker","WW2 Coastal Defence Bunker","50.23680","-4.84448","IO70NF","","Cornwall","PL26 6LX","","","🗺️"
"UKBOTA","223","B/G-1806","Sconhoe beach, coastal defence bunker","WW2 Coastal Defence Bunker","50.28577","-4.78489","IO70OG","","Cornwall","PL26 6BT","","","🗺️"
"UKBOTA","223","B/G-1807","Polkerris, coastal defence bunker","WW2 Coastal Defence Bunker","50.33697","-4.68164","IO70PI","","Cornwall","PL24 2TL","","","🗺️"
"UKBOTA","223","B/G-1808","Fowey Harbour #2, coastal defence bunkers (cluster)","WW2 Coastal Defence Bunker","50.33108","-4.64196","IO70QH","","Cornwall","PL23 1JB","","","🗺️"
"UKBOTA","223","B/G-1809","Fowey Harbour#1, coastal defence bunker","WW2 Coastal Defence Bunker","50.33885","-4.62895","IO70QI","","Cornwall","PL23 1LX","","","🗺️"
"UKBOTA","223","B/G-1810","Crooklets Beach (Bude), coastal defence bunker","WW2 Coastal Defence Bunker","50.83692","-4.55497","IO70RU","","Cornwall","EX23 8NE","","","🗺️"
"UKBOTA","223","B/G-1811","Talland Bay beach, coastal defence bunker","WW2 Coastal Defence Bunker","50.33727","-4.49486","IO70SI","","Cornwall","PL13 2JA","","","🗺️"
"UKBOTA","223","B/G-1812","Seaton beach, coastal defence bunker","WW2 Coastal Defence Bunker","50.36494","-4.38726","IO70TI","","Cornwall","PL11 3JN","","","🗺️"
"UKBOTA","223","B/G-1813","Finnygook beach, coastal defence bunker","WW2 Coastal Defence Bunker","50.36141","-4.30743","IO70UI","","Cornwall","PL11 3BU","","","🗺️"
"UKBOTA","223","B/G-1814","Cawsand Harbour, coastal defence bunker","WW2 Coastal Defence Bunker","50.33253","-4.20083","IO70VH","","Cornwall","PL10 1PD","","","🗺️"
"UKBOTA","223","B/G-1815","Instow, coastal defence bunker","WW2 Coastal Defence Bunker","51.05119","-4.18229","IO71VB","","Devon","EX39 4HW","","","🗺️"
"UKBOTA","223","B/G-1816","Mothercombe, coastal defence bunker","WW2 Coastal Defence Bunker","50.30831","-3.95479","IO80AH","","Devon","PL8 1LB","","","🗺️"
"UKBOTA","223","B/G-1817","Burgh Island, coastal defence bunkers (cluster)","WW2 Coastal Defence Bunker","50.28080","-3.89918","IO80BG","","Devon","TQ7 4BG","","","🗺️"
"UKBOTA","223","B/G-1818","South Thurlestone, coastal defence bunker","WW2 Coastal Defence Bunker","50.25694","-3.85754","IO80BG","","Devon","TQ7 3JY","","","🗺️"
"UKBOTA","223","B/G-1819","Salcombe Harbour, coastal defence bunker","WW2 Coastal Defence Bunker","50.22946","-3.77595","IO80CF","","Devon","TQ8 8JU","","","🗺️"
"UKBOTA","223","B/G-1820","ROC Whitestone","ROC Bunker","50.74078","-3.61076","IO80ER","EXE","Devon","EX4 2LG","","","🗺️"
"UKBOTA","223","B/G-1821","Holcombe, coastal defence bunker","WW2 Coastal Defence Bunker","50.56246","-3.47328","IO80GN","","Devon","EX7 0JW","","","🗺️"
"UKBOTA","223","B/G-1822","Dawlish Warren, coastal defence bunkers (cluster)","WW2 Coastal Defence Bunker","50.60023","-3.44173","IO80GO","","Devon","EX7 0NF","","","🗺️"
"UKBOTA","223","B/G-1823","Blueberry Downs, coastal defence bunkers (cluster)","WW2 Coastal Defence Bunker","50.63030","-3.31340","IO80IP","","Devon","EX9 6BG","","","🗺️"
"UKBOTA","223","B/G-1824","ROC Post Sidmouth","ROC Bunker","50.67403","-3.26145","IO80IQ","YEO","Devon","EX10 0NW","","","🗺️"
"UKBOTA","223","B/G-1825","Sidmouth, coastal defence bunker","WW2 Coastal Defence Bunker","50.67575","-3.24706","IO80JQ","","Devon","EX10 8FJ","","","🗺️"
"UKBOTA","223","B/G-1826","Branscombe Mouth, coastal defence bunker","WW2 Coastal Defence Bunker","50.68756","-3.12455","IO80KQ","","Devon","EX12 3DP","","","🗺️"
"UKBOTA","223","B/G-1827","Beer, coastal defence bunker","WW2 Coastal Defence Bunker","50.69648","-3.09142","IO80KQ","","Devon","EX12 3BZ","","","🗺️"
"UKBOTA","223","B/G-1828","Seaton Harbour, coastal defence bunkers (cluster)","WW2 Coastal Defence Bunker","50.70260","-3.05425","IO80LQ","","Devon","EX12 4AB","","","🗺️"
"UKBOTA","223","B/G-1829","Burton Beach, coastal defence bunker","WW2 Coastal Defence Bunker","50.69653","-2.71838","IO80PQ","","Dorset","DT6 4RJ","","","🗺️"
"UKBOTA","223","B/G-1830","Chesters Hill, coastal defence bunkers (cluster)","WW2 Coastal Defence Bunker","50.65054","-2.59792","IO80QP","","Dorset","DT3 4JH","","","🗺️"
"UKBOTA","223","B/G-1831","Chesil Beach, coastal defence bunker","WW2 Coastal Defence Bunker","50.66826","-2.64684","IO80QQ","","Dorset","DT3 4LB","","","🗺️"
"UKBOTA","223","B/G-1832","East Fleet #2, coastal defence bunker","WW2 Coastal Defence Bunker","50.61706","-2.52707","IO80RO","","Dorset","DT3 4EE","","","🗺️"
"UKBOTA","223","B/G-1833","Chickerell Hive Point, coastal defence bunker","WW2 Coastal Defence Bunker","50.61013","-2.51333","IO80RO","","Dorset","DT3 4DW","","","🗺️"
"UKBOTA","223","B/G-1834","Langton Herring, coastal defence bunker","WW2 Coastal Defence Bunker","50.64090","-2.55534","IO80RP","","Dorset","DT3 4JB","","","🗺️"
"UKBOTA","223","B/G-1835","East Weare Camp, coastal defence bunkers (cluster)","WW2 Coastal Defence Bunker","50.56071","-2.42846","IO80SN","","Dorset","DT5 1PH","","","🗺️"
"UKBOTA","223","B/G-1836","Portland, coastal defence bunkers (cluster)","WW2 Coastal Defence Bunker","50.55264","-2.42133","IO80SN","","Dorset","DT5 1DL","","","🗺️"
"UKBOTA","223","B/G-1837","East Fleet #1, coastal defence bunker","WW2 Coastal Defence Bunker","50.60204","-2.49019","IO80SO","","Dorset","DT4 9DT","","","🗺️"
"UKBOTA","223","B/G-1838","Wyke Regis Coastal Defence Cluster","WW2 Coastal Defence Bunker","50.58884","-2.48125","IO80SO","","Dorset","DT4 9NS","","","🗺️"
"UKBOTA","223","B/G-1839","Ringstead Bay 2, coastal defence bunkers (cluster)","WW2 Coastal Defence Bunker","50.63217","-2.34501","IO80TP","","Dorset","DT2 8NG","","","🗺️"
"UKBOTA","223","B/G-1840","Ringstead Bay 1, coastal defence bunker","WW2 Coastal Defence Bunker","50.62683","-2.32314","IO80UP","","Dorset","DT2 8NJ","","","🗺️"
"UKBOTA","223","B/G-1841","Seacombe, coastal defence bunker","WW2 Coastal Defence Bunker","50.58998","-2.02202","IO80XO","","Dorset","BH19 3LY","","","🗺️"
"UKBOTA","223","B/G-1842","Bossington Beach, coastal defence bunker","WW2 Coastal Defence Bunker","51.22291","-3.59009","IO81EF","","Somerset","TA24 8HF","","","🗺️"
"UKBOTA","223","B/G-1843","Minehead 2, coastal defence bunker","WW2 Coastal Defence Bunker","51.19964","-3.43667","IO81GE","","Somerset","TA24 6TH","","","🗺️"
"UKBOTA","223","B/G-1844","Dunster Beach, coastal defence bunkers (cluster)","WW2 Coastal Defence Bunker","51.19114","-3.42685","IO81GE","","Somerset","TA24 6PL","","","🗺️"
"UKBOTA","223","B/G-1845","Minehead, coastal defence bunker","WW2 Coastal Defence Bunker","51.21735","-3.48029","IO81GF","","Somerset","TA24 5UN","","","🗺️"
"UKBOTA","223","B/G-1846","Blue Anchor Beach, coastal defence bunkers (cluster)","WW2 Coastal Defence Bunker","51.18239","-3.39662","IO81HE","","Somerset","TA24 6JT","","","🗺️"
"UKBOTA","223","B/G-1847","Berrow Beach, coastal defence bunkers (cluster)","WW2 Coastal Defence Bunker","51.26974","-3.01811","IO81LG","","Somerset","TA8 2QR","","","🗺️"
"UKBOTA","223","B/G-1848","Weston-Super-Mare Beach, coastal defence bunkers (cluster)","WW2 Coastal Defence Bunker","51.32576","-2.98791","IO81MH","","Somerset","BS23 4XZ","","","🗺️"
"UKBOTA","223","B/G-1849","Sand Bay, coastal defence bunkers (cluster)","WW2 Coastal Defence Bunker","51.38641","-2.96277","IO81MJ","","Somerset","BS22 9UD","","","🗺️"
"UKBOTA","223","B/G-1850","Wains Hill, coastal defence bunker","WW2 Coastal Defence Bunker","51.43153","-2.87723","IO81NK","","Somerset","BS21 7UF","","","🗺️"
"UKBOTA","223","B/G-1852","ROC Clun","ROC Bunker","52.42242","-3.03959","IO82LK","SHR","Shropshire","SY7 8QA","","","🗺️"
"UKBOTA","223","B/G-1853","New Brighton Palace Tunnels","WW2 Defence Bunker","53.44027","-3.04078","IO83LK","","Cheshire","CH45 2JX","","","🗺️"
"UKBOTA","223","B/G-1854","Crosby, coastal defence bunkers (cluster)","WW2 Coastal Defence Bunker","53.51262","-3.04937","IO83LM","","Lancashire","L38 9GL","","","🗺️"
"UKBOTA","223","B/G-1855","Merseyside County Standby Emergency Centre, Southport","Civil Defence","53.64822","-2.99774","IO83MP","","Lancashire","PR9 0TT","","","🗺️"
"UKBOTA","223","B/G-1856","Garston Docks, coastal defence bunker","WW2 Coastal Defence Bunker","53.35337","-2.91498","IO83NI","","Lancashire","L19 0PP","","","🗺️"
"UKBOTA","223","B/G-1857","Sunderland Point, coastal defence bunkers (cluster)","WW2 Coastal Defence Bunker","53.99808","-2.88375","IO83NX","","Lancashire","LA3 3JF","","","🗺️"
"UKBOTA","223","B/G-1858","Copperas Hill, coastal defence bunker","WW2 Coastal Defence Bunker","54.60510","-3.56908","IO84FO","","Cumberland","CA14 5RX","","","🗺️"
"UKBOTA","223","B/G-1859","ROC Windermere","ROC Bunker","54.38172","-2.88449","IO84NJ","CAR","Westmorland","LA23 1JL","","","🗺️"
"UKBOTA","223","B/G-1860","ROC Kirkby Stephen","ROC Bunker","54.47569","-2.34423","IO84TL","CAR","Westmorland","CA17 4RX","","","🗺️"
"UKBOTA","223","B/G-1861","Milford-on-Sea, coastal defence bunker","WW2 Coastal Defence Bunker","50.72129","-1.59289","IO90ER","","Hampshire","SO41 0EA","","","🗺️"
"UKBOTA","223","B/G-1862","Fawley, coastal defence bunker","WW2 Coastal Defence Bunker","50.80844","-1.32066","IO90IT","","Hampshire","SO45 1BS","","","🗺️"
"UKBOTA","223","B/G-1863","Hayling Island (west), coastal defence bunkers (cluster)","WW2 Coastal Defence Bunker","50.78686","-1.01969","IO90LS","","Hampshire","PO11 0DA","","","🗺️"
"UKBOTA","223","B/G-1864","South Hayling, coastal defence bunker","WW2 Coastal Defence Bunker","50.78781","-0.95312","IO90MS","","Hampshire","PO11 9PQ","","","🗺️"
"UKBOTA","223","B/G-1865","Hayling Island, coastal defence bunker","WW2 Coastal Defence Bunker","50.80755","-0.97350","IO90MT","","Hampshire","PO11 0PX","","","🗺️"
"UKBOTA","223","B/G-1866","RAF Selsey Ground Defence Bunker Cluster","WW2 Airfield Defences","50.75428","-0.76993","IO90OS","","Sussex","PO20 9DT","","","🗺️"
"UKBOTA","223","B/G-1867","South Lancing, coastal defence bunker","WW2 Coastal Defence Bunker","50.81898","-0.32921","IO90UT","","Sussex","BN15 8RH","","","🗺️"
"UKBOTA","223","B/G-1868","Shoreham-by-Sea, coastal defence bunkers (cluster)","WW2 Coastal Defence Bunker","50.83037","-0.29251","IO90UT","","Sussex","BN43 5FE","","","🗺️"
"UKBOTA","223","B/G-1869","ROC Wootton Hall Park","ROC Bunker","51.69822","-0.91330","IO91NQ","OXF","Oxfordshire","OX39 4HE","","","🗺️"
"UKBOTA","223","B/G-1870","RAF Halton, WW2 Air raid shelter cluster #1","WW2 Air Raid Shelter","51.77805","-0.73263","IO91PS","","Buckinghamshire","HP22 5NR","","","🗺️"
"UKBOTA","223","B/G-1871","RAF Halton, WW2 Air raid shelter cluster #2","WW2 Air Raid Shelter","51.77332","-0.72706","IO91PS","","Buckinghamshire","HP22 5PG","","","🗺️"
"UKBOTA","223","B/G-1872","Batchworth, Grand Union Canal WW2 pillbox bunker","WW2 Defence Bunker","51.63628","-0.46150","IO91SP","","Hertfordshire","WD3 1LF","","","🗺️"
"UKBOTA","223","B/G-1873","WW2 Grand Union Canal pillbox cluster","WW2 Defence Bunker","51.62779","-0.48907","IO91SP","","Hertfordshire","WD3 8UZ","","","🗺️"
"UKBOTA","223","B/G-1874","WW2 Air raid shelter, Rickmansworth","WW2 Air Raid Shelter","51.64690","-0.47070","IO91SP","","Hertfordshire","WD3 4HF","","","🗺️"
"UKBOTA","223","B/G-1875","Bushey Viaduct, WW2 pillbox/observation bunker","WW2 Defence Bunker","51.64699","-0.38437","IO91TP","","Hertfordshire","WD17 2JD","","","🗺️"
"UKBOTA","223","B/G-1876","Elstree Aerodrome, WW2 airfield defence bunker","WW2 Airfield Defences","51.66278","-0.34957","IO91TP","","Hertfordshire","WD25 8DJ","","","🗺️"
"UKBOTA","223","B/G-1877","ROC Eaton Socon","ROC Bunker","52.22189","-0.29858","IO92UF","BED","Bedfordshire","PE19 8DQ","","","🗺️"
"UKBOTA","223","B/G-1878","ROC Magic Mountain","ROC Bunker","52.26705","-0.22094","IO92VG","BED","Huntingdonshire","PE19 6RW","","","🗺️"
"UKBOTA","223","B/G-1879","ROC Ripley Site 1","ROC Bunker","53.05173","-1.39083","IO93HB","COV","Derbyshire","DE5 3AY","","","🗺️"
"UKBOTA","223","B/G-1880","RAF Ludford Magna Cold War storage bunker","Cold War Bunker","53.37390","-0.19653","IO93VI","","Lincolnshire","LN8 6AY","","","🗺️"
"UKBOTA","223","B/G-1881","RAF Ludford Magna WW2 bomb storage bunker","WW2 Storage Bunker","53.37379","-0.19265","IO93VI","","Lincolnshire","LN8 6AY","","","🗺️"
"UKBOTA","223","B/G-1882","Hornsea #1, coastal defence bunker (cluster)","WW2 Coastal Defence Bunker","53.91663","-0.17648","IO93VV","","East Riding","HU18 1FN","","","🗺️"
"UKBOTA","223","B/G-1883","Atwick #1, coastal defence bunker (cluster)","WW2 Coastal Defence Bunker","53.95713","-0.19203","IO93VW","","East Riding","YO25 8SY","","","🗺️"
"UKBOTA","223","B/G-1884","Atwick #2, coastal defence bunker (cluster)","WW2 Coastal Defence Bunker","53.93910","-0.17874","IO93VW","","East Riding","YO25 8DF","","","🗺️"
"UKBOTA","223","B/G-1885","Skipsea #1, coastal defence bunker (cluster)","WW2 Coastal Defence Bunker","53.98457","-0.20615","IO93VX","","East Riding","YO25 8UA","","","🗺️"
"UKBOTA","223","B/G-1886","Skipsea #2, coastal defence bunker (cluster)","WW2 Coastal Defence Bunker","53.97429","-0.20132","IO93VX","","East Riding","YO25 8TF","","","🗺️"
"UKBOTA","223","B/G-1887","Aldbrough #1, coastal defence bunker (cluster)","WW2 Coastal Defence Bunker","53.83123","-0.08787","IO93WT","","East Riding","HU11 4SD","","","🗺️"
"UKBOTA","223","B/G-1888","Hornsea #2, coastal defence bunker","WW2 Coastal Defence Bunker","53.90591","-0.16147","IO93WV","","East Riding","HU18 1GL","","","🗺️"
"UKBOTA","223","B/G-1889","Mappleton, coastal defence bunker (cluster)","WW2 Coastal Defence Bunker","53.87965","-0.13718","IO93WV","","East Riding","HU18 1XR","","","🗺️"
"UKBOTA","223","B/G-1890","Tunstall, coastal defence bunker (cluster)","WW2 Coastal Defence Bunker","53.75885","-0.00424","IO93XS","","East Riding","HU12 0JN","","","🗺️"
"UKBOTA","223","B/G-1891","Aldbrough #2, coastal defence bunker (cluster)","WW2 Coastal Defence Bunker","53.82341","-0.07766","IO93XT","","East Riding","HU11 4SD","","","🗺️"
"UKBOTA","223","B/G-1892","Aldbrough #3, coastal defence bunker (cluster)","WW2 Coastal Defence Bunker","53.81544","-0.06876","IO93XT","","East Riding","HU11 4SD","","","🗺️"
"UKBOTA","223","B/G-1893","ROC Scariston","ROC Bunker","54.39861","-1.66571","IO94EJ","DUR","North Riding","DL10 7HD","","","🗺️"
"UKBOTA","223","B/G-1894","WW2 Air radid shelter, Hutton Henry","WW2 Air Raid Shelter","54.71724","-1.34454","IO94HR","","Durham","TS27 4RR","","","🗺️"
"UKBOTA","223","B/G-1895","ROC Horden","ROC Bunker","54.74392","-1.29504","IO94IR","DUR","Durham","TS27 4QJ","","","🗺️"
"UKBOTA","223","B/G-1896","WW2 Hawthorn Dene, Coastal Defences","WW2 Coastal Defence Bunker","54.80647","-1.31456","IO94IT","","Durham","SR8 3UT","","","🗺️"
"UKBOTA","223","B/G-1897","WW2 Seaham Harbour, Coastal Defences (x2)","WW2 Coastal Defence Bunker","54.83489","-1.32487","IO94IU","","Durham","SR7 7JT","","","🗺️"
"UKBOTA","223","B/G-1898","WW2 South Gare, Redcar, Coastal Defences","WW2 Coastal Defence Bunker","54.63844","-1.14130","IO94KP","","North Riding","TS10 5NX","","","🗺️"
"UKBOTA","223","B/G-1899","Skinningrove Beach, Coastal Defences","WW2 Coastal Defence Bunker","54.57046","-0.89098","IO94NN","","North Riding","TS13 4JQ","","","🗺️"
"UKBOTA","223","B/G-1900","Cayton Sands, Coastal defence bunker","WW2 Coastal Defence Bunker","54.24296","-0.35667","IO94TF","","North Riding","YO11 3NR","","","🗺️"
"UKBOTA","223","B/G-1901","WW2 Air raid shelter, St Thomas's School, Scarborough","WW2 Air Raid Shelter","54.28460","-0.39608","IO94TG","","North Riding","YO11 1HS","","","🗺️"
"UKBOTA","223","B/G-1902","Hunmanby Sands, coastal defence bunker","WW2 Coastal Defence Bunker","54.18504","-0.27581","IO94UE","","East Riding","YO14 9RE","","","🗺️"
"UKBOTA","223","B/G-1903","Reighton Moor, coastal defence bunker","WW2 Coastal Defence Bunker","54.17074","-0.26704","IO94UE","","East Riding","YO14 9SF","","","🗺️"
"UKBOTA","223","B/G-1904","Bramston #3, coastal defence bunker (cluster)","WW2 Coastal Defence Bunker","54.02230","-0.22414","IO94VA","","East Riding","YO25 8PW","","","🗺️"
"UKBOTA","223","B/G-1905","Bramston #2, coastal defence bunker (cluster)","WW2 Coastal Defence Bunker","54.03427","-0.22101","IO94VA","","East Riding","YO15 3QT","","","🗺️"
"UKBOTA","223","B/G-1906","Bramston #4, coastal defence bunker (cluster)","WW2 Coastal Defence Bunker","54.01008","-0.21461","IO94VA","","East Riding","YO25 8PJ","","","🗺️"
"UKBOTA","223","B/G-1907","Carnaby, coastal defence bunker (cluster)","WW2 Coastal Defence Bunker","54.06014","-0.21716","IO94VB","","East Riding","YO15 3QJ","","","🗺️"
"UKBOTA","223","B/G-1908","Bramston #1, coastal defence bunker (cluster)","WW2 Coastal Defence Bunker","54.04698","-0.21676","IO94VB","","East Riding","YO15 3QU","","","🗺️"
"UKBOTA","223","B/G-1909","Speeton Sands, coastal defence bunker","WW2 Coastal Defence Bunker","54.16167","-0.23737","IO94VD","","East Riding","YO14 9TH","","","🗺️"
"UKBOTA","223","B/G-1910","Bempton Grange, coast defence bunker (x2)","WW2 Coastal Defence Bunker","54.14537","-0.17830","IO94VD","","East Riding","YO15 1JF","","","🗺️"
"UKBOTA","223","B/G-1911","Flamborough Head #2, coastal defence bunker (x3)","WW2 Coastal Defence Bunker","54.10591","-0.14267","IO94WC","","East Riding","YO15 1DW","","","🗺️"
"UKBOTA","223","B/G-1912","Flamborough, coastal defence bunker","WW2 Coastal Defence Bunker","54.12207","-0.08918","IO94WC","","East Riding","YO15 1AW","","","🗺️"
"UKBOTA","223","B/G-1913","Flamborough Head #1, coastal defence bunker (x3)","WW2 Coastal Defence Bunker","54.11893","-0.08404","IO94WC","","East Riding","YO15 1AW","","","🗺️"
"UKBOTA","223","B/G-1914","Thornwick Bay, coastal defence bunker","WW2 Coastal Defence Bunker","54.13066","-0.11306","IO94WD","","East Riding","YO15 1BD","","","🗺️"
"UKBOTA","223","B/G-1915","ROC Rothbury","ROC Bunker","55.28572","-1.89667","IO95BG","DUR","Northumberland","NE61 4PU","","","🗺️"
"UKBOTA","223","B/G-1916","ROC Chatton","ROC Bunker","55.55179","-1.91405","IO95BN","DUR","Northumberland","NE66 5PQ","","","🗺️"
"UKBOTA","223","B/G-1917","WW2 Air raid shelter, Hastings","WW2 Air Raid Shelter","50.86552","0.59783","JO00HU","","Sussex","TN34 3PF","","","🗺️"
"UKBOTA","223","B/G-1918","RAF Hundson, WW2 base defence bunker cluster","WW2 Airfield Defences","51.80850","0.06568","JO01AT","","Hertfordshire","SG12 8FJ","","","🗺️"
"UKBOTA","223","B/G-1919","ROC Knockholt","ROC Bunker","51.33336","0.11177","JO01BI","MAI","Kent","BR6 7NX","","","🗺️"
"UKBOTA","223","B/G-1920","Erith Hospital Bunkers","WW2 Underground hospital","51.47699","0.16673","JO01CL","","Kent","DA8 3EE","","","🗺️"
"UKBOTA","223","B/G-1921","Isle of Grain, coastal defence bunker","WW2 Coastal Defence Bunker","51.47272","0.62529","JO01HL","","Kent","ME3 8RP","","","🗺️"
"UKBOTA","223","B/G-1922","Two Tree Island, Leigh-on-Sea, coastal defence bunker","WW2 Coastal Defence Bunker","51.53649","0.64028","JO01HM","","Essex","SS9 2ES","","","🗺️"
"UKBOTA","223","B/G-1923","The Stone, Ramsey Marsh, coastal defence bunker","WW2 Coastal Defence Bunker","51.71661","0.83089","JO01JR","","Essex","CM0 7LT","","","🗺️"
"UKBOTA","223","B/G-1924","Bradwell-on-Sea, coastal defence bunker","WW2 Coastal Defence Bunker","51.74273","0.89386","JO01KR","","Essex","CM0 7HP","","","🗺️"
"UKBOTA","223","B/G-1925","Bradwell Waterside, coastal defence bunker","WW2 Coastal Defence Bunker","51.74558","0.90412","JO01KR","","Essex","CM0 7HP","","","🗺️"
"UKBOTA","223","B/G-1926","Foulness Island, coastal defence bunker","WW2 Coastal Defence Bunker","51.62008","0.94719","JO01LO","","Essex","SS3 9XT","","","🗺️"
"UKBOTA","223","B/G-1927","Bradwell-on-Sea., coastal defence bunkers (cluster)","WW2 Coastal Defence Bunker","51.73930","0.94014","JO01LR","","Essex","CM0 7PN","","","🗺️"
"UKBOTA","223","B/G-1928","Dymchurch, coastal defence bunker","WW2 Coastal Defence Bunker","51.05908","1.04805","JO01MB","","Kent","CT21 6NU","","","🗺️"
"UKBOTA","223","B/G-1929","Lee-over-Sands, coastal defence bunker","WW2 Coastal Defence Bunker","51.77071","1.05723","JO01MS","","Essex","CO16 8ET","","","🗺️"
"UKBOTA","223","B/G-1930","St. Osyth, coastal defence bunker","WW2 Coastal Defence Bunker","51.77566","1.08249","JO01MS","","Essex","CO16 8SR","","","🗺️"
"UKBOTA","223","B/G-1931","Mersea Island, coastal defence bunker","WW2 Coastal Defence Bunker","51.79901","1.00566","JO01MT","","Essex","CO5 8US","","","🗺️"
"UKBOTA","223","B/G-1932","Jaywick, coastal defence bunkers (cluster)","WW2 Coastal Defence Bunker","51.77632","1.11036","JO01NS","","Essex","CO15 2HT","","","🗺️"
"UKBOTA","223","B/G-1933","Holland Haven, coastal defence bunkers (cluster)","WW2 Coastal Defence Bunker","51.81144","1.21918","JO01OT","","Essex","CO15 5TZ","","","🗺️"
"UKBOTA","223","B/G-1934","Walton-on-the-Naze, coastal defence bunkers (cluster)","WW2 Coastal Defence Bunker","51.86525","1.29052","JO01PU","","Essex","CO14 8LF","","","🗺️"
"UKBOTA","223","B/G-1935","Irlams Beach, coastal defence bunkers (cluster)","WW2 Coastal Defence Bunker","51.90795","1.25562","JO01PV","","Essex","CO12 3TZ","","","🗺️"
"UKBOTA","223","B/G-1936","Trimley St. Mary, coastal defence bunker","WW2 Coastal Defence Bunker","51.96446","1.30365","JO01PX","","Suffolk","IP11 4AN","","","🗺️"
"UKBOTA","223","B/G-1937","Cinque Ports, coastal defence bunker","WW2 Coastal Defence Bunker","51.24826","1.39515","JO01QF","","Kent","CT14 6RG","","","🗺️"
"UKBOTA","223","B/G-1938","Pegwell Bay, coastal defence bunker","WW2 Coastal Defence Bunker","51.31878","1.35622","JO01QH","","Kent","CT12 5DL","","","🗺️"
"UKBOTA","223","B/G-1939","Holbeach St. Marks, coastal defence bunker","WW2 Coastal Defence Bunker","52.88713","0.06134","JO02AV","","Lincolnshire","PE12 8EG","","","🗺️"
"UKBOTA","223","B/G-1940","The Haven, coastal defence bunkers (cluster)","WW2 Coastal Defence Bunker","52.92949","0.06218","JO02AW","","Lincolnshire","PE22 0QX","","","🗺️"
"UKBOTA","223","B/G-1941","Freiston Shore #3, coastal defence bunkers (cluster)","WW2 Coastal Defence Bunker","52.95243","0.07629","JO02AW","","Lincolnshire","PE22 0LS","","","🗺️"
"UKBOTA","223","B/G-1942","Freiston Shore #2, coastal defence bunker","WW2 Coastal Defence Bunker","52.95489","0.07661","JO02AW","","Lincolnshire","PE22 0LY","","","🗺️"
"UKBOTA","223","B/G-1943","Freiston Shore #1, coastal defence bunker","WW2 Coastal Defence Bunker","52.95866","0.07702","JO02AX","","Lincolnshire","PE22 0LY","","","🗺️"
"UKBOTA","223","B/G-1944","Holbeach St. Matthew, coastal defence bunkers (cluster)","WW2 Coastal Defence Bunker","52.88451","0.09358","JO02BV","","Lincolnshire","PE12 8EQ","","","🗺️"
"UKBOTA","223","B/G-1945","Butterwick #3, coastal defence bunkers (cluster)","WW2 Coastal Defence Bunker","52.97137","0.09451","JO02BX","","Lincolnshire","PE22 0HP","","","🗺️"
"UKBOTA","223","B/G-1946","Butterwick #2, coastal defence bunkers (cluster)","WW2 Coastal Defence Bunker","52.97870","0.10104","JO02BX","","Lincolnshire","PE22 0HR","","","🗺️"
"UKBOTA","223","B/G-1947","Butterwick #1, coastal defence bunkers (cluster)","WW2 Coastal Defence Bunker","52.98937","0.11410","JO02BX","","Lincolnshire","PE22 0DH","","","🗺️"
"UKBOTA","223","B/G-1948","Gedney, coastal defence bunker","WW2 Coastal Defence Bunker","52.83280","0.19496","JO02CT","","Lincolnshire","PE12 9NP","","","🗺️"
"UKBOTA","223","B/G-1949","Titchwell Marsh, coastal defence bunkers (cluster)","WW2 Coastal Defence Bunker","52.96930","0.60503","JO02HX","","Norfolk","PE31 8ED","","","🗺️"
"UKBOTA","223","B/G-1950","Cley-next-the-Sea, coastal defence bunker","WW2 Coastal Defence Bunker","52.95502","1.05231","JO02MW","","Norfolk","NR25 7SB","","","🗺️"
"UKBOTA","223","B/G-1951","Cley Eye, coastal defence bunker","WW2 Coastal Defence Bunker","52.96491","1.05091","JO02MX","","Norfolk","NR25 7RZ","","","🗺️"
"UKBOTA","223","B/G-1952","Weybourne Hope., coastal defence bunker","WW2 Coastal Defence Bunker","52.94763","1.14358","JO02NW","","Norfolk","NR25 7SR","","","🗺️"
"UKBOTA","223","B/G-1953","Weybourne Hope., coastal defence bunkers (cluster)","WW2 Coastal Defence Bunker","52.94673","1.16410","JO02NW","","Norfolk","NR25 7EZ","","","🗺️"
"UKBOTA","223","B/G-1954","Beeston Regis., coastal defence bunker","WW2 Coastal Defence Bunker","52.93995","1.24182","JO02OW","","Norfolk","NR27 9NF","","","🗺️"
"UKBOTA","223","B/G-1955","Runton, coastal defence bunker","WW2 Coastal Defence Bunker","52.93619","1.28025","JO02PW","","Norfolk","NR27 9NJ","","","🗺️"
"UKBOTA","223","B/G-1956","Bawdsey, coastal defence bunkers (cluster)","WW2 Coastal Defence Bunker","52.00061","1.42339","JO02RA","","Suffolk","IP12 3AS","","","🗺️"
"UKBOTA","223","B/G-1957","Alderton, coastal defence bunker","WW2 Coastal Defence Bunker","52.02732","1.44277","JO02RA","","Suffolk","IP12 3BE","","","🗺️"
"UKBOTA","223","B/G-1958","Oxley Marshes, coastal defence bunkers (cluster)","WW2 Coastal Defence Bunker","52.04339","1.45262","JO02RB","","Suffolk","IP12 3BD","","","🗺️"
"UKBOTA","223","B/G-1959","Barthorp's Creek, coastal defence bunkers (cluster)","WW2 Coastal Defence Bunker","52.04853","1.46270","JO02RB","","Suffolk","IP12 3JW","","","🗺️"
"UKBOTA","223","B/G-1960","Colony Marsh, coastal defence bunkers (cluster)","WW2 Coastal Defence Bunker","52.05482","1.47533","JO02RB","","Suffolk","IP12 3LN","","","🗺️"
"UKBOTA","223","B/G-1961","Bacton, coastal defence bunker","WW2 Coastal Defence Bunker","52.85334","1.47575","JO02RU","","Norfolk","NR12 0EN","","","🗺️"
"UKBOTA","223","B/G-1962","Happisburgh, coastal defence bunkers (cluster)","WW2 Coastal Defence Bunker","52.81956","1.54252","JO02ST","","Norfolk","NR12 0PY","","","🗺️"
"UKBOTA","223","B/G-1963","Sizewell, coastal defence bunkers (cluster)","WW2 Coastal Defence Bunker","52.20559","1.62113","JO02TE","","Suffolk","IP16 4UD","","","🗺️"
"UKBOTA","223","B/G-1964","Waxham, coastal defence bunkers (cluster)","WW2 Coastal Defence Bunker","52.78010","1.61914","JO02TS","","Norfolk","NR12 0DY","","","🗺️"
"UKBOTA","223","B/G-1965","Kessingland #2, coastal defence bunkers (cluster)","WW2 Coastal Defence Bunker","52.41560","1.71750","JO02UJ","","Suffolk","NR33 7SQ","","","🗺️"
"UKBOTA","223","B/G-1966","Kessingland #1, coastal defence bunkers (cluster)","WW2 Coastal Defence Bunker","52.42038","1.72804","JO02UK","","Suffolk","NR33 7NU","","","🗺️"
"UKBOTA","223","B/G-1967","Great Yarmouth, WW2 Command Bunker","WW2 Defence Bunker","52.58012","1.71285","JO02UN","","Suffolk","NR31 8EL","","","🗺️"
"UKBOTA","223","B/G-1968","Mautby, WW2 Command Bunker","WW2 Defence Bunker","52.63917","1.67394","JO02UP","","Norfolk","NR29 3EJ","","","🗺️"
"UKBOTA","223","B/G-1969","Gunton Sands, coastal defence bunker","WW2 Coastal Defence Bunker","52.49944","1.75392","JO02VL","","Suffolk","NR32 4PR","","","🗺️"
"UKBOTA","223","B/G-1970","Holmpton, coastal defence bunker (cluster)","WW2 Coastal Defence Bunker","53.70072","0.06888","JO03AQ","","East Riding","HU19 2QP","","","🗺️"
"UKBOTA","223","B/G-1971","Waxholme, coastal defence bunker","WW2 Coastal Defence Bunker","53.74361","0.01575","JO03AR","","East Riding","HU19 2BJ","","","🗺️"
"UKBOTA","223","B/G-1972","Spurn Point, coastal defence bunker","WW2 Coastal Defence Bunker","53.57771","0.11497","JO03BN","","East Riding","HU12 0UH","","","🗺️"
"UKBOTA","223","B/G-1973","Kilnsea #1, coastal defence bunker","WW2 Coastal Defence Bunker","53.62337","0.13609","JO03BO","","East Riding","HU12 0UB","","","🗺️"
"UKBOTA","223","B/G-1974","Kilnsea #2, coastal defence bunker","WW2 Coastal Defence Bunker","53.61576","0.14027","JO03BO","","East Riding","HU12 0UH","","","🗺️"
"UKBOTA","223","B/G-1975","Easington, coastal defence bunker (cluster)","WW2 Coastal Defence Bunker","53.63597","0.13308","JO03BP","","East Riding","HU12 0UD","","","🗺️"
"UKBOTA","223","B/G-1976","Wrangle, coastal defence bunkers (cluster)","WW2 Coastal Defence Bunker","53.05173","0.17495","JO03CB","","Lincolnshire","PE22 8QR","","","🗺️"
"UKBOTA","223","B/G-1977","Theddlethorpe St. Helen #2, coastal defence bunker","WW2 Coastal Defence Bunker","53.37015","0.23641","JO03CI","","Lincolnshire","LN12 1NP","","","🗺️"
"UKBOTA","223","B/G-1978","Saltfleetby, coastal defence bunker (cluster)","WW2 Coastal Defence Bunker","53.39098","0.18976","JO03CJ","","Lincolnshire","LN11 7TW","","","🗺️"
"UKBOTA","223","B/G-1979","Rimac, coastal defence bunker (cluster)","WW2 Coastal Defence Bunker","53.40047","0.21454","JO03CJ","","Lincolnshire","LN11 7TS","","","🗺️"
"UKBOTA","223","B/G-1980","Theddlethorpe St. Helen #1, coastal defence bunker (cluster)","WW2 Coastal Defence Bunker","53.37785","0.21662","JO03CJ","","Lincolnshire","LN12 1PG","","","🗺️"
"UKBOTA","223","B/G-1981","Gibraltar Point, coastal defence bunker (cluster)","WW2 Coastal Defence Bunker","53.09474","0.32958","JO03DC","","Lincolnshire","PE24 4SU","","","🗺️"
"UKBOTA","223","B/G-1982","Anderby Creek, coastal defence bunker (cluster)","WW2 Coastal Defence Bunker","53.26490","0.32068","JO03DG","","Lincolnshire","PE24 5YQ","","","🗺️"
"UKBOTA","223","B/G-1983","Mablethorpe, coastal defence bunker (cluster)","WW2 Coastal Defence Bunker","53.33287","0.26883","JO03DH","","Lincolnshire","LN12 2DA","","","🗺️"
"UKBOTA","223","B/G-1984","Skegness, coastal defence bunker","WW2 Coastal Defence Bunker","53.13793","0.34545","JO03ED","","Lincolnshire","PE25 3HP","","","🗺️"
"UKBOTA","223","B/G-1985","Ingoldmells, coastal defence bunker","WW2 Coastal Defence Bunker","53.17781","0.34732","JO03EE","","Lincolnshire","PE25 1JD","","","🗺️"
"UKBOTA","223","B/G-1986","Barrow Brow, WW2 Pillbox Bunker","WW2","54.84816","-2.99684","IO84MU","","Cumberland","CA5 7NA","","","🗺️"
"UKBOTA","223","B/G-1987","Black Riggs, WW2 Pillbox Bunker","WW2","54.50724","-2.18537","IO84VM","","Westmorland","CA17 4EU","","","🗺️"
"UKBOTA","223","B/G-1988","Coastal Defence Bunker (Cluster), Crimdon Dene","WW2 Coastal Defence Bunker","54.72174","-1.24242","IO94JR","","Durham","TS24 9QF","","","🗺️"
"UKBOTA","223","B/G-1989","Coastal Defence Bunker (cluster), Hempstead","WW2 Coastal Defence Bunker","52.79836","1.58689","JO02TT","","Norfolk","NR12 0SS","","","🗺️"
"UKBOTA","223","B/G-1990","Coastal Defence Bunker (cluster), Horsey","WW2 Coastal Defence Bunker","52.75750","1.65391","JO02TS","","Norfolk","NR29 4EQ","","","🗺️"
"UKBOTA","223","B/G-1991","Coastal Defence Bunker (Cluster), Studland","WW2 Coastal Defence Bunker","50.65032","-1.95545","IO90AP","","Dorset","BH19 3AH","","","🗺️"
"UKBOTA","223","B/G-1992","Coastal Defence Bunker (Cluster), Totland","WW2 Coastal Defence Bunker","50.68811","-1.54272","IO90FQ","","Hampshire","PO39 0FD","","","🗺️"
"UKBOTA","223","B/G-1993","Coastal Defence Bunker (Cluster), West Bexington","WW2 Coastal Defence Bunker","50.68089","-2.66938","IO80PQ","","Dorset","DT2 9DD","","","🗺️"
"UKBOTA","223","B/G-1994","Coastal Defence Bunker, Eype Mouth","WW2 Coastal Defence Bunker","50.71669","-2.78297","IO80OR","","Dorset","DT6 6AL","","","🗺️"
"UKBOTA","223","B/G-1995","Coastal Defence Bunker, Ferring","WW2 Coastal Defence Bunker","50.80297","-0.44182","IO90ST","","Sussex","BN12 5QE","","","🗺️"
"UKBOTA","223","B/G-1996","Coastal Defence Bunker, Horden Beach","WW2 Coastal Defence Bunker","54.77378","-1.31334","IO94IS","","Durham","SR8 4TE","","","🗺️"
"UKBOTA","223","B/G-1997","Coastal Defence Bunker, Lyme Regis","WW2 Coastal Defence Bunker","50.73392","-2.92547","IO80MR","","Dorset","DT7 3HQ","","","🗺️"
"UKBOTA","223","B/G-1998","Coastal Defence Bunker, Scratby","WW2 Coastal Defence Bunker","52.67288","1.71757","JO02UQ","","Norfolk","NR29 3QN","","","🗺️"
"UKBOTA","223","B/G-1999","Coastal Defence Bunker, Widmouth Bay","WW2 Coastal Defence Bunker","50.78691","-4.55820","IO70RS","","Cornwall","EX23 0FT","","","🗺️"
"UKBOTA","223","B/G-2000","Coastal OP Bunker, Littlehampton","WW2 Coastal Defence Bunker","50.80096","-0.54274","IO90RT","","Sussex","BN17 5LH","","","🗺️"
"UKBOTA","223","B/G-2001","East Gun Battery, Happisburgh","WW2 Gun Battery Bunker","52.83052","1.52451","JO02ST","","Norfolk","NR12 0QY","","","🗺️"
"UKBOTA","223","B/G-2002","WW2 Pillbox cluster, N of Hartlepool","WW2","54.70650","-1.23737","IO94JQ","","Durham","TS26 0FF","","","🗺️"
"UKBOTA","223","B/G-2003","WW2 Pillbox cluster, West Leigh","WW2","50.87613","-0.96030","IO90MV","","Hampshire","PO9 5NJ","","","🗺️"
"UKBOTA","223","B/G-2004","Grasmere Dunmail Bunker (WW2 Pillbox) #1","WW2","54.48429","-3.03362","IO84LL","","Westmorland","LA22 9RS","","","🗺️"
"UKBOTA","223","B/G-2005","Grasmere Dunmail Bunker (WW2 Pillbox) #2","WW2","54.49534","-3.04215","IO84LL","","Westmorland","CA12 4TP","","","🗺️"
"UKBOTA","223","B/G-2006","Heugh Battery Bunker, Hartlepool","WW2 Gun Battery Bunker","54.69712","-1.17666","IO94JQ","","Durham","TS24 0PS","","","🗺️"
"UKBOTA","223","B/G-2007","Liddington Starfish Decoy Bunker","WW2 Decoy Bunker","51.52018","-1.69104","IO91DM","","Wiltshire","SN4 0HR","","","🗺️"
"UKBOTA","223","B/G-2008","Munitions Storage Yardley Chase (1)","WW2 Storage Bunker","52.18932","-0.77387","IO92OE","","Northamptonshire","NN7 2BQ","","","🗺️"
"UKBOTA","223","B/G-2009","Munitions Storage Yardley Chase (2)","WW2 Storage Bunker","52.17779","-0.75288","IO92OE","","Northamptonshire","NN7 1HN","","","🗺️"
"UKBOTA","223","B/G-2010","Mustard Gas Store, Riseley","WW1 Munitions Bunker","52.27073","-0.47807","IO92SG","","Bedfordshire","MK44 1BY","","","🗺️"
"UKBOTA","223","B/G-2011","RAF Thurleigh Bomb Store Bunker (WW2)","WW2 Storage Bunker","52.22944","-0.45182","IO92SF","","Bedfordshire","MK44 2EA","","","🗺️"
"UKBOTA","223","B/G-2012","RCHQ Chilmark, RAF Chilmark bunker","RCHQ","51.08002","-2.03743","IO81XB","","Wiltshire","SP3 5DU","","","🗺️"
"UKBOTA","223","B/G-2013","Ripon Civil Defence Bunker","Civil Defence","54.13560","-1.52392","IO94FD","","West Riding","HG4 1FT","","","🗺️"
"UKBOTA","223","B/G-2014","ROC Post Hoylake (WW2)","ROC Bunker","53.39200","-3.18251","IO83JJ","NWA","Cheshire","CH47 2AN","","","🗺️"
"UKBOTA","223","B/G-2015","WW2 Airfield Defence Bunker, Greatham","WW2 Airfield Defence","54.63787","-1.23458","IO94JP","","Durham","TS25 2HA","","","🗺️"
"UKBOTA","223","B/G-2016","WW2 Airfield Defence Bunker, RAF West Hartlepool","WW2 Airfield Defence","54.64735","-1.22164","IO94JP","","Durham","TS25 5TE","","","🗺️"
"UKBOTA","223","B/G-2017","WW2 Bunker Cluster + tunnel, Oevn Stones Hill","WW2","53.54165","-1.72948","IO93DM","","West Riding","HD9 7TS","","","🗺️"
"UKBOTA","223","B/G-2018","WW2 Bunker Cluster, HMS Forward, Newhaven","WW2","50.80508","0.05713","JO00AT","","Sussex","BN9 0JY","","","🗺️"
"UKBOTA","223","B/G-2019","WW2 Ground Defence Bunker,Greymoorhill","WW2","54.92920","-2.94563","IO84MW","","Cumberland","CA3 0HS","","","🗺️"
"UKBOTA","223","B/G-2020","WW2 Ground Defence Pillbox, Market Drayton","WW2","52.90751","-2.47157","IO82SV","","Shropshire","TF9 1HZ","","","🗺️"
"UKBOTA","223","B/G-2021","WW2 Defence Bunker, Hampermill","WW2","51.63363","-0.41419","IO91TP","","Hertfordshire","WD19 4PJ","","","🗺️"
"UKBOTA","223","B/G-2022","WW2 Defence Bunker, Tolpitts Lane","WW2","51.63589","-0.43628","IO91SP","","Hertfordshire","WD18 9QG","","","🗺️"
"UKBOTA","223","B/G-2023","Chistlehurst Caves, Bromley, WW1 Storage","WW1 Munitions Bunker","51.40740","0.05750","JO01AJ","","Kent","BR7 5QX","","","🗺️"
"UKBOTA","223","B/G-2024","Chistlehurst Caves, Bromley, WW2 Large Air Raid Shelter","WW2","51.40740","0.05750","JO01AJ","","Kent","BR7 5QX","","","🗺️"
"UKBOTA","223","B/G-2025","RAF Bowes Moor, Cotherstone, North Pennines","WW2 Storage Bunker","54.52689","-2.02929","IO84XM","","North Riding","DL12 9JB","","","🗺️"
"UKBOTA","223","B/G-2026","RAF Fauld, Sudbury","WW2 Storage Bunker","52.84722","-1.73056","IO92DU","","Staffordshire","DE13 9HT","","","🗺️"
"UKBOTA","223","B/G-2027","Denwick bunker","Zero Station bunker","55.45281","-1.71600","IO95DK","","Northumberland","NE66 2LE","","","🗺️"
"UKBOTA","223","B/G-2028","Pica (Moresby Moor) bunker","WW2 Decoy Bunker","54.57730","-3.53324","IO84FN","","Cumberland","CA14 4PY","","","🗺️"
"UKBOTA","223","B/G-2029","Siddick decoy bunker (Workington)","WW2 Decoy Bunker","54.67745","-3.53512","IO84FQ","","Cumberland","CA15 8RX","","","🗺️"
"UKBOTA","223","B/G-2030","Edderside (Westnewton) bunker","WW2 Decoy Bunker","54.79634","-3.38817","IO84HT","","Cumberland","CA15 6RA","","","🗺️"
"UKBOTA","223","B/G-2031","Pelutho decoy bunker","WW2 Decoy Bunker","54.79098","-3.39343","IO84HS","","Cumberland","CA15 6RA","","","🗺️"
"UKBOTA","223","B/G-2032","Woodhouse Moor air raid sheler","WW2 Air Raid Shelter","53.81189","-1.56344","IO93FT","","West Riding","LS6 1SJ","","","🗺️"
"UKBOTA","223","B/G-2033","Brighouse bunker","Cold War Bunker","53.87525","-1.37170","IO93HV","","West Riding","LS23 6NB","","","🗺️"
"UKBOTA","223","B/G-2034","Music Hall, Shrewsbury bunker","Civil Defence / Cold War","52.70695","-2.75470","IO82OQ","","Shropshire","SY1 1LH","","","🗺️"
"UKBOTA","223","B/G-2035","Ludlow bunker","Civil Emergency Centre","52.37184","-2.71810","IO82PI","","Shropshire","SY8 1DG","","","🗺️"
"UKBOTA","223","B/G-2036","Evesham BT Bunker","British Telecomms Bunker","52.08983","-1.95170","IO92AC","","Worcestershire","WR11 4BY","","","🗺️"
"UKBOTA","223","B/G-2037","Staverton bunker","USAF Radio Station 2 x Bunkers","52.24446","-1.19880","IO92JF","","Northamptonshire","NN11 6JU","","","🗺️"
"UKBOTA","223","B/G-2038","Northampton bunker","British Telecomms Bunker","52.23657","-0.88996","IO92NF","","Northamptonshire","NN1 1LZ","","","🗺️"
"UKBOTA","223","B/G-2039","Corby bunker","Sub Regional Control Bunker","52.49090","-0.70388","IO92PL","","Northamptonshire","NN17 1TQ","","","🗺️"
"UKBOTA","223","B/G-2040","Wellingborough bunker","Civil Emergency Centre","52.29826","-0.68165","IO92PH","","Northamptonshire","NN8 1NP","","","🗺️"
"UKBOTA","223","B/G-2041","RAF Colerne (Chippenham)","WW2 Sector HQ & Blast Shelter","51.44440","-2.27886","IO81UK","","Wiltshire","SN14 8QY","","","🗺️"
"UKBOTA","223","B/G-2042","RAF Babdown Farm (Tetbury)","WW2 Ground Defence Bunker","51.64898","-2.22880","IO81VP","","Gloucestershire","GL8 8YJ","","","🗺️"
"UKBOTA","223","B/G-2043","RAF Hullvington munitions bunker","WW2 Munitions Bunker","51.52420","-2.13774","IO81WM","","Wiltshire","SN14 6DE","","","🗺️"
"UKBOTA","223","B/G-2044","RAF Long Newnton (Malmesbury)","WW2 Munitions Bunker","51.62637","-2.11075","IO81WP","","Wiltshire","SN16 9SR","","","🗺️"
"UKBOTA","223","B/G-2045","Hare Warren bunker","Zero Station bunker","51.05867","-1.87850","IO91BB","","Wiltshire","SP2 0NF","","","🗺️"
"UKBOTA","223","B/G-2046","Moors Valley decoy","WW2 Decoy Bunker","50.84910","-1.84953","IO90BU","","Hampshire","BH24 2ET","","","🗺️"
"UKBOTA","223","B/G-2047","Harnham Bunker","Civil Defence Control Centre","51.05810","-1.80160","IO91CB","","Wiltshire","SP2 8DG","","","🗺️"
"UKBOTA","223","B/G-2048","Dean's Hill Bunker","WW2 Munitions Bunker","51.03667","-1.62658","IO91EA","","Hampshire","SP5 1EZ","","","🗺️"
"UKBOTA","223","B/G-2049","Coleshill house bunker","SOE / SDB Bunker","51.64202","-1.64660","IO91EP","","Berkshire","SN6 7PU","","","🗺️"
"UKBOTA","223","B/G-2050","High Wycombe WW2 bunker","WW2 Military Headquarters bunker","51.68000","-0.80233","IO91OQ","","Buckinghamshire","HP14 4XQ","","","🗺️"
"UKBOTA","223","B/G-2051","Rise Hall bunker","WW2 Aux County HQ","53.86140","-0.24751","IO93VU","","East Riding","HU11 5BN","","","🗺️"
"UKBOTA","223","B/G-2052","RAF Folkingham Decoy Airfield Q/K22a bunker","WW2 Decoy Airfield","52.88028","-0.41701","IO92SV","","Lincolnshire","NG34 0TW","","","🗺️"
"UKBOTA","223","B/G-2053","Branston Fen Decoy Airfield Q20b bunker","WW2 Decoy Airfield","53.18167","-0.46889","IO93SE","","Lincolnshire","LN4 2HH","","","🗺️"
"UKBOTA","223","B/G-2054","Potterhanworth Decoy Airfield Q20a bunker","WW2 Decoy Airfield","53.18694","-0.38861","IO93TE","","Lincolnshire","LN4 2AU","","","🗺️"
"UKBOTA","223","B/G-2055","Gautby Decoy Airfield Q20c bunker","WW2 Decoy Airfield","53.22833","-0.24778","IO93VF","","Lincolnshire","LN10 5ED","","","🗺️"
"UKBOTA","223","B/G-2056","RAF Pickenham bunker","Cold War Thor Missile Site","52.62569","0.72887","JO02IP","","Norfolk","PE37 8LL","","","🗺️"
"UKBOTA","223","B/G-2057","Southacre, Norfolk bunker","WW2 Decoy airfield bunker (still remaining)","52.68109","0.65731","JO02HQ","","Norfolk","PE32 2AD","","","🗺️"
"UKBOTA","223","B/G-2058","Wendling Bomb Store bunker","WW2 Bomb Store","52.69173","0.85839","JO02KQ","","Norfolk","NR19 2NG","","","🗺️"
"UKBOTA","223","B/G-2059","RAF Hockering bunker","WW2 Forward Ammunition Depot","52.68743","1.06511","JO02MQ","","Norfolk","NR20 3HQ","","","🗺️"
"UKBOTA","223","B/G-2060","Hethel bunker","WW2 Bomb Store, Bunker, Underground HQ","52.56229","1.17940","JO02ON","","Norfolk","NR14 8EZ","","","🗺️"
"UKBOTA","223","B/G-2061","Beeston Hall bunker","WW2 HQ Norfolk SDB","52.93353","1.21920","JO02OW","","Norfolk","NR26 8ST","","","🗺️"
"UKBOTA","223","B/G-2062","Hopton bunker","WW2 Air Raid Shelter / Bunker","52.53950","1.72960","JO02UM","","Suffolk","NR31 9ST","","","🗺️"
"UKBOTA","223","B/G-2063","Sherringham bunker","Coastal Defence and Underground HQ","52.94527","1.19750","JO02OW","","Norfolk","NR26 8HG","","","🗺️"
"UKBOTA","223","B/G-2064","Norwich Zero Station bunker","Zero Station bunker","52.62987","1.33150","JO02PP","","Norfolk","NR7 0BT","","","🗺️"
"UKBOTA","223","B/G-2065","Winterton CH Radar bunker","Chain Home (Low) WW2","52.70911","1.69800","JO02UR","","Norfolk","NR29 4BY","","","🗺️"
"UKBOTA","223","B/G-2066","Gorleston (air raid shelters 1)","WW2 Air Raid Shelter cluster","52.58336","1.72680","JO02UO","","Suffolk","NR31 6NX","","","🗺️"
"UKBOTA","223","B/G-2067","Gorleston bunker, battery and HQ","WW2 Heavy AA Battery bunker","52.56093","1.72210","JO02UN","","Suffolk","NR31 6TB","","","🗺️"
"UKBOTA","223","B/G-2068","Gorleston Cliffs Air Raid Shelter Cluster (2)","WW2 Air Raid Shelter cluster","52.57042","1.73090","JO02UN","","Suffolk","NR31 6DH","","","🗺️"
"UKBOTA","223","B/G-2069","Gorleston Cliffs Munitions Bunker","WW2 Ammunition Bunker","52.56751","1.73020","JO02UN","","Suffolk","NR31 6DX","","","🗺️"
"UKBOTA","223","B/G-2070","Great Yarmouth Port bunker 1","WW2 Anti Torpedo Boat Gun Battery & Bunker","52.57382","1.73690","JO02UN","","Norfolk","NR31 6PH","","","🗺️"
"UKBOTA","223","B/G-2071","Great Yarmouth Port bunker 2","WW2 Gun Battery & Bunker","52.57646","1.73420","JO02UN","","Norfolk","NR30 3QF","","","🗺️"
"UKBOTA","223","B/G-2072","Ormesby Oboe Site bunker","WW2 Oboe Site, Cold War Site","52.68352","1.71390","JO02UQ","","Norfolk","NR29 3NT","","","🗺️"
"UKBOTA","223","B/G-2073","RAF Polebrook bunker","Cold War Thor Missile Site","52.46631","-0.38516","IO92TL","","Northamptonshire","PE8 5LF","","","🗺️"
"UKBOTA","223","B/G-2074","Hertford bunker","Civil Defence / Cold War","51.79366","-0.08013","IO91XT","","Hertfordshire","SG13 8EB","","","🗺️"
"UKBOTA","223","B/G-2075","RAF Mepal bunker","Cold War Thor Missile Site","52.39535","0.12225","JO02BJ","","Cambridgeshire","CB6 2GN","","","🗺️"
"UKBOTA","223","B/G-2076","RAF Feltwell bunker","Cold War Thor Missile Site","52.47495","0.52286","JO02GL","","Norfolk","IP26 4FA","","","🗺️"
"UKBOTA","223","B/G-2077","Ixworth bunker","WW2 Bombing Decoy Site Bunker","52.30539","0.85744","JO02KH","","Suffolk","IP31 2NJ","","","🗺️"
"UKBOTA","223","B/G-2078","Sheppard Grove bunker","Cold War Thor Missile Site","52.32265","0.92135","JO02LH","","Suffolk","IP31 2BG","","","🗺️"
"UKBOTA","223","B/G-2079","Jermin's Farm bunker (Ipswich)","WW2 Aux Gp 5 HQ","52.01134","1.04010","JO02MA","","Suffolk","IP9 2LD","","","🗺️"
"UKBOTA","223","B/G-2080","Earsham bunker - Sexton Wood","WW2 Bomb Store","52.47416","1.38040","JO02QL","","Norfolk","NR35 2AZ","","","🗺️"
"UKBOTA","223","B/G-2081","RAF Woodbridge bunker","WW2 Bomb store & Bunkers","52.08770","1.40820","JO02QC","","Suffolk","IP12 3LU","","","🗺️"
"UKBOTA","223","B/G-2082","Saxmundham bunker","SDB Bunker bunker","52.23031","1.46810","JO02RF","","Suffolk","IP17 2QN","","","🗺️"
"UKBOTA","223","B/G-2083","Earsham bunker - Beech Wood","WW2 Bomb Store","52.45407","1.40630","JO02QK","","Norfolk","NR35 2AB","","","🗺️"
"UKBOTA","223","B/G-2084","RAF Seething bunker","WW2 Bomb Store","52.50961","1.40770","JO02QM","","Norfolk","NR15 1EN","","","🗺️"
"UKBOTA","223","B/G-2085","Earsham bunker - Park Wood","WW2 Bomb Store","52.47052","1.39890","JO02QL","","Norfolk","NR35 2DH","","","🗺️"
"UKBOTA","223","B/G-2086","Lowestoft bunker (1)","WW2 ARP & Cold War Control Centre","52.48195","1.74040","JO02UL","","Suffolk","NR32 2QD","","","🗺️"
"UKBOTA","223","B/G-2087","Lowestoft bunker (2)","WW2 Bunker","52.47619","1.73670","JO02UL","","Suffolk","NR32 2EU","","","🗺️"
"UKBOTA","223","B/G-2088","Burgate bunker","WW2 Bombing Decoy Site Bunker","52.31718","1.02660","JO02MH","","Suffolk","IP22 1LR","","","🗺️"
"UKBOTA","223","B/G-2089","Tottington Manor bunker","WW2 Aux County HQ","50.89105","-0.27304","IO90UV","","Sussex","BN5 9LJ","","","🗺️"
"UKBOTA","223","B/G-2090","The Garth, Bilting bunker","WW2 Aux County HQ","51.20667","0.94115","JO01LE","","Kent","TN25 4HF","","","🗺️"
"UKBOTA","223","B/G-2091","Godmersham bunker","WW1 / WW2 AUX","51.21239","0.93372","JO01LF","","Kent","TN25 4HF","","","🗺️"
"UKBOTA","223","B/G-2092","Rosary Road WW2 Air Raid Shelter, Norwich","WW2 Air Raid Shelter","52.63031","1.31090","JO02PP","","Norfolk","NR1 1FD","","","🗺️"
"UKBOTA","223","B/G-2093","Norfolk County Emergency Centre","Civil Defence Bunker","52.61496","1.30741","JO02PO","","Norfolk","NR1 2DH","","","🗺️"
"UKBOTA","223","B/G-2094","Easton Aux Patrol Hide","AUX Patrol Base in old chalk mine","52.60427","1.27677","JO02PO","","Norfolk","NR4 6QS","","","🗺️"
"UKBOTA","223","B/G-2095","Burgh Castle Heavy AA Site, Command Post","Battery Command Post","52.58549","1.65896","JO02TO","","Suffolk","NR31 9QF","","","🗺️"
"UKBOTA","223","B/G-2096","Oak Farm Heavy AA Site, Command Post","Battery Command Post","52.64274","1.69954","JO02UP","","Norfolk","NR30 5SW","","","🗺️"
"UKBOTA","223","B/G-2097","Mautby Aux Hide","Aux Unit Hide","52.65510","1.65620","JO02TP","","Norfolk","NR29 3JA","","","🗺️"
"UKBOTA","223","B/G-2098","Walsingham SOE Bunker","WW2 SOE Bunker","52.89401","0.88763","JO02KV","","Norfolk","NR22 6EA","","","🗺️"
"UKBOTA","223","B/G-2099","Winterton Naval Gun Battery","Large Naval Gun Battery Bunker","52.71289","1.69540","JO02UR","","Norfolk","NR29 4BS","","","🗺️"
"UKBOTA","223","B/G-2100","Lound Heavy AA Battery, Command Post","Battery Command Post","52.53660","1.68351","JO02UM","","Suffolk","NR32 5EE","","","🗺️"
"UKBOTA","223","B/G-2101","Lowestoft Heavy AA Battery, Command Post","Battery Command Post","52.45806","1.72717","JO02UK","","Suffolk","NR33 7JU","","","🗺️"
"UKBOTA","223","B/G-2102","Walton Diver battery & Cold War site","Cold War Bunker","51.97568","1.31443","JO01PX","","Suffolk","IP11 0UD","","","🗺️"
"UKBOTA","223","B/G-2103","Salthouse Chain Home (low)","Chain Home (low) Bunker","52.94321","1.08683","JO02NW","","Norfolk","NR25 7XL","","","🗺️"
"UKBOTA","223","B/G-2104","Lancashire County Council Emergency Centre","Civil Defence Bunker","53.77771","-2.76748","IO83OS","","Lancashire","PR4 0DN","","","🗺️"
"UKBOTA","223","B/G-2105","RAF Spilsby WW2 Bomb Stores","WW2 Munitions Bunker","53.16987","0.17070","JO03CD","","Lincolnshire","PE23 5QZ","","","🗺️"
"UKBOTA","223","B/G-2106","Dorrington Decoy Airfield Q21b, control bunker","WW2 Decoy Airfield bunker","53.07531","-0.36584","IO93TB","","Lincolnshire","LN4 3QB","","","🗺️"
"UKBOTA","223","B/G-2107","Frithville Decoy Airfield Q18b, control bunker","WW2 Decoy Airfield bunker","53.02717","-0.06611","IO93XA","","Lincolnshire","PE22 7AL","","","🗺️"
"UKBOTA","223","B/G-2108","Hagnaby Decoy Airfield Q18a Blast Shelter","WW2 Decoy Airfield bunker","53.13638","0.02188","JO03AD","","Lincolnshire","PE23 4BU","","","🗺️"
"UKBOTA","223","B/G-2109","Twyford Southern Water Emergency Control Centre","Cold War control centre","51.01487","-1.29982","IO91IA","","Hampshire","SO21 1QX","","","🗺️"
"UKBOTA","223","B/G-2110","Bricket Wood Railway control centre","Cold war railway control centre","51.70581","-0.35853","IO91TQ","","Hertfordshire","AL2 3PE","","","🗺️"
"UKBOTA","223","B/G-2111","West Oxfordshire District Council","Cold War Nuclear Bunker","51.79312","-1.47904","IO91GT","","Oxfordshire","OX28 9RA","","","🗺️"
"UKBOTA","223","B/G-2112","Pakefield CH Low","Chain Home (low) Bunker","52.43240","1.72856","JO02UK","","Suffolk","NR33 7PQ","","","🗺️"
"UKBOTA","223","B/G-2113","RAF Rudloe Manor operations room","Operations Bunker","51.42063","-2.21686","IO81VK","","Wiltshire","SN13 9NR","","","🗺️"
"UKBOTA","223","B/G-2114","WW2 Bunker No.1 (Grovely Woods)","WW2 Bunker","51.11264","-1.96755","IO91AC","","Wiltshire","BA12 0RB","","","🗺️"
"UKBOTA","223","B/G-2115","WW2 Bunker No.2 (Grovely Woods)","WW2 Bunker","51.10852","-1.94405","IO91AC","","Wiltshire","SP3 4SQ","","","🗺️"
"UKBOTA","223","B/G-2116","Pitton WW2 Airfield bombing decoy control bunker","WW2 Decoy Bunker","51.09043","-1.72242","IO91DC","","Wiltshire","SP5 1SU","","","🗺️"
"UKBOTA","223","B/G-2117","WW2 Airfield bombing decoy control bunker","WW2 Decoy Bunker","51.10628","-1.53959","IO91FC","","Hampshire","SO20 8BH","","","🗺️"
"UKBOTA","223","B/G-2118","Wool Pack Battery, Scilly","WW2 bunker","49.90931","-6.32186","IN69UV","","Cornwall","TR21 0LS","","","🗺️"
"UKBOTA","223","B/G-2119","Ullock WW2 Pillbox","WW2 Pillbox","54.60292","-3.41799","IO84GO","","Cumberland","CA14 4TR","","","🗺️"
"UKBOTA","223","B/G-2120","Maryport Park End WW2 Pillbox","WW2 Pillbox","54.72271","-3.49574","IO84GR","","Cumberland","CA15 6JD","","","🗺️"
"UKBOTA","223","B/G-2121","Maryport Docks WW2 Pillbox","WW2 Pillbox","54.71741","-3.50651","IO84FR","","Cumberland","CA15 8BD","","","🗺️"
"UKBOTA","223","B/G-2122","Crosby Villa WW2 Pillbox","WW2 Pillbox","54.73959","-3.40719","IO84HR","","Cumberland","CA15 6TH","","","🗺️"
"UKBOTA","223","B/G-2123","Broughton decoy bunker (Navy)","WW2 Decoy Airfield bunker","54.68400","-3.43200","IO84GQ","","Cumberland","CA13 0YA","","","🗺️"
"UKBOTA","223","B/G-2124","Gosforth WW2 Pillbox","WW2 Pillbox","54.41751","-3.43932","IO84GK","","Cumberland","CA20 1AP","","","🗺️"
"UKBOTA","223","B/G-2125","RAF Millom Airfiled Battle HQ","Airfiled Battle HQ","54.20141","-3.31065","IO84IE","","Cumberland","LA18 4NA","","","🗺️"
"UKBOTA","223","B/G-2126","RAF Millom WW2 Pillbox cluster","WW2 Pillbox","54.20517","-3.32457","IO84IE","","Cumberland","LA18 4NB","","","🗺️"
"UKBOTA","223","B/G-2127","Dalby Auxillary Unit Operational Base (OB)","WW2 Aux OB","53.20549","0.12168","JO03BE","","Lincolnshire","PE23 4QG","","","🗺️"
"UKBOTA","223","B/G-2128","Gibraltar Point Coastal Artillery Battery","Coastal Battery","53.09893","0.32177","JO03DC","","Lincolnshire","PE24 4SU","","","🗺️"
"UKBOTA","223","B/G-2129","Winterton Bombing Decoy (Naval)","Naval Bombing decoys site","52.73321","1.66792","JO02UR","","Norfolk","NR29 4EP","","","🗺️"
"UKBOTA","223","B/G-2130","Lound Bombing Decoy (Naval) bunker","Naval Bombing decoys site","52.53119","1.72140","JO02UM","","Suffolk","NR32 5NL","","","🗺️"
"UKBOTA","223","B/G-2131","Naval Gun Battery Nova Scotia","Naval Gun Battery Nova Scotia","52.65973","1.70940","JO02UP","","Norfolk","NR30 5WA","","","🗺️"
"UKBOTA","223","B/G-2132","Surlingham Bombing Decoy bunker","Bombing Decoy","52.59568","1.40193","JO02QO","","Norfolk","NR14 7DL","","","🗺️"
"UKBOTA","223","B/G-2133","Belmore WW2 Aux hide Norwich","3 room with connecting tunnels","52.64374","1.35692","JO02QP","","Norfolk","NR7 0UA","","","🗺️"
"UKBOTA","223","B/G-2134","Wroxham WW2 Aux OB","AUX Scout Patrol Ops base","52.69974","1.41156","JO02QQ","","Norfolk","NR12 8TS","","","🗺️"
"UKBOTA","223","B/G-2135","Salhouse WW2 Aux OB","AUX Scout Patrol Ops base","52.69005","1.39078","JO02QQ","","Norfolk","NR13 6NJ","","","🗺️"
"UKBOTA","223","B/G-2136","Ingoldmells Coastal Artillery Battery","Coastal Battery","53.17419","0.35208","JO03EE","","Lincolnshire","PE25 1JB","","","🗺️"
"UKBOTA","223","B/G-2137","Boston Examination Battery Complex","Coastal Battery","52.95888","0.07706","JO02AX","","Lincolnshire","PE22 0LY","","","🗺️"
"UKBOTA","223","B/G-2138","HQ Norfolk WW2 Aux OB","WW2 Aux Bunker","52.73991","1.45323","JO02RR","","Norfolk","NR12 8YS","","","🗺️"
"UKBOTA","223","B/G-2139","Stacey Arms Mill WW2 defensive bunker","WW2 Defensive position","52.62353","1.60614","JO02TO","","Norfolk","NR13 3QE","","","🗺️"
"UKBOTA","223","B/G-2140","Halvergate Barn WW2 defensive bunker","WW2 Defensive position","52.60907","1.56962","JO02SO","","Norfolk","NR13 3PR","","","🗺️"
"UKBOTA","223","B/G-2141","Ludham Mill WW2 defensive bunker","WW2 Defensive position","52.70062","1.50912","JO02SQ","","Norfolk","NR29 5NX","","","🗺️"
"UKBOTA","223","B/G-2142","Hollingbourne zero station bunker","WW2 Zero Station","51.26836","0.67150","JO01IG","","Kent","ME17 1QL","","","🗺️"
"UKBOTA","223","B/G-2143","Short Bros Underground works & Air Raid Shelter","Air Raid Shelter & Factory","51.38540","0.49758","JO01FJ","","Kent","ME1 1QP","","","🗺️"
"UKBOTA","223","B/G-2144","Bentley Priory WW2 Pillbox","WW2 Pillbox","51.62524","-0.33707","IO91TP","","Middlesex","HA7 3GB","","","🗺️"
"UKBOTA","223","B/G-2145","RAF Hendon WW2 pillbox","WW2 Pillbox","51.59698","-0.23647","IO91VO","","Middlesex","NW4 4LF","","","🗺️"
"UKBOTA","223","B/G-2146","RAF Cheddington WW2 pillbox","WW2 Pillbox","51.83001","-0.68390","IO91PT","","Hertfordshire","HP23 4FA","","","🗺️"
"UKBOTA","223","B/G-2147","Airfield Battle HQ RAF Halton","WW2 ABHQ","51.79298","-0.73138","IO91PT","","Buckinghamshire","HP22 5PF","","","🗺️"
"UKBOTA","223","B/G-2148","Ware WW2 Pillbox","WW2 Pillbox","51.81884","-0.03638","IO91XT","","Hertfordshire","SG12 0SF","","","🗺️"
"UKBOTA","223","B/G-2149","Wigan WW2 Pillbox cluster","WW2 Pillbox","53.56139","-2.64311","IO83QN","","Lancashire","WN6 8QN","","","🗺️"
"UKBOTA","223","B/G-2150","Headingley WW2 Air Raid Shelter","WW2 Air Raid Shelter","53.82047","-1.57699","IO93FT","","West Riding","LS6 3AA","","","🗺️"
"UKBOTA","223","B/G-2151","Harrogate WW2 Air Raid Shelter","WW2 Air Raid Shelter","53.98268","-1.53707","IO93FX","","West Riding","HG2 9AX","","","🗺️"
"UKBOTA","223","B/G-2152","Steeton WW2 Air Raid Shelter (cluster)","WW2 Air Raid Shelter","53.89817","-1.95092","IO93AV","","West Riding","BD20 6FN","","","🗺️"
"UKBOTA","223","B/G-2153","Mablethorpe WW2 Pillbox cluster","WW2 Pillbox","53.32881","0.26433","JO03DH","","Lincolnshire","LN12 2EJ","","","🗺️"
"UKBOTA","223","B/G-2154","North Somercotes WW2 Pillbox cluster","WW2 Pillbox","53.45133","0.17054","JO03CK","","Lincolnshire","LN11 7RB","","","🗺️"
"UKBOTA","223","B/G-2155","Tetney Marshes WW2 Pillbox cluster","WW2 Pillbox","53.51185","0.03302","JO03AM","","Lincolnshire","DN36 5XB","","","🗺️"
"UKBOTA","223","B/G-2156","Sibsey WW2 Pillbox cluster","WW2 Pillbox","53.07039","0.05717","JO03AB","","Lincolnshire","PE22 8JF","","","🗺️"
"UKBOTA","223","B/G-2157","Fosdyke Bridge WW2 Pillbox","WW2 Pillbox","52.87211","-0.04366","IO92XU","","Lincolnshire","PE12 6LH","","","🗺️"
"UKBOTA","223","B/G-2158","Horncastle WW2 Pillbox","WW2 Pillbox","53.20698","-0.13903","IO93WE","","Lincolnshire","LN9 5JR","","","🗺️"
"UKBOTA","223","B/G-2159","Sturgate WW2 Pillbox cluster","WW2 Pillbox","53.37674","-0.70195","IO93PJ","","Lincolnshire","DN21 5NY","","","🗺️"
"UKBOTA","223","B/G-2160","Cleave Camp WW2 Pillbox cluster","WW2 Pillbox","50.89254","-4.54746","IO70RV","","Cornwall","EX23 9JH","","","🗺️"
"UKBOTA","223","B/G-2161","HMS Vulture WW2 Quadrant bunker","WW2 Pillbox","50.63026","-4.76236","IO70OP","","Cornwall","PL33 9EE","","","🗺️"
"UKBOTA","223","B/G-2162","Davidstow Camp WW2 Pillbox cluster #1","WW2 Pillbox","50.65010","-4.62973","IO70QP","","Cornwall","PL32 9XR","","","🗺️"
"UKBOTA","223","B/G-2163","Davidstow Camp WW2 Pillbox cluster #2","WW2 Pillbox","50.64024","-4.62973","IO70QP","","Cornwall","PL32 9YF","","","🗺️"
"UKBOTA","223","B/G-2164","Coldharbour Mill, WW2 Air Raid Shelter","WW2 Air Raid Shelter","50.90181","-3.33576","IO80HV","","Devon","EX15 3EZ","","","🗺️"
"UKBOTA","223","B/G-2165","Burford WW2 Pillbox","WW2 Pillbox","51.81197","-1.63664","IO91ET","","Oxfordshire","OX18 4BE","","","🗺️"
"UKBOTA","223","B/G-2166","RAF Chipping Norton, Ground Defence cluster","WW2 Ground Defences","51.92817","-1.52436","IO91FW","","Oxfordshire","OX7 5XH","","","🗺️"
"UKBOTA","223","B/G-2167","Paglesham Pool WW2 Pillbox","WW2 Pillbox","51.59806","0.81838","JO01JO","","Essex","SS4 2ES","","","🗺️"
"UKBOTA","223","B/G-2168","Holliwell WW2 Pillbox cluster","WW2 Pillbox","51.62259","0.90228","JO01KO","","Essex","CM0 8NG","","","🗺️"
"UKBOTA","223","B/G-2170","Chesterfield WW2 Civilian Air Raid Shelter","WW2 Air Raid Shelter","53.24777","-1.44036","IO93GF","","Derbyshire","S41 7BB","","","🗺️"
"UKBOTA","223","B/G-2171","Wyke WW2 Civilian Air Raid Shelter","WW2 Air Raid Shelter","53.74105","-1.76710","IO93CR","","West Riding","BD12 9PH","","","🗺️"
"UKBOTA","223","B/G-2172","Loyn Bridge WW2 Pillbox","WW2 Pillbox","54.12154","-2.64013","IO84QC","","Lancashire","LA2 8LL","","","🗺️"
"UKBOTA","223","B/G-2173","MOS Brasside, WW2 storage bunker complex","Ammo storage","54.81367","-1.55084","IO94FT","","Durham","DH1 5SF","","","🗺️"
"UKBOTA","223","B/G-2174","Slade Green HAA Battery, Command Post","Battery Command Post","51.47481","0.20315","JO01CL","","Kent","DA8 2NH","","","🗺️"
"UKBOTA","223","B/G-2175","Chadwell Heath HAA Battery, Command Post","Battery Command Post","51.58698","0.14543","JO01BO","","Essex","RM6 5QJ","","","🗺️"
"UKBOTA","223","B/G-2176","Isle of Dogs HAA Battery, Command Post","Battery Command Post","51.49166","-0.01027","IO91XL","","Middlesex","E14 3HP","","","🗺️"
"UKBOTA","223","B/G-2177","Paddington Green Borough Control","Civil Emergency Bunker","51.52075","-0.17378","IO91VM","","Middlesex","W2 1LG","","","🗺️"
"UKBOTA","223","B/G-2178","Saltersgate WW2 Ammo Depot","WW2 Ammo Bunker","54.79015","-1.89013","IO94BS","","Durham","DH8 9HR","","","🗺️"
"UKBOTA","223","B/G-2179","Kinley Hill Chain Home (Low)","Chain Home (low) Bunker","54.81511","-1.33085","IO94IT","","Durham","SR7 8SW","","","🗺️"
"UKBOTA","223","B/G-2180","Heavy AA Battery Lincoln D3, Command Post","Battery Command Post","53.20244","-0.51032","IO93RE","","Lincolnshire","LN4 2RT","","","🗺️"
"UKBOTA","223","B/G-2181","Heavy AA Battery Lincoln H2, Command Post","Battery Command Post","53.25051","-0.47268","IO93SG","","Lincolnshire","LN2 4GA","","","🗺️"
"UKBOTA","223","B/G-2182","Heavy AA Battery Lincoln H1, Command Post","Battery Command Post","53.26666","-0.54258","IO93RG","","Lincolnshire","LN2 2LD","","","🗺️"
"UKBOTA","223","B/G-2183","Fleetwood WW2 Pillbox","WW2 Pillbox","53.89722","-3.02078","IO83LV","","Lancashire","FY7 8JY","","","🗺️"
"UKBOTA","223","B/G-2184","RAF Exeter, WW2 Pillbox Cluster","WW2 Pillbox","50.73039","-3.40547","IO80HR","","Devon","EX5 2UL","","","🗺️"
"UKBOTA","223","B/G-2185","Blackpool WW2 Pillbox","WW2 Pillbox","53.78650","-2.97066","IO83MS","","Lancashire","FY4 5RN","","","🗺️"
"UKBOTA","223","B/G-2186","Preston WW2 Pillbox","WW2 Pillbox","53.75745","-2.76409","IO83OS","","Lancashire","PR2 2HW","","","🗺️"
"UKBOTA","223","B/G-2187","Accrington Bombing Decoy Control Bunker","Bombing Decoy","53.74795","-2.32457","IO83UR","","Lancashire","BB5 2DL","","","🗺️"
"UKBOTA","223","B/G-2188","Devizes WW2 Type 22 Pillbox","WW2 Pillbox","51.35562","-1.99646","IO91AI","","Wiltshire","SN10 2DD","","","🗺️"
"UKBOTA","223","B/G-2189","Cowbridge WW2 Pillbox","WW2 Pillbox","51.57961","-2.08554","IO81WN","","Wiltshire","SN16 9FH","","","🗺️"
"UKBOTA","223","B/G-2190","North Turton WW2 Pillbox (Type 22)","WW2 Pillbox","53.63277","-2.40415","IO83TP","","Lancashire","BL7 0EJ","","","🗺️"
"UKBOTA","223","B/G-2191","Marshaw WW2 Pillbox","WW2 Pillbox","53.98209","-2.63668","IO83QX","","Lancashire","LA2 9BL","","","🗺️"
"UKBOTA","223","B/G-2192","Devonshire Rd Railway Bridge WW2 Pillbox","WW2 Pillbox/Defended Bridge","53.82952","-3.04004","IO83LT","","Lancashire","FY1 2QR","","","🗺️"
"UKBOTA","223","B/G-2193","Hungerford WW2 Type 28 Anti-tank Pillbox","WW2 Pillbox","51.41141","-1.49737","IO91GJ","","Berkshire","RG17 0UN","","","🗺️"
"UKBOTA","223","B/G-2194","Lydiard WW2 Type 22 WW2 Pillbox","WW2 Pillbox","51.57268","-1.87973","IO91BN","","Wiltshire","SN5 3LP","","","🗺️"
"UKBOTA","223","B/G-2195","Seend Cleeve WW2 Type 22 Pillbox","WW2 Pillbox","51.34923","-2.11735","IO81WI","","Wiltshire","SN12 6XS","","","🗺️"
"UKBOTA","223","B/G-2196","Lydiard WW2 Type 28 WW2 Pillbox","WW2 Pillbox","51.57829","-1.87191","IO91BN","","Wiltshire","SN5 4EG","","","🗺️"
"UKBOTA","223","B/G-2197","Mouldon Type 22 WW2 Pillbox","WW2 Pillbox","51.59004","-1.84099","IO91BO","","Wiltshire","SN5 4JS","","","🗺️"
"UKBOTA","223","B/G-2198","Lechlade Type 22 WW2 Pillbox","WW2 Pillbox","51.69121","-1.68545","IO91DQ","","Gloucestershire","GL7 3AU","","","🗺️"
"UKBOTA","223","B/G-2199","Hecla Works WW2 Pillbox, Attercliffe","WW2 Pillbox","53.39681","-1.43296","IO93GJ","","West Riding","S9 2QL","","","🗺️"
"UKBOTA","223","B/G-2200","St Olaves WW2 Pillbox cluster","WW2 Pillbox","51.80407","-1.22856","IO91JT","","Oxfordshire","OX3 9GD","","","🗺️"
"UKBOTA","223","B/G-2201","Black Gate Farm WW2 Pillbox Cluster","WW2 Pillbox","52.60273","1.70966","JO02UO","","Suffolk","NR31 0DL","","","🗺️"
"UKBOTA","223","B/G-2202","Acle Straight WW2 Pillbox Cluster","WW2 Pillbox","52.62071","1.70058","JO02UO","","Norfolk","NR30 1TD","","","🗺️"
"UKBOTA","223","B/G-2203","Broad Fen WW2 Pillbox Cluster","WW2 Pillbox","52.76949","1.47873","JO02RS","","Norfolk","NR12 9LN","","","🗺️"
"UKBOTA","223","B/G-2204","Horning WW2 Pillbox Cluster #1","WW2 Pillbox","52.78600","1.45586","JO02RS","","Norfolk","NR28 9PN","","","🗺️"
"UKBOTA","223","B/G-2205","Horning WW2 Pillbox Cluster #2","WW2 Pillbox","52.79810","1.42616","JO02RT","","Norfolk","NR28 9LT","","","🗺️"
"UKBOTA","223","B/G-2206","Horning WW2 Pillbox Cluster #3","WW2 Pillbox","52.81471","1.42387","JO02RT","","Norfolk","NR28 9NG","","","🗺️"
"UKBOTA","223","B/G-2207","North Walsham WW2 Pillbox Cluster #1","WW2 Pillbox","52.83035","1.40798","JO02QT","","Norfolk","NR28 9SN","","","🗺️"
"UKBOTA","223","B/G-2208","North Walsham WW2 Pillbox Cluster #2","WW2 Pillbox","52.83533","1.37656","JO02QU","","Norfolk","NR28 0NE","","","🗺️"
"UKBOTA","223","B/G-2209","Upper Stoke WW2 Pillbox Cluster","WW2 Pillbox","52.57461","1.32344","JO02PN","","Norfolk","NR14 8RG","","","🗺️"
"UKBOTA","223","B/G-2210","Civilian WW2 Air Raid Shelter, York","WW2 Air Raid Shelter","53.94768","-1.09400","IO93KW","","West Riding","YO23 1EW","","","🗺️"
"UKBOTA","223","B/G-2211","Malton WW2 Pillbox","WW2 Pillbox","54.13309","-0.80025","IO94OD","","North Riding","YO17 7AJ","","","🗺️"
"UKBOTA","223","B/G-2212","Kirkbymoorside WW2 Pillbox","WW2 Pillbox","54.26683","-0.91755","IO94MG","","North Riding","YO62 6LZ","","","🗺️"
"UKBOTA","223","B/G-2213","Hutton Rudby WW2 Pillbox cluster","WW2 Pillbox","54.45855","-1.27341","IO94IL","","North Riding","TS15 0JT","","","🗺️"
"UKBOTA","223","B/G-2214","Middleton-on-Leven WW2 Pillbox","WW2 Pillbox","54.47865","-1.30081","IO94IL","","North Riding","TS15 0BE","","","🗺️"
"UKBOTA","223","B/G-2216","Rushmere Pillbox Cluster","WW2 Pillbox","52.42567","1.66134","JO02TK","","Suffolk","NR33 8ET","","","🗺️"
"UKBOTA","223","B/G-2217","Lanhydrock WW2 Pillbox","WW2 Pilllbox","50.43382","-4.70541","IO70PK","","Cornwall","PL30 5AG","","","🗺️"
"UKBOTA","223","B/G-2218","River Fowey WW2 Pillbox","WW2 Pilllbox","50.44854","-4.66052","IO70QK","","Cornwall","PL30 4BB","","","🗺️"
"UKBOTA","223","B/G-2219","Truro WW2 Pillbox","WW2 Pilllbox","50.25885","-5.05477","IO70LG","","Cornwall","TR1 2GB","","","🗺️"
"UKBOTA","223","B/G-2220","Kettering WW2 Air Raid Shelter Cluster","WW2 Air Raid Shelter","52.39727","-0.72427","IO92PJ","","Northamptonshire","NN16 0EE","","","🗺️"
"UKBOTA","223","B/G-2221","Garton Underwood WW2 Air Raid Shelter Cluster","WW2 Air Raid Shelter","52.42359","-0.61723","IO92QK","","Northamptonshire","NN14 3AE","","","🗺️"
"UKBOTA","223","B/G-2222","Runcorn WW2 Pillbox","WW2 Pilllbox","53.31592","-2.72845","IO83PH","","Cheshire","WA7 4FZ","","","🗺️"
"UKBOTA","223","B/G-2223","Wymondham WW2 Pillbox Cluster","WW2 Pillbox","52.56775","1.09633","JO02NN","","Norfolk","NR18 9PJ","","","🗺️"
"UKBOTA","223","B/G-2224","Castle Hill HAA, Command Bunker","Battery Command Post","53.61469","-1.77559","IO93CO","","West Riding","HD9 6QN","","","🗺️"
"UKBOTA","223","B/G-2225","RAF Lynham Type 22 WW2 Pillbox","WW2 Pillbox","51.51480","-1.98379","IO91AM","","Wiltshire","SN15 4NS","","","🗺️"
"UKBOTA","223","B/G-2226","Great Bedwyn Type 28 WW2 Pillbox","WW2 Pillbox","51.35926","-1.62661","IO91EI","","Wiltshire","SN8 3DN","","","🗺️"
"UKBOTA","223","B/G-2227","Great Sommerfield Type 24 WW2 Pillbox","WW2 Pillbox","51.54142","-2.04129","IO81XM","","Wiltshire","SN15 5HU","","","🗺️"
"UKBOTA","223","B/G-2228","RAF Yatebury Type 27 WW2 Pillbox cluster","WW2 Pillbox","51.43938","-1.93279","IO91AK","","Wiltshire","SN11 8YA","","","🗺️"
"UKBOTA","223","B/G-2229","Grittingham Brook Type 22 WW2 Pillbox cluster","WW2 Pillbox","51.55573","-1.96469","IO91AN","","Wiltshire","SN15 4JW","","","🗺️"
"UKBOTA","223","B/G-2230","Marlborough Type WW2 22 Pillbox","WW2 Pillbox","51.41627","-1.73222","IO91DJ","","Wiltshire","SN8 1XG","","","🗺️"
"UKBOTA","223","B/G-2231","RAF Manby WW2 Defences Cluster","Air Raid Shelter Cluster","53.36163","0.09457","JO03BI","","Lincolnshire","LN11 8UT","","","🗺️"
"UKBOTA","223","B/G-2232","RAF Manby LAA Battery","LAA Battery","53.35454","0.08122","JO03AI","","Lincolnshire","LN11 8HW","","","🗺️"
"UKBOTA","223","B/G-2233","Chorley ROF WW2 Pillbox Cluster (x7)","WW2 Pillbox Cluster","53.67840","-2.64935","IO83QQ","","Lancashire","PR7 7FW","","","🗺️"
"UKBOTA","223","B/G-2234","Skelmersdale WW2 Pillbox Cluster (x4)","WW2 Pillbox Cluster","53.59135","-2.80970","IO83OO","","Lancashire","L40 4BE","","","🗺️"
"UKBOTA","223","B/G-2235","Mablethorpe Chain Home Low (CD/CHL) Station","Radar Station","53.34035","0.26654","JO03DI","","Lincolnshire","LN12 2AT","","","🗺️"
"UKBOTA","223","B/G-2236","Long Newnton WW2 Pillbox Cluster (x5)","WW2 Pillbox cluster","51.62202","-2.12052","IO81WO","","Wiltshire","GL8 8RW","","","🗺️"
"UKBOTA","223","B/G-2237","Huttoft Bank Chain Home Low (CD/CHL) Station","Radar Station","53.28114","0.30691","JO03DG","","Lincolnshire","LN13 9RR","","","🗺️"
"UKBOTA","223","B/G-2238","Tetbury WW2 Pillbox Cluster (x5)","WW2 Pillbox cluster","51.63734","-2.12511","IO81WP","","Wiltshire","GL8 8RS","","","🗺️"
"UKBOTA","223","B/G-2239","Cirencester WW2 Pillbox","WW2 Pillbox","51.70997","-1.98392","IO91AR","","Gloucestershire","GL7 1UZ","","","🗺️"
"UKBOTA","223","B/G-2240","RAF Watchfield Type 22 WW2 Pillbox","WW2 Pillbox","51.61202","-1.64170","IO91EO","","Berkshire","SN6 8RL","","","🗺️"
"UKBOTA","223","B/G-2241","Faringdon Type 22 WW2 Pillbox","WW2 Pillbox","51.65966","-1.57535","IO91FP","","Berkshire","SN7 8EW","","","🗺️"
"UKBOTA","223","B/G-2242","Aston Down Airfield WW2 Pillbox Cluster (x3)","WW2 Pillbox cluster","51.71193","-2.13222","IO81WR","","Gloucestershire","GL6 8HR","","","🗺️"
"UKBOTA","223","B/G-2243","Chippenham WW2 Pillbox Cluster (x2)","WW2 Pillbox cluster","51.45142","-2.11855","IO81WK","","Wiltshire","SN15 2RJ","","","🗺️"
"UKBOTA","223","B/G-2244","Buscot WW2 Pillbox Cluster","WW2 Pillbox","51.68076","-1.66355","IO91EQ","","Berkshire","SN7 8BX","","","🗺️"
"UKBOTA","223","B/G-2245","Lincolnshire County Emergency Centre","Emergency Centre Bunker","53.21698","-0.53976","IO93RF","","Lincolnshire","LN5 8EL","","","🗺️"
"UKBOTA","223","B/G-2246","Box Tunnel (East) WW2 Pillbox Cluster (x3)","WW2 Pillbox cluster","51.42385","-2.20578","IO81VK","","Wiltshire","SN13 9NX","","","🗺️"
"UKBOTA","223","B/G-2247","Box Tunnel (West) WW2 Pillbox","WW2 Pillbox","51.41936","-2.24680","IO81VK","","Wiltshire","SN13 8LS","","","🗺️"
"UKBOTA","223","B/G-2248","Malmesbury WW2 Pillbox Cluster (x3)","WW2 Pillbox cluster","51.59794","-2.09483","IO81WO","","Wiltshire","SN16 9JN","","","🗺️"
"UKBOTA","223","B/G-2249","RAF Binbrook WW2 Defensive Cluster","WW2 Airfield Defensive Cluster","53.44462","-0.19653","IO93VK","","Lincolnshire","LN8 6HF","","","🗺️"
"UKBOTA","223","B/G-2250","Woodhall Spa WW2 Air Raid Shelter Cluster","WW2 Air Raid Shelter","53.14977","-0.21010","IO93VD","","Lincolnshire","LN10 6TF","","","🗺️"
"UKBOTA","223","B/G-2251","Blunsdon WW2 Type 22 Bunker","WW2 Bunker","51.60902","-1.84110","IO91BO","","Wiltshire","SN25 2DA","","","🗺️"
"UKBOTA","223","B/G-2252","Stanford WW2 Air Raid shelter cluster","WW2 Air Raid Shelter","51.63810","-1.51857","IO91FP","","Berkshire","SN7 8GD","","","🗺️"
"UKBOTA","223","B/G-2253","Nr Membury WW2 Air Raid Shelter Cluster","WW2 Air Raid Shelter","51.47972","-1.54014","IO91FL","","Berkshire","RG17 7SG","","","🗺️"
"UKBOTA","223","B/G-2254","RAF Overton Heath WW2 Pillbox","WW2 Pillbox","51.38596","-1.74643","IO91DJ","","Wiltshire","SN8 4PB","","","🗺️"
"UKBOTA","223","B/G-2255","Froxfield WW2 Pillbox Cluster","WW2 Pillbox","51.41097","-1.55522","IO91FJ","","Wiltshire","RG17 0SR","","","🗺️"
"UKBOTA","223","B/G-2256","Brookfield Allotments WW2 Air Raid Shelter","WW2 Air Raid Shelter","53.44920","-2.37522","IO83TK","","Lancashire","M41 5DP","","","🗺️"
"UKBOTA","223","B/G-2257","Silloth Airfield WW2 Picket Hamilton Fort","WW2 Picket Hamilton Fort","54.86898","-3.36561","IO84HU","","Cumberland","CA7 4PA","","","🗺️"
"UKBOTA","223","B/G-2258","Boston WW2 ROC Observation Post","WW2 Observation Post","52.98196","-0.04829","IO92XX","","Lincolnshire","PE21 8HX","","","🗺️"
"UKBOTA","223","B/G-2259","RAF Honeybourne, WW2 Air Raid Shelter cluster","WW2 Air Raid Shelter","52.06834","-1.81026","IO92CB","","Gloucestershire","GL55 6QS","","","🗺️"
"UKBOTA","223","B/G-2260","RAF Number 3 Technical Training School Pillbox Cluster","WW2 Pillbox","53.81756","-3.01195","IO83LT","","Lancashire","FY3 8PP","","","🗺️"
"UKBOTA","223","B/G-2261","RAF Chivenor WW2 Ground Defence Cluster","WW2 Ground Defence","51.08637","-4.14727","IO71WC","","Devon","EX31 4RB","","","🗺️"
"UKBOTA","223","B/G-2262","RAF Netheravon WW2 Ground Defence","WW2 Ground Defence","51.24274","-1.76898","IO91CF","","Wiltshire","SP4 9SF","","","🗺️"
"UKBOTA","223","B/G-2263","RAF Tangmere WW2 Picket Hamilton Fort","WW2 Ground Defence","50.84642","-0.71447","IO90PU","","Sussex","PO20 2ES","","","🗺️"
"UKBOTA","223","B/G-2264","RAF Sutton Bridge WW2 Ground Defence Cluster #1","WW2 Ground Defence","52.75902","0.19921","JO02CS","","Lincolnshire","PE12 9TD","","","🗺️"
"UKBOTA","223","B/G-2265","RAF Sutton Bridge WW2 Ground Defence Cluster #2","WW2 Ground Defence","52.75883","0.20958","JO02CS","","Norfolk","PE12 9TD","","","🗺️"
"UKBOTA","223","B/G-2266","RAF Netherthrope WW2 Ground Defence","WW2 Ground Defence","53.31466","-1.20215","IO93JH","","West Riding","S80 3JH","","","🗺️"
"UKBOTA","223","B/G-2267","RAF Cottesmore WW2 Blast Shelter x 2","WW2 Blast Shelter","52.72914","-0.66991","IO92PR","","Rutland","LE15 7PG","","","🗺️"
"UKBOTA","223","B/G-2268","RAF Cottesmore WW2 Blast Shelter x 2","WW2 Blast Shelter","52.73737","-0.65291","IO92QR","","Rutland","LE15 7BL","","","🗺️"
"UKBOTA","223","B/G-2269","RAF Waltham WW2 Bomb Store bunker","WW2 Bomb store & Bunkers","53.50400","-0.07300","IO93XM","","Lincolnshire","DN36 5HH","","","🗺️"
"UKBOTA","223","B/G-2270","RAF Waltham WW2 Ground Defence Cluster #1","WW2 Ground Defence","53.50383","-0.08305","IO93XM","","Lincolnshire","DN37 0HZ","","","🗺️"
"UKBOTA","223","B/G-2271","RAF Waltham WW2 Ground Defence Cluster #2","WW2 Ground Defence","53.51032","-0.08842","IO93WM","","Lincolnshire","DN37 0JN","","","🗺️"
"UKBOTA","223","B/G-2272","Starfish control bunker, Farlington Marshes","WW2 Ground Defence","50.83314","-1.02429","IO90LT","","Hampshire","PO6 1LG","","","🗺️"
"UKBOTA","223","B/G-2273","Starfish control bunker, Farlington Marshes","WW2 Ground Defence","50.83503","-1.03598","IO90LU","","Hampshire","PO6 1UN","","","🗺️"
"UKBOTA","223","B/G-2274","RAF Zeals WW2 Air Raid Shelter (x5) Cluster","WW2 Air Raid Shelter","51.08981","-2.31868","IO81UC","","Wiltshire","BA12 6NR","","","🗺️"
"UKBOTA","223","B/G-2275","RAF/USAAF Fairford WW2 Ground Defence","WW2 Ground Defence","51.68232","-1.76276","IO91CQ","","Gloucestershire","GL7 4NJ","","","🗺️"
"UKBOTA","223","B/G-2276","RAF Brize Norton WW2 Ground Defence","WW2 Ground Defence","51.74921","-1.56975","IO91FR","","Oxfordshire","OX18 2AT","","","🗺️"
"UKBOTA","223","B/G-2277","RAF Weson on the Green WW2 Ground Defence","WW2 Ground Defence","51.88409","-1.22267","IO91JV","","Oxfordshire","OX25 3TH","","","🗺️"
"UKBOTA","223","B/G-2278","RAF/USAAF Metfield WW2 Ground Defence","WW2 Ground Defence","52.36276","1.39487","JO02QI","","Suffolk","IP19 0LF","","","🗺️"
"UKBOTA","223","B/G-2279","USAAF Hardwick WW2 Bomb store bunker","WW2 Bomb store & Bunkers","52.46382","1.30368","JO02PL","","Norfolk","NR15 2AQ","","","🗺️"
"UKBOTA","223","B/G-2280","USAAF Old Buckenham WW2 Bomb store bunker","WW2 Bomb store & Bunkers","52.50841","1.06685","JO02MM","","Norfolk","NR17 1PZ","","","🗺️"
"UKBOTA","223","B/G-2281","RAF Woodhall Spa Bloodhound Control bunker #1","Cold War Bunker","53.13762","-0.19488","IO93VD","","Lincolnshire","LN10 6UQ","","","🗺️"
"UKBOTA","223","B/G-2282","RAF Woodhall Spa Bloodhound Control bunker #2","Cold War Bunker","53.13543","-0.19378","IO93VD","","Lincolnshire","LN10 6UQ","","","🗺️"
"UKBOTA","223","B/G-2283","USAAF Deopham Green WW2 bomb store bunker","WW2 Bomb store & Bunkers","52.55231","1.00038","JO02MN","","Norfolk","NR18 9ED","","","🗺️"
"UKBOTA","223","B/G-2284","RAF Syerston, WW2 Ground Defence Cluster","WW2 Ground Defence","53.01778","-0.91424","IO93NA","","Nottinghamshire","NG23 5NN","","","🗺️"
"UKBOTA","223","B/G-2285","Stiffkey Whirlygig","Cold War Bunker","52.95546","0.90875","JO02KW","","Norfolk","NR23 1QE","","","🗺️"
"UKBOTA","223","B/G-2286","RAF Kirton in Linsdey WW2 Air Raid Shelter cluster","WW2 Air Raid Shelter","53.46844","-0.58155","IO93RL","","Lincolnshire","DN21 4HX","","","🗺️"
"UKBOTA","223","B/G-2287","RAF Hemswell Defensive Cluster","WW2 Bomb store & Bunkers","53.40173","-0.57858","IO93RJ","","Lincolnshire","DN21 5TU","","","🗺️"
"UKBOTA","223","B/G-2288","RAF Morpeth (Tranwell) ,WW2 Blast Shelter 1","WW2 Blast Shelter","55.13531","-1.73537","IO95DD","","Northumberland","NE61 3FR","","","🗺️"
"UKBOTA","223","B/G-2289","RAF Morpeth (Tranwell) ,WW2 Blast Shelter 2","WW2 Blast Shelter","55.13043","-1.72572","IO95DD","","Northumberland","NE61 6AQ","","","🗺️"
"UKBOTA","223","B/G-2290","Walney Island, Coastal Battery Bunkers","WW2 Coastal Defence Bunker","54.04801","-3.17731","IO84JB","","Lancashire","LA14 3YQ","","","🗺️"
"UKBOTA","223","B/G-2291","Roa Island,Coastal Battery Command Bunker","WW2 Coastal Defence Bunker","54.07375","-3.17525","IO84JB","","Lancashire","LA13 0QQ","","","🗺️"
"UKBOTA","223","B/G-2292","RAF Full Sutton, Thor Missile Bunker (Cold War)","Cold War Bunker","53.97517","-0.86257","IO93NX","","East Riding","YO41 1RP","","","🗺️"
"UKBOTA","223","B/G-2293","RAF Lissett, WW2 Bomb Store Bunker","WW2 Coastal Defence Bunker","54.00353","-0.28277","IO94UA","","East Riding","YO25 8PX","","","🗺️"
"UKBOTA","223","B/G-2294","RAF Ibsley HF-DF Station","WW2 Ground Defence","50.89269","-1.75155","IO90CV","","Hampshire","SP6 2PT","","","🗺️"
"UKBOTA","223","B/G-2295","Belle View Bunker (Ferndown Auxiliary Unit)","WW2 Auxilliary site","50.78769","-1.89582","IO90BS","","Dorset","BH22 8SF","","","🗺️"
"UKBOTA","223","B/G-2296","RAF Langar, WW2 Bomb store","WW2 Bomb store & Bunkers","52.89312","-0.89201","IO92NV","","Nottinghamshire","NG13 9JN","","","🗺️"
"UKBOTA","223","B/G-2297","RAF East Kirkby Bomb Stores","WW2 Bomb store & Bunkers","53.14126","0.01476","JO03AD","","Lincolnshire","PE23 4BH","","","🗺️"
"UKBOTA","223","B/G-2298","RAF Watton UNITER Bunker","Cold War Bunker","52.56614","0.85246","JO02KN","","Norfolk","IP25 6UQ","","","🗺️"
"UKBOTA","223","B/G-2299","RAF Dunkeswell UNITER Bunker","Cold War Bunker","50.86933","-3.23090","IO80JU","","Devon","EX14 4AH","","","🗺️"
"UKBOTA","223","B/G-2300","RAF Daws Hill UNITER Bunker","Cold War Bunker","51.62109","-0.74798","IO91PO","","Buckinghamshire","HP11 1QS","","","🗺️"
"UKBOTA","223","B/G-2301","Workington Coastal Artillery Battery","WW2 Coastal Defence Bunker","54.65322","-3.56695","IO84FP","","Cumberland","CA14 1BN","","","🗺️"
"UKBOTA","223","B/G-2302","RAF Bardney Blast Shelter","WW2 Blast Shelter","53.21939","-0.28303","IO93UF","","Lincolnshire","LN3 5TP","","","🗺️"
"UKBOTA","223","B/G-2303","Witham Stop Line Defensive Cluster","WW2 Ground Defence","52.97064","-0.02471","IO92XX","","Lincolnshire","PE21 8AA","","","🗺️"
"UKBOTA","223","B/G-2304","RAF Sturgate Bomb Stores","WW2 Bomb store & Bunkers","53.39986","-0.65935","IO93QJ","","Lincolnshire","DN21 5TP","","","🗺️"
"UKBOTA","223","B/G-2305","Hi Risby WW2 Heavy anti aircraft battery","Battery Command Post","53.62330","-0.62016","IO93QO","","Lincolnshire","DN15 0BH","","","🗺️"
"UKBOTA","223","B/G-2306","Wootton Basset Pillbox Type FW3/28A","WW2 Ground Defence","51.55700","-1.90969","IO91BN","","Wiltshire","SN4 8DS","","","🗺️"
"UKBOTA","223","B/G-2307","RAF Woodhall Spa Bomb Stores","WW2 Bomb store & Bunkers","53.14176","-0.18616","IO93VD","","Lincolnshire","LN10 6YY","","","🗺️"
"UKBOTA","223","B/G-2308","RAF Wyton Bomb Stores","WW2 Bomb store & Bunkers","52.35959","-0.12906","IO92WI","","Huntingdonshire","PE28 2DT","","","🗺️"
"UKBOTA","223","B/G-2309","Wroughton Pillbox Cluster","WW2 Ground Defence","51.50880","-1.77534","IO91CM","","Wiltshire","SN4 0QJ","","","🗺️"
"UKBOTA","223","B/G-2310","Kidlington Pillbox","WW2 Ground Defence","51.81615","-1.25721","IO91IT","","Oxfordshire","OX5 2PU","","","🗺️"
"UKBOTA","223","B/G-2311","RAF Stanton Harcourt Blast Shelter Cluster","WW2 Blast Shelter","51.74502","-1.40014","IO91HR","","Oxfordshire","OX29 5BH","","","🗺️"
"UKBOTA","223","B/G-2312","Aston bombing decoy bunker","WW2 Ground Defence","51.70836","-1.50186","IO91FR","","Oxfordshire","OX18 2EH","","","🗺️"
"UKBOTA","223","B/G-2313","RAF Down Ampney Blast Shelter","WW2 Ground Defence","51.66699","-1.85783","IO91BQ","","Gloucestershire","GL7 5BD","","","🗺️"
"UKBOTA","223","B/G-2314","RAF Lyneham Blast/Air-Raid Shelter cluster","WW2 Ground Defence","51.51107","-1.98075","IO91AM","","Wiltshire","SN15 4XX","","","🗺️"
"UKBOTA","223","B/G-2315","Blunsdon Heavy Anti Aircraft Battery","Battery Command Post","51.61572","-1.76888","IO91CO","","Wiltshire","SN26 7ES","","","🗺️"
"UKBOTA","223","B/G-2316","Wanborough Heavy Anti Aircraft Gun Battery","Battery Command Post","51.55685","-1.70377","IO91DN","","Wiltshire","SN4 0AA","","","🗺️"
"UKBOTA","223","B/G-2317","Kirby Lonsdale type 24 pillbox","WW2 Ground Defence","54.11829","-2.35192","IO84TC","","West Riding","LA2 8BS","","","🗺️"
"UKBOTA","223","B/G-2318","Kirkbide airfield pill box","WW2 Ground Defence","54.88944","-3.20639","IO84JV","","Cumberland","CA7 5JR","","","🗺️"
"UKBOTA","223","B/G-2319","Silloth airfield defense pillbox","WW2 Ground Defence","54.86889","-3.37222","IO84HU","","Cumberland","CA7 4PA","","","🗺️"
"UKBOTA","223","B/G-2320","Kimmeridge Beach Pillbox","WW2 Coastal Defence Bunker","50.61166","-2.13136","IO80WO","","Dorset","BH20 5PF","","","🗺️"
"UKBOTA","223","B/G-2321","RAF Ludford Magna Thor Launch Control Bunker","Cold War Bunker","53.37278","-0.19582","IO93VI","","Lincolnshire","LN8 6AY","","","🗺️"
"UKBOTA","223","B/G-2322","RAF Coningsby Cold War Bomb Stores","Cold War Bomb store & Bunkers","53.10273","-0.14769","IO93WC","","Lincolnshire","LN4 4RT","","","🗺️"
"UKBOTA","223","B/G-2323","RAF Watton Bomb Stores","WW2 Bomb store & Bunkers","52.56699","0.87436","JO02KN","","Norfolk","IP25 6TH","","","🗺️"
"UKBOTA","223","B/G-2324","RAF Winthorpe Bomb Stores","Bomb Stores","53.10429","-0.75960","IO93OC","","Nottinghamshire","NG24 2RB","","","🗺️"
"UKBOTA","223","B/G-2325","RAF Debach Bomb Store","Bomb Store","52.13302","1.27818","JO02PD","","Suffolk","IP13 6BT","","","🗺️"
"UKBOTA","223","B/G-2326","RAF Waltham WW2 Bomb Stores","Bomb Stores","53.49440","-0.07800","IO93XL","","Lincolnshire","DN37 0AF","","","🗺️"
"UKBOTA","223","B/G-2327","RAF Fiskerton WW2 Bomb Stores","Bomb Stores","53.24781","-0.43703","IO93SF","","Lincolnshire","LN3 4FU","","","🗺️"
"UKBOTA","223","B/G-2328","RAF Hemswell WW2 Bomb Store","Bomb Stores","53.40495","-0.56718","IO93RJ","","Lincolnshire","DN21 5TH","","","🗺️"
"UKBOTA","223","B/G-2329","Norton Disney FFF#3","Chemical Filling Station","53.17291","-0.71325","IO93PE","","Lincolnshire","LN6 9JA","","","🗺️"
"UKBOTA","223","B/G-2330","South Witham Ammunition Park","Bomb Stores","52.75685","-0.58699","IO92QS","","Lincolnshire","LE15 7RL","","","🗺️"
"UKBOTA","223","B/G-2331","RAF Folkingham Thor Missile Control Bunker","Cold War Bunker","52.86029","-0.44010","IO92SU","","Lincolnshire","NG34 0HE","","","🗺️"
"UKBOTA","223","B/G-2332","RAF Fulbeck WW2 Bomb Stores","Bomb Stores","53.04086","-0.66849","IO93PA","","Lincolnshire","NG32 2AY","","","🗺️"
"UKBOTA","223","B/G-2333","RAF Kirton Lindsey WW2 Ammunition Stores","Bomb Stores","53.46890","-0.58332","IO93RL","","Lincolnshire","DN21 4HX","","","🗺️"
"UKBOTA","223","B/G-2334","RAF Kirton Lindsey Mike Sector Ops Room","WW2 Command Post","53.46880","-0.57974","IO93RL","","Lincolnshire","DN21 4PT","","","🗺️"
"UKBOTA","223","B/G-2335","RAF Coningsby WW2 Bomb Stores","Bomb Stores","53.08730","-0.17458","IO93VC","","Lincolnshire","LN4 4XY","","","🗺️"
"UKBOTA","223","B/G-2336","RAF Tuddenham Missile Site","Thor Missle Site","52.31493","0.58893","JO02HH","","Suffolk","IP28 6PH","","","🗺️"
"UKBOTA","223","B/G-2337","RAF Woodhall Spa Dispersed Site Defensive Cluster","WW2 Airfield Defences","53.11462","-0.18349","IO93VC","","Lincolnshire","LN4 4PF","","","🗺️"
"UKBOTA","223","B/G-2338","Midsomer Norton Type 24 Pillbox","Type 24 Pillbox","51.28049","-2.48332","IO81SG","","Somerset","BA3 2EY","","","🗺️"
"UKBOTA","223","B/G-2339","RAF Welford Bomb Store","Bomb Store","51.46817","-1.40343","IO91HL","","Berkshire","RG20 8HX","","","🗺️"
"UKBOTA","223","B/G-2340","RAF Honington Bomb Store","WW2 / Cold War Bomb Store","52.34908","0.76131","JO02JI","","Suffolk","IP24 2PR","","","🗺️"
"UKBOTA","223","B/G-2341","RAF Eye Bomb Store","Bomb Store","52.32769","1.13068","JO02NH","","Suffolk","IP23 7FF","","","🗺️"
"UKBOTA","223","B/G-2342","RAF Horham Bomb Store","Bomb Store","52.31060","1.24585","JO02OH","","Suffolk","IP21 5DZ","","","🗺️"
"UKBOTA","223","B/G-2343","Stadbrook Aux Patrol Hide","Aux Patrol","52.32081","1.25288","JO02PH","","Suffolk","IP21 5JL","","","🗺️"
"UKBOTA","223","B/G-2344","Wangford Ax Patrol Base","Aux Patrol","52.35943","1.60416","JO02TI","","Suffolk","NR34 8BE","","","🗺️"
"UKBOTA","223","B/G-2345","RAF Molesworth bunker","GLCM Bunkers","52.38249","-0.42785","IO92SJ","","Huntingdonshire","PE28 0QA","","","🗺️"
"UKBOTA","223","B/G-2346","RAF Scampton 1939 Bomb Stores","Bomb Stores","53.30782","-0.54449","IO93RH","","Lincolnshire","LN1 2ST","","","🗺️"
"UKBOTA","223","B/G-2347","Walcott Section Post","Section Post","52.84830","1.48575","JO02RU","","Norfolk","NR12 0HL","","","🗺️"
"UKBOTA","223","B/G-2348","Mundesley Coastal Battery","Coastal Battery","52.88150","1.43086","JO02RV","","Norfolk","NR11 8DQ","","","🗺️"
"UKBOTA","223","B/G-2349","Salthouse Bombing Decoy","Bombing Decoy Bunker","52.92329","1.15013","JO02NW","","Norfolk","NR25 6QL","","","🗺️"
"UKBOTA","223","B/G-2350","RAF Newton Bomb Store","Bomb Store","52.96796","-0.99995","IO92MX","","Nottinghamshire","NG13 8HT","","","🗺️"
"UKBOTA","223","B/G-2351","Purdown H.A.A Battery","Anti Aircraft Battery","51.48586","-2.56131","IO81RL","","Gloucestershire","BS7 9TQ","","","🗺️"
"UKBOTA","223","B/G-2352","Rode Type 24 Pillbox","FW3/24 Pillbox","51.28034","-2.29592","IO81UG","","Somerset","BA11 6SG","","","🗺️"
"UKBOTA","223","B/G-2353","Shalford Thames Water Control Centre","Water Board Cold War Control Centre","51.22197","-0.57222","IO91RF","","Surrey","GU4 8BW","","","🗺️"
"UKBOTA","223","B/G-2354","Louth Air Raid Shelter","Air Raid Shelter","53.34208","0.00732","JO03AI","","Lincolnshire","LN11 9SY","","","🗺️"
"UKBOTA","223","B/G-2355","RAF Greenham Common","GLCM Bunkers","51.37853","-1.30185","IO91IJ","","Berkshire","RG14 7HQ","","","🗺️"
"UKBOTA","223","B/G-2356","RAF Blakehill Farm #1","Bomb Store","51.62111","-1.89848","IO91BO","","Wiltshire","SN6 6RH","","","🗺️"
"UKBOTA","223","B/G-2357","RAF Blakehill Farm #2","Cold War GCHQ Bunker","51.62224","-1.88908","IO91BO","","Wiltshire","SN6 6HQ","","","🗺️"
"UKBOTA","223","B/G-2358","RAF Oulton Bomb Store","Bomb Store","52.80965","1.18607","JO02OT","","Norfolk","NR11 6NS","","","🗺️"
"UKBOTA","223","B/G-2359","RAF West Raynham Bomb Store","Bomb Store","52.78031","0.74964","JO02IS","","Norfolk","PE32 2TQ","","","🗺️"
"UKBOTA","223","B/G-2360","RAF Sculthorpe Bomb Store","Bomb Store","52.86121","0.78226","JO02JU","","Norfolk","NR21 9NX","","","🗺️"
"UKBOTA","223","B/G-2361","Binstead IOW battery","HAA Battery","50.72024","-1.18966","IO90JR","","Hampshire","PO33 3SR","","","🗺️"
"UKBOTA","223","B/G-2362","RAF Braceby Decoy Airfield","WW2 Decoy Airfield","52.91066","-0.49554","IO92SV","","Lincolnshire","NG34 0TA","","","🗺️"
"UKBOTA","223","B/G-2363","Chedburgh Battle Head Quarters","Battle HQ","52.18393","0.61139","JO02HE","","Suffolk","IP29 4BP","","","🗺️"
"UKBOTA","223","B/G-2364","GCI Greyfriars radar","Fighter direction radar","52.26740","1.62873","JO02TG","","Suffolk","IP17 3DG","","","🗺️"
"UKBOTA","223","B/G-2365","RAF Metfield Bomb Store","Bomb Dump","52.36362","1.41270","JO02QI","","Suffolk","IP19 0LD","","","🗺️"
"UKBOTA","223","B/G-2366","Fowlers Hill field gun bunker","Field Gun Emplacement","53.92114","-2.78589","IO83OW","","Lancashire","PR3 0JP","","","🗺️"
"UKBOTA","223","B/G-2367","Hemsby HF/DF Site","Direction finding Radar","52.68753","1.68399","JO02UQ","","Norfolk","NR29 4NF","","","🗺️"
"UKBOTA","223","B/G-2368","Catlow WW2 Pillbox","WW2 Pillbox","53.82601","-2.17918","IO83VT","","Lancashire","BB10 3RL","","","🗺️"
"UKBOTA","223","B/G-2369","Cockerham Sands Range Observation Post","Bombing Range Observation Post","53.97077","-2.87159","IO83NX","","Lancashire","LA2 0AZ","","","🗺️"
"UKBOTA","223","B/G-2370","Gravesend Airfield","Air Raid Shelter","51.39833","0.40474","JO01EJ","","Kent","DA12 3BH","","","🗺️"
"UKBOTA","223","B/G-2371","RN Chatham Bunker","RN Comd Bunker","51.39576","0.52824","JO01GJ","","Kent","ME4 4UY","","","🗺️"
"UKBOTA","223","B/G-2372","Boulsworth End Pillbox","WW2 Pillbox","53.81365","-2.14646","IO83WT","","Lancashire","BB10 3RB","","","🗺️"
"UKBOTA","223","B/G-2373","River Colne Pillbox","WW2 Pillbox","51.64002","-0.40962","IO91TP","","Hertfordshire","WD18 9QA","","","🗺️"
"UKBOTA","223","B/G-2374","RAF Ridgewell Bomb Store","Bomb Store","52.05589","0.56099","JO02GB","","Essex","CO10 8FP","","","🗺️"
"UKBOTA","223","B/G-2375","Tolpits Farm Pillbox","WW2 Pillbox","51.63756","-0.43412","IO91SP","","Hertfordshire","WD18 9JE","","","🗺️"
"UKBOTA","223","B/G-2376","Grand Union Pillbox","WW2 Pillbox","51.63625","-0.45483","IO91SP","","Hertfordshire","WD3 1LR","","","🗺️"
"UKBOTA","223","B/G-2377","Harefield Pillbox (Grand Union)","WW2 Pillbox","51.59060","-0.48677","IO91SO","","Middlesex","UB9 6JG","","","🗺️"
"UKBOTA","223","B/G-2378","Leavesden Pillbox","WW2 Pillbox","51.68782","-0.41512","IO91TQ","","Hertfordshire","WD25 7AF","","","🗺️"
"UKBOTA","223","B/G-2379","Levesden Airfield Ground Defences","WW2 Pillbox","51.68594","-0.43100","IO91SQ","","Hertfordshire","WD4 8QG","","","🗺️"
"UKBOTA","223","B/G-2380","Bernards Heath Shelter Tunnels","WW2 Pillbox","51.76143","-0.32980","IO91US","","Hertfordshire","AL1 4AP","","","🗺️"
"UKBOTA","223","B/G-2381","Fort Halstead bomb chamber","AWRE Bomb Chamber","51.31187","0.14986","JO01BH","","Kent","TN14 7BP","","","🗺️"
"UKBOTA","223","B/G-2382","Dawsmere Beach Defence bunkers","Beach Defences","52.86864","0.15065","JO02BU","","Lincolnshire","PE12 9NN","","","🗺️"
"UKBOTA","223","B/G-2383","Wragby Town Pillbox","WW2Pillbox","53.28706","-0.30303","IO93UG","","Lincolnshire","LN8 5QU","","","🗺️"
"UKBOTA","223","B/G-2384","ROF Chorley (Filling Factory No1)","Munitions Filling Factory","53.67487","-2.65867","IO83QQ","","Lancashire","PR7 7EZ","","","🗺️"
"UKBOTA","223","B/G-2385","Lucas Green LAA Gun Emplacement","LAA Battery","53.68231","-2.63357","IO83QQ","","Lancashire","PR6 7FX","","","🗺️"
"UKBOTA","223","B/G-2386","Horbury Gas Decontamination Centre","WW2 Gas Decontamination Unit","53.66120","-1.55930","IO93FP","","West Riding","WF4 6HH","","","🗺️"
"UKBOTA","223","B/G-2387","Denham Aerodrome blast shelter","WW2 Blast Shelter","51.58711","-0.51035","IO91RO","","Buckinghamshire","UB9 5DE","","","🗺️"
"UKBOTA","223","B/G-2388","Foulness Island magazine","AWRE Magazine","51.58932","0.84989","JO01KO","","Essex","SS3 9XE","","","🗺️"
"UKBOTA","223","B/G-2389","Bletchley Park (Mansion House Air-Raid Shelter)","WW2 Air Raid Shelter","51.99656","-0.74313","IO91PX","","Buckinghamshire","MK3 6EB","","","🗺️"
"UKBOTA","223","B/G-2390","ROF Heapey pillbox","Munitions Depot","53.67799","-2.59101","IO83QQ","","Lancashire","PR6 8TB","","","🗺️"
"UKBOTA","223","B/G-2391","Rishton Pillbox","Pillbox","53.77647","-2.40010","IO83TS","","Lancashire","BB5 5QR","","","🗺️"
"UKBOTA","223","B/G-2392","RAF Fulbeck Defensive Cluster","Defensive Cluster","53.04920","-0.65111","IO93QB","","Lincolnshire","NG32 3JE","","","🗺️"
"UKBOTA","223","B/G-2393","RAF Elsham Wolds Bomb Stores","Bomb Stores","53.61593","-0.41744","IO93SO","","Lincolnshire","DN20 0NU","","","🗺️"
"UKBOTA","223","B/G-2394","RAF Elsham Wolds Defensive Cluster","Defensive Cluster","53.60787","-0.41740","IO93SO","","Lincolnshire","DN20 0SQ","","","🗺️"
"UKBOTA","223","B/G-2395","RAF Elsham Wolds LAA Site","LAA Site","53.60434","-0.41204","IO93TO","","Lincolnshire","DN20 0NX","","","🗺️"
"UKBOTA","223","B/G-2396","RAF Elsham Wold Communal Site Defensive Cluster","Defensive Cluster","53.59924","-0.40974","IO93TO","","Lincolnshire","DN20 0NY","","","🗺️"
"UKBOTA","223","B/G-2397","RAF Siloth Ground Defence Bunker","Ground Defence Bunker Cluster","54.86861","-3.35472","IO84HU","","Cumberland","CA7 4PE","","","🗺️"
"UKBOTA","223","B/G-2398","RAF Dettling Ground Defence","Ground Defence Bunker Cluster","51.30576","0.59820","JO01HH","","Kent","ME14 3HT","","","🗺️"
"UKBOTA","223","B/G-2399","Foulness Island bunker","AWRE Control Bunker","51.58683","0.86715","JO01KO","","Essex","SS3 9XF","","","🗺️"
"UKBOTA","223","B/G-2400","RAF South Cerney Air-raid Shelter Cluster","Air Raid Shelter","51.69096","-1.93158","IO91AQ","","Gloucestershire","GL7 6JE","","","🗺️"
"UKBOTA","223","B/G-2401","RAF South Cerney Pillbox TYPE FW3/22","Pillbox","51.68320","-1.92407","IO91AQ","","Gloucestershire","GL7 5QD","","","🗺️"
"UKBOTA","223","B/G-2402","Sleaford Civil Air Raid Shelter","WW2 Air Raid Shelter","53.00278","-0.40490","IO93TA","","Lincolnshire","NG34 7EJ","","","🗺️"
"UKBOTA","223","B/G-2403","Donnington High Bridge Pillbox","WW2 Pillbox","52.90586","-0.25603","IO92UV","","Lincolnshire","NG34 0JU","","","🗺️"
"UKBOTA","223","B/G-2404","Helpringham Auxilary Unit Operational Base","Auxilary Unit (Resistance) Base","52.93469","-0.31717","IO92UW","","Lincolnshire","NG34 0FG","","","🗺️"
"UKBOTA","223","B/G-2405","Swineshead Bridge Auxilary Unit Operational Base","Auxilary Unit (Resistance) Base","52.96642","-0.21170","IO92VX","","Lincolnshire","PE20 3QA","","","🗺️"
"UKBOTA","223","B/G-2406","New Hammond Beck Auxilary Unit Operational Base","Auxilary Unit (Resistance) Base","52.96570","-0.10750","IO92WX","","Lincolnshire","PE20 1SQ","","","🗺️"
"UKBOTA","223","B/G-2407","Quadring Auxilary Unit Operational Base","Auxilary Unit (Resistance) Base","52.88439","-0.13928","IO92WV","","Lincolnshire","PE11 4QB","","","🗺️"
"UKBOTA","223","B/G-2408","Kirton Auxiliary Unit Operational Base","Auxilary Unit (Resistance) Base","52.91761","-0.07984","IO92XW","","Lincolnshire","PE20 2HT","","","🗺️"
"UKBOTA","223","B/G-2409","Emley Bombing Decoy site","Civil Bombing Decoy","53.62000","-1.61000","IO93EO","","West Riding","HD8 9QX","","","🗺️"
"UKBOTA","223","B/G-2410","Little Heath chemical bunker","Chemical Filling Station","52.36808","0.71959","JO02II","","Suffolk","IP24 2SY","","","🗺️"
"UKBOTA","223","B/G-2411","Heavy Anti Aircraft Battery Leeds H29","HAA Battery","53.62960","-1.50549","IO93FP","","West Riding","WF2 7SR","","","🗺️"
"UKBOTA","223","B/G-2412","Heavy Anti Aircraft Battery Leeds H13","HAA Battery","53.64961","-1.63380","IO93EP","","West Riding","WF4 4BL","","","🗺️"
"UKBOTA","223","B/G-2413","Heavy Anti Aircraft Battery Leeds H31","HAA Battery","53.57340","-1.82445","IO93CN","","West Riding","HD9 2LS","","","🗺️"
"UKBOTA","223","B/G-2414","Siloth Ammo Bunker","WW2 Storage bunker","54.88222","-3.36417","IO84HV","","Cumberland","CA7 4QJ","","","🗺️"
"UKBOTA","223","B/G-2415","Siloth Pillbox","WW2 ground defences","54.86861","-3.35472","IO84HU","","Cumberland","CA7 4PE","","","🗺️"
"UKBOTA","223","B/G-2416","Pilling Beach Defence Battery Cluster","Beach Defence Battery","53.94151","-2.94103","IO83MW","","Lancashire","PR3 6HQ","","","🗺️"
"UKBOTA","223","B/G-2418","RAF Tibenham bomb dump","Bomb Dump","52.45902","1.14955","JO02NL","","Norfolk","NR16 1NU","","","🗺️"
"UKBOTA","223","B/G-2419","Lords Bridge chemical bunker","Chemical Filling Station","52.16442","0.03074","JO02AD","","Cambridgeshire","CB23 1EX","","","🗺️"
"UKBOTA","223","B/G-2420","Cricklade Pillbox Type FW3/28A","WW2 Ground Defence","51.64589","-1.82760","IO91CP","","Wiltshire","SN6 6LP","","","🗺️"
"UKBOTA","223","B/G-2421","Lords Bridge Bomb Store","Bomb Store","52.16590","0.03684","JO02AD","","Cambridgeshire","CB23 1EX","","","🗺️"
"UKBOTA","223","B/G-2422","Hadley Ammunition Store","Former NATO Ammunition Store","52.04933","0.95466","JO02LB","","Suffolk","IP7 6LB","","","🗺️"
"UKBOTA","223","B/G-2423","Farleigh Down tunnels","Ammunition Tunnels","51.40530","-2.29014","IO81UJ","","Wiltshire","BA1 7LP","","","🗺️"
"UKBOTA","223","B/G-2424","Ditton Priors RN bunker","RN Armament Depot","52.49276","-2.56303","IO82RL","","Shropshire","WV16 6TD","","","🗺️"
"UKBOTA","223","B/G-2425","Gaydon Cold War Bomb Store","Cold War Bomb Store","52.18684","-1.53475","IO92FE","","Warwickshire","CV35 9BZ","","","🗺️"
"UKBOTA","223","B/G-2426","Swynnerton Royal Ordnance","Filling Factory","52.89941","-2.22785","IO82VV","","Staffordshire","ST15 0QU","","","🗺️"
"UKBOTA","223","B/G-2427","RAF Spadeadam test sands bunker","ICBM Test Stands","55.06194","-2.59474","IO85QB","","Cumberland","CA8 7AZ","","","🗺️"
"UKBOTA","223","B/G-2428","RAF Westcott bunker","Rocket Propulsion Labs (Former)","51.84723","-0.97105","IO91MU","","Buckinghamshire","HP18 0XB","","","🗺️"
"UKBOTA","223","B/G-2429","RAF Bungay bomb dump","Bomb Dump","52.42289","1.42572","JO02RK","","Suffolk","NR35 1NJ","","","🗺️"
"UKBOTA","223","B/G-2430","BBC Ottringham bunker","BBC Bunker","53.69854","-0.06910","IO93XQ","","East Riding","HU12 0AD","","","🗺️"
"UKBOTA","223","B/G-2431","BBC Brinklow Heath bunker","BBC Transmitter Bunker","52.39517","-1.39105","IO92HJ","","Warwickshire","CV8 3GL","","","🗺️"
"UKBOTA","223","B/G-2432","BBC Wood Norton bunker","BBC Bunker","52.12367","-1.97831","IO92AC","","Worcestershire","WR11 4YB","","","🗺️"
"UKBOTA","223","B/G-2433","St Margret's Bay Repeater Station","Telecomms Bunker","51.15001","1.37844","JO01QD","","Kent","CT15 6DQ","","","🗺️"
"UKBOTA","223","B/G-2434","Wentworth GHQ bunker and tunnels","Home Forces GHQ WW2 Bunker & Tunnels","51.39972","-0.58961","IO91QJ","","Surrey","GU25 4LS","","","🗺️"
"UKBOTA","223","B/G-2435","RAF Wendling Bomb Store","Bomb Store","52.69983","0.82690","JO02JQ","","Norfolk","PE32 2FW","","","🗺️"
"UKBOTA","223","B/G-2436","RAF Foulsham Bomb Store","Bomb Store","52.79896","0.99708","JO02LT","","Norfolk","NR20 5TX","","","🗺️"
"UKBOTA","223","B/G-2437","RAF Dunmow Bomb Store","Bomb Store","51.88696","0.32384","JO01DV","","Essex","CM6 2JJ","","","🗺️"
"UKBOTA","223","B/G-2438","RAF Kimbolton Bomb Store","Bomb Store","52.31016","-0.39266","IO92TH","","Huntingdonshire","PE28 0LB","","","🗺️"
"UKBOTA","223","B/G-2439","RAF Shipdam Bomb Store","Bomb Store","52.62471","0.92039","JO02LO","","Norfolk","IP25 7PT","","","🗺️"
"UKBOTA","223","B/G-2440","Needles Radar Station","CH Bunker","50.66161","-1.57529","IO90FP","","Hampshire","PO39 0JH","","","🗺️"
"UKBOTA","223","B/G-2441","Mickleburgh Hill BHQ","Army BHQ","52.94435","1.12414","JO02NW","","Norfolk","NR25 7EG","","","🗺️"
"UKBOTA","223","B/G-2442","Cromer Section Post","Section Post","52.93082","1.28572","JO02PW","","Norfolk","NR27 9BH","","","🗺️"
"UKBOTA","223","B/G-2443","Abby Farm, Bacton, section post","Section Post","52.84553","1.48330","JO02RU","","Norfolk","NR12 0HA","","","🗺️"
"UKBOTA","223","B/G-2444","Happisburgh CHL","Chain Home Low Radar","52.82764","1.51476","JO02ST","","Norfolk","NR12 0RD","","","🗺️"
"UKBOTA","223","B/G-2445","Pakefield Coastal Battery","Coastal Battery","52.45956","1.74093","JO02UL","","Suffolk","NR33 0HT","","","🗺️"
"UKBOTA","223","B/G-2446","Great Yarmouth Coastal Battery","Coastal Battery","52.63050","1.73877","JO02UP","","Norfolk","NR30 4HG","","","🗺️"
"UKBOTA","223","B/G-2447","East Garton Bunker","WW2 Unknown","53.79489","-0.04698","IO93XT","","East Riding","HU11 4QE","","","🗺️"
"UKBOTA","223","B/G-2448","Holme next to sea Bunker","WW2 Unknown","52.97473","0.54776","JO02GX","","Norfolk","PE36 6LQ","","","🗺️"
"UKBOTA","223","B/G-2449","RAF Great Messingham","Bomb Store","52.78544","0.67764","JO02IS","","Norfolk","PE32 2LA","","","🗺️"
"UKBOTA","223","B/G-2450","Barcombe Mills Bunker","WW2 Unknown","50.91539","0.03682","JO00AV","","Sussex","BN8 5BT","","","🗺️"
"UKBOTA","223","B/G-2451","Ryde Coastal Battery","Coastal Battery","50.72618","-1.13066","IO90KR","","Hampshire","PO34 5AR","","","🗺️"
"UKBOTA","223","B/G-2452","Nodes Point Coastal Battery","Coastal Battery","50.70486","-1.10082","IO90KQ","","Hampshire","PO33 1YA","","","🗺️"
"UKBOTA","223","B/G-2453","Culver Down Coastal Battery","Coastal Battery","50.66654","-1.10075","IO90KP","","Hampshire","PO35 5QB","","","🗺️"
"UKBOTA","223","B/G-2454","Culver Down CH Low","CH Low","50.67081","-1.11741","IO90KQ","","Hampshire","PO36 8QY","","","🗺️"
"UKBOTA","223","B/G-2455","Yaverland Fort battery","Coastal Battery","50.66408","-1.13056","IO90KP","","Hampshire","PO36 8QP","","","🗺️"
"UKBOTA","223","B/G-2456","Brighstone Sect Post / CP","CP & Sect Post Cluster","50.63675","-1.40990","IO90HP","","Hampshire","PO30 4EY","","","🗺️"
"UKBOTA","223","B/G-2457","Fort Warden Coastal Battery","Coastal Battery","50.68697","-1.54193","IO90FQ","","Hampshire","PO39 0FD","","","🗺️"
"UKBOTA","223","B/G-2458","Cliff End Coastal Battery","Coastal Battery Cluster","50.70004","-1.53334","IO90FQ","","Hampshire","PO40 9TB","","","🗺️"
"UKBOTA","223","B/G-2459","Fort Victoria Coastal Battery","Coastal Battery","50.70640","-1.52292","IO90FQ","","Hampshire","PO41 0RR","","","🗺️"
"UKBOTA","223","B/G-2460","RAF North Creake Bomb Store","Bomb Store","52.91757","0.82295","JO02JW","","Norfolk","NR22 6BD","","","🗺️"
"UKBOTA","223","B/G-2461","Bouldnor Forest Coastal Battery","Coastal Battery","50.71001","-1.46475","IO90GR","","Hampshire","PO41 0AB","","","🗺️"
"UKBOTA","223","B/G-2462","Nunwell House bukner","Home Guard HQ","50.68319","-1.15775","IO90KQ","","Hampshire","PO36 0JQ","","","🗺️"
"UKBOTA","223","B/G-2463","Robin Hill Aux Base","Aux Unit Base","50.68570","-1.24447","IO90JQ","","Hampshire","PO30 2PA","","","🗺️"
"UKBOTA","223","B/G-2464","Ryde Aux Base","Aux Unit Base","50.73034","-1.16343","IO90KR","","Hampshire","PO33 2ND","","","🗺️"
"UKBOTA","223","B/G-2465","Whitwell Aux Base","Aux Unit Base","50.60994","-1.25945","IO90IO","","Hampshire","PO38 2AQ","","","🗺️"
"UKBOTA","223","B/G-2466","Ningwood Aux Base","Aux Unit Base","50.70013","-1.43371","IO90GQ","","Hampshire","PO30 4NN","","","🗺️"
"UKBOTA","223","B/G-2467","Airfield Battle HQ - RAF Thurleigh","WW2 Airfield Battle HQ","52.23598","-0.48066","IO92SF","","Bedfordshire","MK44 1QU","","","🗺️"
"UKBOTA","223","B/G-2468","RAF Abingdon Bomb Store","Bomb Store","51.69695","-1.30888","IO91IQ","","Berkshire","OX13 6BX","","","🗺️"
"UKBOTA","223","B/G-2469","RAF Woodhall Spa Stanton Shelter","WW2 Airfield Defences","53.14294","-0.17921","IO93VD","","Lincolnshire","LN10 6YY","","","🗺️"
"UKBOTA","223","B/G-2470","RAF Bardney Thor Missile Control Bunker","Cold War Bunker","53.22675","-0.29263","IO93UF","","Lincolnshire","LN8 5JN","","","🗺️"
"UKBOTA","223","B/G-2471","RAF Halesworth Bomb Store","Bomb Store","52.35753","1.53806","JO02SI","","Suffolk","IP19 8NN","","","🗺️"
"UKBOTA","223","B/G-2472","RAF Coleby Grange Thor Missile Control Bunker","Cold War Bunker","53.13058","-0.49780","IO93SD","","Lincolnshire","LN5 0AS","","","🗺️"
"UKBOTA","223","B/G-2473","RAF Binbrook Bomb Stores","Bomb Stores","53.45080","-0.19750","IO93VK","","Lincolnshire","LN8 6HF","","","🗺️"
"UKBOTA","223","B/G-2474","RAF Caistor Thor Missile Control Bunker","Cold War Bunker","53.50729","-0.36689","IO93TM","","Lincolnshire","LN7 6HJ","","","🗺️"
"UKBOTA","223","B/G-2475","RAF Hemswell Thor Missile Control Bunker","Cold War Bunker","53.40760","-0.58195","IO93RJ","","Lincolnshire","DN21 5TU","","","🗺️"
"UKBOTA","223","B/G-2476","RAF Woodhall Spa Bloodhound Missile Servicing Bunker","Cold War Bunker","53.13721","-0.19861","IO93VD","","Lincolnshire","LN10 6UQ","","","🗺️"
"UKBOTA","223","B/G-2477","RAF Bardney Bomb Stores","Bomb Stores","53.23188","-0.28464","IO93UF","","Lincolnshire","LN8 5JN","","","🗺️"
"UKBOTA","223","B/G-2478","RAF Metheringham Bomb Stores","Bomb Stores","53.13969","-0.35416","IO93TD","","Lincolnshire","LN4 3BG","","","🗺️"
"UKBOTA","223","B/G-2479","RAF North Cotes Bloodhound Missile Control Bunker cluster","Cold War Bunker","53.50593","0.06437","JO03AM","","Lincolnshire","DN36 5XU","","","🗺️"
"UKBOTA","223","B/G-2480","RAF Leiston Ammo Dump","Bomb Store","52.21724","1.55894","JO02SF","","Suffolk","IP16 4WL","","","🗺️"
"UKBOTA","223","B/G-2481","RAF Dunholme Lodge Bloodhound Missile Control Bunker #1","Cold War Bunker","53.28979","-0.51424","IO93RG","","Lincolnshire","LN2 3QF","","","🗺️"
"UKBOTA","223","B/G-2482","RAF Barkston Heath Bloodhound Missile Control Bunker #1","Cold War Bunker","52.96673","-0.56028","IO92RX","","Lincolnshire","NG32 3PZ","","","🗺️"
"UKBOTA","223","B/G-2483","RAF Scampton WW2 Bomb Stores","Bomb Stores","53.31893","-0.56052","IO93RH","","Lincolnshire","LN1 2YH","","","🗺️"
"UKBOTA","223","B/G-2484","RAF Scampton Cold War Bomb Stores","Bomb Stores","53.31419","-0.55266","IO93RH","","Lincolnshire","LN2 3PS","","","🗺️"
"UKBOTA","223","B/G-2485","RAF Waddington Cold War Bomb Stores","Bomb Stores","53.17403","-0.50737","IO93RE","","Lincolnshire","LN5 9FG","","","🗺️"
"UKBOTA","223","B/G-2486","RAF Skellingthorpe Bomb Stores","Bomb Stores","53.21976","-0.61423","IO93QF","","Lincolnshire","LN6 0FH","","","🗺️"
"UKBOTA","223","B/G-2487","RAF Goxhill Airfield Defence Post","WW2 Airfield Defences","53.68496","-0.31802","IO93UQ","","Lincolnshire","DN19 7NW","","","🗺️"
"UKBOTA","223","B/G-2488","Donnington-on-Bain Aux Unit Operating Base","WW2 Aux OB","53.32528","-0.16219","IO93WH","","Lincolnshire","LN11 9RF","","","🗺️"
"UKBOTA","223","B/G-2489","Chain Home Stenigot Defensive Cluster","WW2 Airfield Defences","53.32739","-0.11510","IO93WH","","Lincolnshire","LN11 9RH","","","🗺️"
"UKBOTA","223","B/G-2490","RAF Framlingham Bomb Store","Bomb Store","52.19464","1.42038","JO02RE","","Suffolk","IP17 1LT","","","🗺️"
"UKBOTA","223","B/G-2491","RAF Faldingworth Cold War Weapon Prep Bunker D1","Bomb Stores","53.35369","-0.45276","IO93SI","","Lincolnshire","LN8 2DG","","","🗺️"
"UKBOTA","223","B/G-2492","RAF Faldingworth Cold War Weapon Store Cluster","Bomb Stores","53.35168","-0.45893","IO93SI","","Lincolnshire","LN8 2DG","","","🗺️"
"UKBOTA","223","B/G-2493","Woodhall Spa Air Raid Shelter Cluster","WW2 Airfield Defences","53.14943","-0.21674","IO93VD","","Lincolnshire","LN10 6TW","","","🗺️"
"UKBOTA","223","B/G-2494","Metheringham WW2 Railway Control Centre","WW2 Control Centre","53.13931","-0.39265","IO93TD","","Lincolnshire","LN4 3JH","","","🗺️"
"UKBOTA","223","B/G-2495","Digby LAA Battery","Battery Command Post","53.08286","-0.37115","IO93TB","","Lincolnshire","LN4 3NF","","","🗺️"
"UKBOTA","223","B/G-2496","Gayton Le Wold AA Battery #1","Battery Command Post","53.35400","-0.14300","IO93WI","","Lincolnshire","LN11 0RA","","","🗺️"
"UKBOTA","223","B/G-2497","Gayton Le Wold AA Battery #2","Battery Command Post","53.35100","-0.15800","IO93WI","","Lincolnshire","LN11 9RA","","","🗺️"
"UKBOTA","223","B/G-2498","RAF Waddington WW2 Bomb Stores","Bomb Stores","53.16467","-0.51845","IO93RD","","Lincolnshire","LN4 2HZ","","","🗺️"
"UKBOTA","223","B/G-2499","RAF Goxhill WW2 Bomb Stores","Bomb Stores","53.68495","-0.30953","IO93UQ","","Lincolnshire","DN19 7NW","","","🗺️"
"UKBOTA","223","B/G-2500","No 5 Group HQ - St Vincents Hall","Group HQ","52.90510","-0.62650","IO92QV","","Lincolnshire","NG31 9EN","","","🗺️"
"UKBOTA","223","B/G-2501","West Pinchbeck Pillbox","WW2 Pillbox","52.80385","-0.22061","IO92VT","","Lincolnshire","PE11 3NG","","","🗺️"
"UKBOTA","223","B/G-2502","Spalding Pillbox Cluster","WW2 Pillbox","52.77950","-0.17789","IO92VS","","Lincolnshire","PE11 1YR","","","🗺️"
"UKBOTA","223","B/G-2503","Creeton Pillbox","WW2 Pillbox","52.77136","-0.49903","IO92SS","","Lincolnshire","NG33 4QB","","","🗺️"
"UKBOTA","223","B/G-2504","Ruskington Decoy Airfield Q21(a) Control Bunker","Decoy Airfield Bunker","53.04800","-0.34400","IO93TB","","Lincolnshire","NG34 9ST","","","🗺️"
"UKBOTA","223","B/G-2505","Shorts Corner Pillbox","WW2 Pillbox","53.05693","-0.04212","IO93XB","","Lincolnshire","PE22 7EA","","","🗺️"
"UKBOTA","223","B/G-2506","RAF Folkingham Blast Shelter Cluster","Blast Shelter","52.86921","-0.43234","IO92SU","","Lincolnshire","NG34 0HE","","","🗺️"
"UKBOTA","223","B/G-2507","Spalding Air Raid Shelter Cluster","Air Raid Shelter","52.78754","-0.15039","IO92WS","","Lincolnshire","PE11 1TB","","","🗺️"
"UKBOTA","223","B/G-2508","Weston Pillbox Cluster","WW2 Pillbox","52.82045","-0.07465","IO92XT","","Lincolnshire","PE12 6RH","","","🗺️"
"UKBOTA","223","B/G-2509","Sutterton Wigtoft Road Pillbox","WW2 Pillbox","52.90562","-0.10041","IO92WV","","Lincolnshire","PE20 2DY","","","🗺️"
"UKBOTA","223","B/G-2510","Sutterton Station Road Pillbox","WW2 Pillbox","52.89917","-0.08913","IO92WV","","Lincolnshire","PE20 2JA","","","🗺️"
"UKBOTA","223","B/G-2511","Sutterton Church Lane Pillbox","WW2 Pillbox","52.90110","-0.07792","IO92XV","","Lincolnshire","PE20 2HQ","","","🗺️"
"UKBOTA","223","B/G-2512","Boston Skirbeck Pillbox","WW2 Pillbox","52.96491","-0.02708","IO92XX","","Lincolnshire","PE21 7RD","","","🗺️"
"UKBOTA","223","B/G-2513","RAF Coleby Grange Bomb Stores","WW2 Bomb Stores","53.13436","-0.48760","IO93SD","","Lincolnshire","LN4 2AN","","","🗺️"
"UKBOTA","223","B/G-2514","RAF Coleby Grange Defensive Cluster","Blast Shelter","53.12552","-0.48475","IO93SD","","Lincolnshire","LN5 0AT","","","🗺️"
"UKBOTA","223","B/G-2515","Gosport Borough Council Nuclear Bunker","Cold War Bunkers","50.78677","-1.16882","IO90JS","","Hampshire","PO12 2QX","","","🗺️"
"UKBOTA","223","B/G-2516","Gosport WW2 ARP Bunker","Civil Defence Control Centre","50.78926","-1.14976","IO90KS","","Hampshire","PO12 2JU","","","🗺️"
"UKBOTA","223","B/G-2517","Greystone Bridge","Auxiliary Unit OB","50.59268","-4.31252","IO70UO","","Cornwall","PL15 9PB","","","🗺️"
"UKBOTA","223","B/G-2518","Polshilsa House","Auxiliary Unit OB","50.53018","-4.33444","IO70TM","","Cornwall","PL17 8PP","","","🗺️"
"UKBOTA","223","B/G-2519","Daws Hill Plantation, Plusha.","Auxiliary Unit OB","50.58733","-4.46371","IO70SO","","Cornwall","PL15 7PW","","","🗺️"
"UKBOTA","223","B/G-2520","Old quarry at Kersbrook Farm","Auxiliary Unit OB","50.55584","-4.39237","IO70TN","","Cornwall","PL17 8QR","","","🗺️"
"UKBOTA","223","B/G-2521","Willoughby Walk Decoy Airfield Q171(a) Control Bunker","Decoy Airfield Bunker","52.95600","-0.46100","IO92SW","","Lincolnshire","NG32 3NH","","","🗺️"
"UKBOTA","223","B/G-2522","Swinstead Decoy Airfield Q133(b) Control Bunker","Decoy Airfield Bunker","52.80000","-0.49000","IO92ST","","Lincolnshire","NG33 4PW","","","🗺️"
"UKBOTA","223","B/G-2523","Swayfield Decoy Airfield Q/K33(a) Control Bunker","Decoy Airfield Bunker","52.78722","-0.55232","IO92RS","","Lincolnshire","NG33 4LG","","","🗺️"
"UKBOTA","223","B/G-2524","RAF North Witham Blaster Shelter Cluster","Blast Shelter Cluster","52.79200","-0.60000","IO92QT","","Lincolnshire","NG33 5LZ","","","🗺️"
"UKBOTA","223","B/G-2525","Castle Bitham Pillbox","WW2 Pillbox","52.76521","-0.57002","IO92RS","","Lincolnshire","NG33 4SR","","","🗺️"
"UKBOTA","223","B/G-2526","Heavy Anti Aircraft Battery Leeds H27","HAA Battery","53.70784","-1.51215","IO93FQ","","West Riding","WF1 2PF","","","🗺️"
"UKBOTA","223","B/G-2527","Starfish Bombing Decoy Sf23a","Bombing Decoy","53.64100","-1.44000","IO93GP","","West Riding","WF2 6RU","","","🗺️"
"UKBOTA","223","B/G-2528","HAA Battery Sheffield H17","HAA Battery","53.51611","-1.30266","IO93IM","","West Riding","S63 8GX","","","🗺️"
"UKBOTA","223","B/G-2529","Lees A635 Pillbox","WW2 Pillbox","53.53880","-1.97443","IO93AM","","West Riding","OL3 7NN","","","🗺️"
"UKBOTA","223","B/G-2530","Weston Auxiliary Unit Operational Base","Auxiliary Unit OB","52.80317","-0.06412","IO92XT","","Lincolnshire","PE12 6PS","","","🗺️"
"UKBOTA","223","B/G-2531","Crowland Auxiliary Unit Operational Base","Auxiliary Unit OB","52.67248","-0.15717","IO92WQ","","Lincolnshire","PE6 0GU","","","🗺️"
"UKBOTA","223","B/G-2532","River Welland Pillbox Cluster","Pillbox","52.66608","-0.21596","IO92VP","","Northamptonshire","PE6 7QB","","","🗺️"
"UKBOTA","223","B/G-2533","Maxey Bombing Decoy Airfield Control Bunker","Decoy Airfield Bunker","52.66010","-0.31333","IO92UP","","Northamptonshire","PE6 9BD","","","🗺️"
"UKBOTA","223","B/G-2534","Sovereign House SRHQ 4.2","Regional Government Bunker","51.79388","-0.07951","IO91XT","","Hertfordshire","SG13 8FQ","","","🗺️"
"UKBOTA","223","B/G-2535","De Havilland Bunker Room","Air Raid Shelter and Bunker","51.76638","-0.23738","IO91VS","","Hertfordshire","AL10 9SJ","","","🗺️"
"UKBOTA","223","B/G-2536","Lower Darwen Mill","Group of Air Raid Shelters","53.71884","-2.48025","IO83SR","","Lancashire","BB3 0PN","","","🗺️"
"UKBOTA","223","B/G-2537","Oswaldtwistle Moor Bombing Decoy","Bombing Decoy","53.70741","-2.40385","IO83TQ","","Lancashire","BB1 2PQ","","","🗺️"
"UKBOTA","223","B/G-2538","Blackburn Royal Ordnance Factory","ROF and Pillboxes","53.72196","-2.46411","IO83SR","","Lancashire","BB3 0QB","","","🗺️"
"UKBOTA","223","B/G-2539","Haslingden Bombing Decoy","Bombing Decoy","53.71000","-2.36100","IO83TR","","Lancashire","BB4 4AU","","","🗺️"
"UKBOTA","223","B/G-2540","Hoghton Bombing Decoy","Bombing Decoy","53.74017","-2.57303","IO83RR","","Lancashire","PR5 0SB","","","🗺️"
"UKBOTA","223","B/G-2541","Slaithwaite Bombing Decoy","Bombing Decoy","53.61800","-1.93800","IO93AO","","West Riding","HD7 6AT","","","🗺️"
"UKBOTA","223","B/G-2542","RAF Market Stainton Ammunition Depot","Ammunition Depot","53.30454","-0.15323","IO93WH","","Lincolnshire","LN8 5LJ","","","🗺️"
"UKBOTA","223","B/G-2543","Alwalton Bombing Decoy","Bombing Decoy","52.54000","-0.30300","IO92UM","","Huntingdonshire","PE2 5RH","","","🗺️"
"UKBOTA","223","B/G-2544","Hartley Pillbox","WW2 Pillbox","55.07461","-1.46533","IO95GB","","Northumberland","NE26 4RL","","","🗺️"
"UKBOTA","223","B/G-2545","Browsnea Island Bunker","Decoy Bunker?","50.68931","-1.97970","IO90AQ","","Dorset","BH19 3BL","","","🗺️"
"UKBOTA","223","B/G-2546","Kirby Lonsdale Pillbox","WW2 Pillbox","54.19750","-2.58704","IO84QE","","Westmorland","LA6 2SE","","","🗺️"
"UKBOTA","223","B/G-2547","Blitterlees artillery range bunker","artillery range bunker","54.85804","-3.40099","IO84HU","","Cumberland","CA7 4JZ","","","🗺️"
"UKBOTA","223","B/G-2548","RAF Bruntingthorpe Airfield Battle HQ","ABHQ","52.49870","-1.10909","IO92KL","","Leicestershire","LE17 5QN","","","🗺️"
"UKBOTA","223","B/G-2549","Sandown Barrack Battery","HAA Battery","50.65035","-1.16088","IO90KP","","Hampshire","PO36 9EB","","","🗺️"
"UKBOTA","223","B/G-2550","Hatherwood Battery","HAA Battery","50.67102","-1.56666","IO90FQ","","Hampshire","PO39 0JD","","","🗺️"
"UKBOTA","223","B/G-2551","RAF Cranwell Defensive Cluster","Defensive Cluster","53.03304","-0.50911","IO93RA","","Lincolnshire","NG34 8HA","","","🗺️"
"UKBOTA","223","B/G-2552","RAF Harpur Hill Machine Gun Bunker","WW2 Defensive Bunker","53.21597","-1.90717","IO93BF","","Derbyshire","SK17 0RP","","","🗺️"
"UKBOTA","223","B/G-2553","RAF Harpur Hill Underground Munitions Store(s)","WW2 Storage bunker","53.23132","-1.91260","IO93BF","","Derbyshire","SK17 9JW","","","🗺️"
"UKBOTA","223","B/G-2554","Nunwell House","Home Guard HQ","50.68319","-1.15775","IO90KQ","","Hampshire","PO36 0JQ","","","🗺️"
"UKBOTA","223","B/G-2555","Solent Fort 1 (Spitbank)","WW2 Fortified Naval Location","50.77042","-1.09903","IO90KS","","Hampshire","PO5 3PB","","","🗺️"
"UKBOTA","223","B/G-2556","Solent Fort 2 (Horse Sand)","WW2 Fortified Naval Location","50.74966","-1.07233","IO90LR","","Hampshire","PO4 0BW","","","🗺️"
"UKBOTA","223","B/G-2557","Solent Fort 3 (No Man's Land)","WW2 Fortified Naval Location","50.73992","-1.09518","IO90KR","","Hampshire","PO34 5HB","","","🗺️"
"UKBOTA","223","B/G-2558","Aux Patrol Base","Auxiliary Unit OB","50.79569","-0.75616","IO90OT","","Sussex","PO20 1LY","","","🗺️"
"UKBOTA","223","B/G-2559","Aux Unit OP Folkington Wood","Auxiliary Unit OB","50.81294","0.20164","JO00CT","","Sussex","BN26 5SD","","","🗺️"
"UKBOTA","223","B/G-2560","Special Duties Out Station","Auxiliary Unit OB","50.83031","0.28056","JO00DT","","Sussex","BN26 6QU","","","🗺️"
"UKBOTA","223","B/G-2561","Fritton Pillbox Cluster","WW2 Pillbox","52.53450","1.62632","JO02TM","","Suffolk","NR31 9HQ","","","🗺️"
"UKBOTA","223","B/G-2562","Appledore Bridge Pillbox","Pillbox","51.02763","0.78971","JO01JA","","Kent","TN26 2DJ","","","🗺️"
"UKBOTA","223","B/G-2563","Ashendon Air Raid Cluster","Air Raid Shelter","51.83290","-0.96532","IO91MT","","Buckinghamshire","HP18 0HA","","","🗺️"
"UKBOTA","223","B/G-2564","Ashford Pillbox Cluster","Pillbox","51.10936","0.86585","JO01KC","","Kent","TN23 3EZ","","","🗺️"
"UKBOTA","223","B/G-2565","Barrow Haven HAA Site H27","Anti Aircraft Battery","53.69439","-0.40182","IO93TQ","","Lincolnshire","DN19 7HA","","","🗺️"
"UKBOTA","223","B/G-2566","Belton Pillbox","Pill Box","52.56216","1.64536","JO02TN","","Suffolk","NR31 9ND","","","🗺️"
"UKBOTA","223","B/G-2567","Bremhill Bridge Fuel Depot","WW2 Fuel Depot","51.58698","-1.83944","IO91BO","","Wiltshire","SN5 4FZ","","","🗺️"
"UKBOTA","223","B/G-2568","Browston Pillbox Cluster","Pillbox Cluster","52.54789","1.68460","JO02UN","","Suffolk","NR32 5LZ","","","🗺️"
"UKBOTA","223","B/G-2569","Burnham Minefield Control Tower","Minefield Control Tower","51.62497","0.91206","JO01KO","","Essex","CM0 8NG","","","🗺️"
"UKBOTA","223","B/G-2570","Dymchurch Redoubt Cluster","WW2 Bunker","51.04901","1.03671","JO01MB","","Kent","CT21 4NF","","","🗺️"
"UKBOTA","223","B/G-2571","Filey Brigg Pillbox","Pillbox","54.21514","-0.27998","IO94UF","","North Riding","YO14 9LF","","","🗺️"
"UKBOTA","223","B/G-2572","Fort Amherst magazine","Ammunition store","51.38722","0.52476","JO01GJ","","Kent","ME4 4TX","","","🗺️"
"UKBOTA","223","B/G-2573","Fort Borstal magazine","Ammunition store","51.37052","0.48882","JO01FI","","Kent","ME1 3NT","","","🗺️"
"UKBOTA","223","B/G-2574","Fort Horsted magazine","Ammunition store","51.35788","0.51367","JO01GI","","Kent","ME4 6HZ","","","🗺️"
"UKBOTA","223","B/G-2575","Gillkicker Point and battery bunker","Military bunkers","50.77395","-1.14092","IO90KS","","Hampshire","PO12 2NJ","","","🗺️"
"UKBOTA","223","B/G-2576","Goxhill HAA Site E / H25","Anti Aircraft Battery","53.70733","-0.29692","IO93UQ","","Lincolnshire","DN19 7NH","","","🗺️"
"UKBOTA","223","B/G-2577","Grain Land Fort magazine","Ammunition store","51.45735","0.71928","JO01IK","","Kent","ME3 0DW","","","🗺️"
"UKBOTA","223","B/G-2578","Humber HAA Battery H22","Anti Aircraft Battery","53.62337","-0.19916","IO93VO","","Lincolnshire","DN40 1FN","","","🗺️"
"UKBOTA","223","B/G-2579","Humber HAA Battery L","Anti Aircraft Battery","53.62500","-0.21539","IO93VO","","Lincolnshire","DN40 2DW","","","🗺️"
"UKBOTA","223","B/G-2580","Immingham Coast Defence Minefield Radar Control Tower","Minefield Radar Tower","53.62401","-0.17416","IO93VO","","Lincolnshire","DN40 2PN","","","🗺️"
"UKBOTA","223","B/G-2581","LAA Battery - Filey","LAA Battery","54.21759","-0.27026","IO94UF","","North Riding","YO14 9BT","","","🗺️"
"UKBOTA","223","B/G-2582","Laytonstone Factory","WW2 Factory","51.56858","0.00886","JO01AN","","Essex","E11 1HE","","","🗺️"
"UKBOTA","223","B/G-2583","Longbridge Shadow Factory","WW2 Factory","52.38964","-1.98933","IO92AJ","","Worcestershire","B31 2BQ","","","🗺️"
"UKBOTA","223","B/G-2584","Mavis Enderby Aux Op Base","Aux Op Base","53.17089","0.04367","JO03AE","","Lincolnshire","PE23 4EQ","","","🗺️"
"UKBOTA","223","B/G-2585","Military Canal Pillbox","Pillbox","51.03627","0.79463","JO01JA","","Kent","TN26 2AH","","","🗺️"
"UKBOTA","223","B/G-2586","New Holland Public Air Raid Shelter Cluster #1","Air Raid Shelter","53.70031","-0.36016","IO93TQ","","Lincolnshire","DN19 7RQ","","","🗺️"
"UKBOTA","223","B/G-2587","New Holland Public Air Raid Shelter Cluster #2","Air Raid Shelter","53.69560","-0.36279","IO93TQ","","Lincolnshire","DN19 7QA","","","🗺️"
"UKBOTA","223","B/G-2588","New Holland Public Air Raid Shelter Cluster #3","Air Raid Shelter","53.69417","-0.36155","IO93TQ","","Lincolnshire","DN19 7PJ","","","🗺️"
"UKBOTA","223","B/G-2589","Pirbright Pillbox Cluster","Pillbox","51.29697","-0.68019","IO91PH","","Surrey","GU24 0PQ","","","🗺️"
"UKBOTA","223","B/G-2590","RAF Cranfield Pillboxes","Pillbox","52.06208","-0.62542","IO92QB","","Bedfordshire","MK17 8XX","","","🗺️"
"UKBOTA","223","B/G-2591","RAF Dunholme ABHQ","Air Battle HQ","53.29394","-0.51100","IO93RH","","Lincolnshire","LN2 3QF","","","🗺️"
"UKBOTA","223","B/G-2592","RAF Dunholme Bomb Stores","Bomb Stores","53.28437","-0.50507","IO93RG","","Lincolnshire","LN2 2NB","","","🗺️"
"UKBOTA","223","B/G-2593","RAF Dunholme Lodge Bloodhound Missile Control Bunker #2","Cold War Bunker","53.28783","-0.51457","IO93RG","","Lincolnshire","LN2 2LX","","","🗺️"
"UKBOTA","223","B/G-2594","RAF Folkingham Bomb Stores","Bomb Stores","52.85159","-0.43396","IO92SU","","Lincolnshire","NG34 0HE","","","🗺️"
"UKBOTA","223","B/G-2595","RAF Killingholme Bomb Stores","Bomb Stores","53.63769","-0.30268","IO93UP","","Lincolnshire","DN40 3JY","","","🗺️"
"UKBOTA","223","B/G-2596","RAF Strubby Bomb Stores","Bomb Stores","53.31290","0.16900","JO03CH","","Lincolnshire","LN13 0EG","","","🗺️"
"UKBOTA","223","B/G-2597","RAF Strubby Defensive Cluster","Defensive Cluster","53.29528","0.16393","JO03BH","","Lincolnshire","LN13 0DZ","","","🗺️"
"UKBOTA","223","B/G-2598","RAF Wickenby Bomb Stores","Bomb Stores","53.30070","-0.37630","IO93TH","","Lincolnshire","LN8 5NL","","","🗺️"
"UKBOTA","223","B/G-2599","RAF Wittering Bomb Stores","Bomb Stores","52.59481","-0.51331","IO92RO","","Northamptonshire","PE8 6XX","","","🗺️"
"UKBOTA","223","B/G-2600","RAF Wittering Cold War Bomb Stores","Bomb Stores","52.60410","-0.50342","IO92RO","","Northamptonshire","PE9 3QA","","","🗺️"
"UKBOTA","223","B/G-2601","Reigate Fort Magazine","Military Bunker","51.25406","-0.19969","IO91VG","","Surrey","RH2 9RN","","","🗺️"
"UKBOTA","223","B/G-2602","Royston Civil Air Raid Shelter","Air Raid Shelter","53.60062","-1.45294","IO93GO","","West Riding","S71 4GB","","","🗺️"
"UKBOTA","223","B/G-2603","Scunthorpe HAA Site H5","Anti Aircraft Battery","53.55709","-0.64536","IO93QN","","Lincolnshire","DN16 3SD","","","🗺️"
"UKBOTA","223","B/G-2604","Scunthorpe HAA Site H8","Anti Aircraft Battery","53.67828","-0.58741","IO93QQ","","Lincolnshire","DN15 9PQ","","","🗺️"
"UKBOTA","223","B/G-2605","Sheerness bunkers","WW2 Bunker","51.44468","0.75236","JO01JK","","Kent","ME12 1BU","","","🗺️"
"UKBOTA","223","B/G-2606","Skendleby Civil Air Raid Shelter Cluster","Air Raid Shelter","53.20746","0.14525","JO03BE","","Lincolnshire","PE23 4QE","","","🗺️"
"UKBOTA","223","B/G-2607","St Georges Park Air Raid Shelter","ARS","52.60594","1.73163","JO02UO","","Norfolk","NR30 2JN","","","🗺️"
"UKBOTA","223","B/G-2608","Stadium Farm Pillbox Cluster","Pill Box Cluster","52.63426","1.72717","JO02UP","","Norfolk","NR30 5TE","","","🗺️"
"UKBOTA","223","B/G-2609","Stallingborough HAA Site S","Anti Aircraft Battery","53.58823","-0.21307","IO93VO","","Lincolnshire","DN41 8BW","","","🗺️"
"UKBOTA","223","B/G-2610","Stone in Oxney Pillbox","Pillbox","50.99601","0.76550","JO00JX","","Kent","TN30 7AF","","","🗺️"
"UKBOTA","223","B/G-2611","Tenterden Aux Op Base","WW2 Bunker","51.05588","0.70977","JO01IB","","Kent","TN30 7DG","","","🗺️"
"UKBOTA","223","B/G-2612","Thorpe Abbotts Bomb Dump","Bomb Stores","52.38058","1.18681","JO02OJ","","Norfolk","IP21 4EJ","","","🗺️"
"UKBOTA","223","B/G-2613","Uxbridge Bridge Pillbox","Pillbox","51.54326","-0.48801","IO91SN","","Middlesex","UB8 2FD","","","🗺️"
"UKBOTA","223","B/G-2614","Warden Point pillbox","Pillbox","51.41571","0.90282","JO01KJ","","Kent","ME12 4HG","","","🗺️"
"UKBOTA","223","B/G-2615","Warehorne Pillbox","Pillbox","51.05376","0.83169","JO01JB","","Kent","TN26 2LJ","","","🗺️"
"UKBOTA","223","B/G-2616","Woolwich Pillbox Cluster","Pillbox","51.50899","0.09418","JO01BM","","Kent","SE28 0NU","","","🗺️"
"UKBOTA","223","B/G-2617","WW1 Port War Signal Station-Spurn","Signal Station","53.57989","0.12034","JO03BN","","East Riding","HU12 0UH","","","🗺️"
"UKBOTA","223","B/G-2618","Ulnes Walton WW2 Ammunition Bunker Cluster","Ammunition store","53.68633","-2.75291","IO83OQ","","Lancashire","PR26 8NJ","","","🗺️"
"UKBOTA","223","B/G-2619","Cople decoy bunker C28(a)","WW2 Bunker","52.11203","-0.35613","IO92TC","","Bedfordshire","SG18 9AW","","","🗺️"
"UKBOTA","223","B/G-2620","RAF Stratford (Atherstone) Air Raid Shelter","Air Raid Shelter","52.16805","-1.68211","IO92DE","","Warwickshire","CV37 7GW","","","🗺️"
"UKBOTA","223","B/G-2621","RAF Stratford (Atherstone) Blast Shelter","WW2 Bunker","52.16046","-1.68243","IO92DD","","Warwickshire","CV37 8BH","","","🗺️"
"UKBOTA","223","B/G-2622","Royal Ordnance Works Pillbox Cluster, Enfield","Pillbox","51.67388","0.00169","JO01AQ","","Essex","EN9 3GP","","","🗺️"
"UKBOTA","223","B/G-2623","Bombing decoy bunker, Barnet","WW2 Bunker","51.66556","-0.21362","IO91VP","","Middlesex","EN5 4JT","","","🗺️"
"UKBOTA","223","B/G-2624","Bombing decoy bunker, Newhaven","WW2 Bunker","50.82659","0.13399","JO00BT","","Sussex","BN26 6UR","","","🗺️"
"UKBOTA","223","B/G-2625","Bombing decoy bunker, Harvest Hill","WW2 Bunker","52.44688","-1.59745","IO92EK","","Warwickshire","CV5 9DE","","","🗺️"
"UKBOTA","223","B/G-2626","Bombing decoy bunker, Wibtoft","WW2 Bunker","52.47467","-1.31321","IO92IL","","Warwickshire","CV23 0RT","","","🗺️"
"UKBOTA","223","B/G-2627","Bombing decoy bunker, Eaglethorpe","WW2 Bunker","52.51422","-0.40765","IO92TM","","Northamptonshire","PE8 6TT","","","🗺️"
"UKBOTA","223","B/G-2628","Bombing decoy bunker, Luton","WW2 Bunker","51.87706","-0.31395","IO91UV","","Hertfordshire","SG4 8JQ","","","🗺️"
"UKBOTA","223","B/G-2629","Bombing decoy bunker, Hassall Green","WW2 Bunker","53.13248","-2.32631","IO83UD","","Cheshire","CW11 2TG","","","🗺️"
"UKBOTA","223","B/G-2630","Bombing decoy bunker, Coal Aston","WW2 Bunker","53.31707","-1.45621","IO93GH","","Derbyshire","S18 3AR","","","🗺️"
"UKBOTA","223","B/G-2631","Bombing decoy bunker, Eckington","WW2 Bunker","53.31614","-1.36343","IO93HH","","Derbyshire","S20 5EQ","","","🗺️"
"UKBOTA","223","B/G-2632","Bombing decoy bunker, Bramley","WW2 Bunker","53.43343","-1.25405","IO93IK","","West Riding","S65 4LY","","","🗺️"
"UKBOTA","223","B/G-2633","Bombing decoy bunker, Finningley","WW2 Bunker","53.50605","-0.79484","IO93OM","","Lincolnshire","DN9 1AD","","","🗺️"
"UKBOTA","223","B/G-2634","Bombing decoy bunker, Gautby","WW2 Bunker","53.23180","-0.25672","IO93UF","","Lincolnshire","LN8 5JP","","","🗺️"
"UKBOTA","223","B/G-2635","Bombing decoy bunker, Armthorpe","WW2 Bunker","53.52942","-1.01737","IO93LM","","West Riding","DN3 3PN","","","🗺️"
"UKBOTA","223","B/G-2636","Bombing decoy bunker, Hambleton","WW2 Bunker","53.78621","-1.14457","IO93KS","","West Riding","YO8 3RD","","","🗺️"
"UKBOTA","223","B/G-2637","Bombing decoy bunker, Grendon","WW2 Bunker","51.87068","-1.02265","IO91LU","","Buckinghamshire","HP18 0SX","","","🗺️"
"UKBOTA","223","B/G-2638","Bombing decoy bunker, Bretford","WW2 Bunker","52.39111","-1.39014","IO92HJ","","Warwickshire","CV8 3GE","","","🗺️"
"UKBOTA","223","B/G-2639","Bombing decoy bunker, Beeford","WW2 Bunker","53.95330","-0.28517","IO93UW","","East Riding","YO25 8AE","","","🗺️"
"UKBOTA","223","B/G-2640","Bombing decoy bunker, Skerne","WW2 Bunker","53.98105","-0.42426","IO93SX","","East Riding","YO25 9HN","","","🗺️"
"UKBOTA","223","B/G-2641","ROF Thorpe Arch Pillbox","Pillbox","53.91567","-1.31046","IO93IV","","West Riding","LS23 7FR","","","🗺️"
"UKBOTA","223","B/G-2642","Bombing decoy bunker, Thorner","WW2 Bunker","53.85648","-1.41331","IO93HU","","West Riding","LS14 3EW","","","🗺️"
"UKBOTA","223","B/G-2643","Bombing decoy bunker, Maythorne","WW2 Bunker","53.54640","-1.71433","IO93DN","","West Riding","HD9 7TW","","","🗺️"
"UKBOTA","223","B/G-2644","Bombing decoy bunker, Cragg Vale","WW2 Bunker","53.68888","-1.98879","IO93AQ","","West Riding","HX7 5TZ","","","🗺️"
"UKBOTA","223","B/G-2645","Bombing decoy bunker, Worsthorne","WW2 Bunker","53.78787","-2.17841","IO83VS","","Lancashire","BB10 3NW","","","🗺️"
"UKBOTA","223","B/G-2646","Tadcaster Air Raid Shelter","Air Raid Shelter","53.88499","-1.26656","IO93IV","","West Riding","LS24 9JF","","","🗺️"
"UKBOTA","223","B/G-2647","Stockwood Park Pillbox","Pillbox","51.86303","-0.41685","IO91SU","","Bedfordshire","LU1 3RL","","","🗺️"
"UKBOTA","223","B/G-2648","Cookham Pillbox","Pillbox","51.56031","-0.71218","IO91PN","","Berkshire","SL6 9SB","","","🗺️"
"UKBOTA","223","B/G-2649","Bombing decoy bunker, Whicham Valley","WW2 Bunker","54.24507","-3.31241","IO84IF","","Cumberland","LA18 5LU","","","🗺️"
"UKBOTA","223","B/G-2650","Bombing decoy bunker, Kelfield","WW2 Bunker","53.85400","-1.10669","IO93KU","","East Riding","YO19 6HR","","","🗺️"
"UKBOTA","223","B/G-2651","RAF Rednal Pillbox Cluster","Pillbox","52.83823","-2.93189","IO82MU","","Shropshire","SY11 4HF","","","🗺️"
"UKBOTA","223","B/G-2652","Apley Forge Pillbox","Pillbox","52.58211","-2.43284","IO82SN","","Shropshire","WV16 4RZ","","","🗺️"
"UKBOTA","223","B/G-2653","Pewsey Pillbox Cluster","Pillbox","51.34816","-1.77464","IO91CI","","Wiltshire","SN9 5FH","","","🗺️"
"UKBOTA","223","B/G-2654","Abbots Langley Pillbox Cluster","Pillbox","51.70579","-0.39523","IO91TQ","","Hertfordshire","WD25 0JY","","","🗺️"
"UKBOTA","223","B/G-2655","Bombing decoy bunker, Spinnels Farm","WW2 Bunker","51.92862","1.13913","JO01NW","","Essex","CO11 2TA","","","🗺️"
"UKBOTA","223","B/G-2656","Bombing decoy bunker, Shottisham","WW2 Bunker","52.03798","1.37801","JO02QA","","Suffolk","IP12 3EP","","","🗺️"
"UKBOTA","223","B/G-2657","Bombing decoy bunker, Salthouse","WW2 Bunker","52.94175","1.10594","JO02NW","","Norfolk","NR25 7EL","","","🗺️"
"UKBOTA","223","B/G-2658","Bombing decoy bunker, Heswall","WW2 Bunker","53.34156","-3.13598","IO83KI","","Cheshire","CH61 0HN","","","🗺️"
"UKBOTA","223","B/G-2659","Bombing decoy bunker, Hoylake","WW2 Bunker","53.38188","-3.15644","IO83KJ","","Cheshire","CH48 1RB","","","🗺️"
"UKBOTA","223","B/G-2660","Bombing decoy bunker, Moreton","WW2 Bunker","53.40523","-3.14371","IO83KJ","","Cheshire","CH47 8AB","","","🗺️"
"UKBOTA","223","B/G-2661","Bombing decoy bunker, Formby","WW2 Bunker","53.54108","-3.08306","IO83LM","","Lancashire","L37 2HU","","","🗺️"
"UKBOTA","223","B/G-2662","Bombing decoy bunker, Great Altcar","WW2 Bunker","53.56388","-3.01138","IO83LN","","Lancashire","L39 7JT","","","🗺️"
"UKBOTA","223","B/G-2663","Bombing decoy bunker, Holywellhyde","WW2 Bunker","51.79267","-0.16639","IO91WT","","Hertfordshire","AL7 2HT","","","🗺️"
"UKBOTA","223","B/G-2664","Bombing decoy bunker, Harty Ferry","WW2 Bunker","51.35629","0.89214","JO01KI","","Kent","ME12 4BQ","","","🗺️"
"UKBOTA","223","B/G-2665","Bombing decoy bunker, Allhallows, Isle of Grain","WW2 Bunker","51.46575","0.66689","JO01IL","","Kent","ME3 9TR","","","🗺️"
"UKBOTA","223","B/G-2666","Polebrook Airfield Blast Shelter cluster","Cold War Bunker","52.47959","-0.39720","IO92TL","","Northamptonshire","PE8 5LZ","","","🗺️"
"UKBOTA","223","B/G-2667","Bombing decoy bunker, Huttoft","WW2 Bunker","53.26891","0.28781","JO03DG","","Lincolnshire","LN13 9RW","","","🗺️"
"UKBOTA","223","B/G-2668","Coastal Defence Bunker, Runswick Bay","Pillbox","54.52867","-0.74550","IO94PM","","North Riding","TS13 5HT","","","🗺️"
"UKBOTA","223","B/G-2669","A two story pillbox on Leeds Liverpool canal","Pillbox","53.59982","-2.90254","IO83NO","","Lancashire","L40 8JG","","","🗺️"
"UKBOTA","223","B/G-2670","Bombing decoy bunker, Withington","WW2 Bunker","52.72313","-2.66827","IO82PR","","Shropshire","SY4 4PW","","","🗺️"
"UKBOTA","223","B/G-2671","Bombing decoy bunker, Burton Marsh","WW2 Bunker","53.26997","-3.05911","IO83LG","","Cheshire","CH64 0TG","","","🗺️"
"UKBOTA","223","B/G-2672","Bombing decoy bunker, Colan","WW2 Bunker","50.39368","-4.99469","IO70MJ","","Cornwall","TR8 4LZ","","","🗺️"
"UKBOTA","223","B/G-2673","Bombing decoy bunker, Kirby le Soken","Pillbox","51.86964","1.22176","JO01OU","","Essex","CO13 0EZ","","","🗺️"
"UKBOTA","223","B/G-2674","RAF Hinton-In-The-Hedges, ground defence cluster","Pillbox","52.03244","-1.21117","IO92JA","","Northamptonshire","NN13 5NS","","","🗺️"
"UKBOTA","223","B/G-2675","RAF Chipping Warden, ground defence bunker","Pillbox","52.13638","-1.27862","IO92ID","","Northamptonshire","OX17 1LH","","","🗺️"
"UKBOTA","223","B/G-2676","Bombing decoy bunker, Beech","WW2 Bunker","52.93475","-2.22234","IO82VW","","Staffordshire","ST4 8SJ","","","🗺️"
"UKBOTA","223","B/G-2677","Bombing decoy bunker, Keele","WW2 Bunker","52.98193","-2.26996","IO82UX","","Staffordshire","ST5 4DS","","","🗺️"
"UKBOTA","223","B/G-2678","Moore HAA Battery ground defence bunker cluster","Pillbox","53.36114","-2.63629","IO83QI","","Cheshire","WA4 6XG","","","🗺️"
"UKBOTA","223","B/G-2679","ROF Birchwood, pillbox","Pillbox","53.42258","-2.52834","IO83RK","","Lancashire","WA3 6ND","","","🗺️"
"UKBOTA","223","B/G-2680","ROF Healey Hall, ground defences bunker cluster","WW2 Bunker","53.63623","-2.18654","IO83VP","","Lancashire","OL12 7JT","","","🗺️"
"UKBOTA","223","B/G-2681","RAF Fairoaks ground defence cluster","Pillbox","51.35058","-0.56456","IO91RI","","Surrey","GU24 8HU","","","🗺️"
"UKBOTA","223","B/G-2682","Coastal Defence Battery, Fort Blockhouse","Coastal Battery","50.78879","-1.11430","IO90KS","","Hampshire","PO12 2AS","","","🗺️"
"UKBOTA","223","B/G-2683","RAF Altrincham pillbox","Pillbox","53.40526","-2.38362","IO83TJ","","Cheshire","WA14 5TW","","","🗺️"
"UKBOTA","223","B/G-2684","Hope Cove pillbox","Pillbox","50.24553","-3.85991","IO80BF","","Devon","TQ7 3HQ","","","🗺️"
"UKBOTA","223","B/G-2685","HMS Deadalus (formerly)","Pillbox","50.81486","-1.19771","IO90JT","","Hampshire","PO13 9GA","","","🗺️"
"UKBOTA","223","B/G-2686","Hms Daedalus (now Solent Airport)","Pillbox","50.81082","-1.19678","IO90JT","","Hampshire","PO13 9JZ","","","🗺️"
"UKBOTA","223","B/G-2687","Brigstock Camp Pillbox cluster","Pillbox","52.46846","-0.62513","IO92QL","","Northamptonshire","NN14 1DY","","","🗺️"
"UKBOTA","223","B/G-2688","Hms Daedalus (now Solent Airport","Air Raid Shelter","50.80978","-1.19750","IO90JT","","Hampshire","PO13 9JZ","","","🗺️"
"UKBOTA","223","B/G-2689","Gun Emplacement bunker, Keal Bank","WW2 Bunker","53.12746","0.02774","JO03AD","","Lincolnshire","PE23 4AL","","","🗺️"
"UKBOTA","223","B/G-2690","Robin Hoods Bay, Section Post bunker","WW2 Bunker","54.41445","-0.52065","IO94RJ","","North Riding","YO13 0NQ","","","🗺️"
"UKBOTA","223","B/G-2691","The Slipway Bar","Pillbox","53.60445","-2.85978","IO83NO","","Lancashire","L40 0RN","","","🗺️"
"UKBOTA","223","B/G-2692","Downholland Cross , on Leeds Liverpool Canal","WW2 Defensive Bunker","53.55434","-2.95896","IO83MN","","Lancashire","L39 7HS","","","🗺️"
"UKBOTA","223","B/G-2693","Cheadle Heath Pillbox","Pillbox","53.39756","-2.20055","IO83VJ","","Cheshire","SK8 2BL","","","🗺️"
"UKBOTA","223","B/G-2694","Samlesbury Aerodrome Pillbox","Pillbox","53.77981","-2.57450","IO83RS","","Lancashire","BB2 7LD","","","🗺️"
"UKBOTA","223","B/G-2695","Leeds & Liverpool Canal Pillbox","Pillbox","53.57174","-2.95572","IO83MN","","Lancashire","L39 7JY","","","🗺️"
"UKBOTA","223","B/G-2696","Auxiliary Unit Operational Base: Saxby all Saints","Civil Defence","53.63491","-0.49664","IO93SP","","Lincolnshire","DN20 0QN","","","🗺️"
"UKBOTA","223","B/G-2697","Auxiliary Unit Operational Base: Elsham","Civil Defence","53.60443","-0.44160","IO93SO","","Lincolnshire","DN20 0PH","","","🗺️"
"UKBOTA","223","B/G-2698","Auxiliary Unit Operational Base: Worlaby","Civil Defence","53.61266","-0.46677","IO93SO","","Lincolnshire","DN20 0NH","","","🗺️"
"UKBOTA","223","B/G-2699","Auxiliary Unit Operational Base: Great Limber","Civil Defence","53.54717","-0.33523","IO93TN","","Lincolnshire","DN38 6AG","","","🗺️"
"UKBOTA","223","B/G-2700","Witney Pillbox Cluster","Pillbox","51.78531","-1.47757","IO91GS","","Oxfordshire","OX28 3LA","","","🗺️"
"UKBOTA","223","B/G-2701","Barton-upon-Humber Civil Air Raid Shelter","Air Raid Shelter","53.68543","-0.44490","IO93SQ","","Lincolnshire","DN18 5PZ","","","🗺️"
"UKBOTA","223","B/G-2702","South Ferriby Pillbox","Pillbox","53.67736","-0.53049","IO93RQ","","Lincolnshire","DN18 6JL","","","🗺️"
"UKBOTA","223","B/G-2703","Auxiliary Unit Operational Base: Great Limber South","Civil Defence","53.53187","-0.27843","IO93UM","","Lincolnshire","DN37 8LZ","","","🗺️"
"UKBOTA","223","B/G-2704","Auxiliary Unit Operational Base: Caistor Alternative","Civil Defence","53.52404","-0.30908","IO93UM","","Lincolnshire","LN7 6RR","","","🗺️"
"UKBOTA","223","B/G-2705","Auxiliary Unit Operational Base: Fonaby Top","Civil Defence","53.51628","-0.29890","IO93UM","","Lincolnshire","LN7 6RP","","","🗺️"
"UKBOTA","223","B/G-2706","Auxiliary Unit Operational Base: Swallow","Civil Defence","53.52332","-0.23711","IO93VM","","Lincolnshire","LN7 6DW","","","🗺️"
"UKBOTA","223","B/G-2707","Auxiliary Unit Operational Base","Civil Defence","53.67053","-0.47735","IO93SQ","","Lincolnshire","DN18 5SG","","","🗺️"
"UKBOTA","223","B/G-2708","RAF Goxhill Dispersed Site #4","Air Raid Shelter","53.66323","-0.33274","IO93UP","","Lincolnshire","DN19 7LP","","","🗺️"
"UKBOTA","223","B/G-2709","Stanton Shelter, Immingham","Air Raid Shelter","53.64941","-0.21929","IO93VP","","Lincolnshire","DN40 3ED","","","🗺️"
"UKBOTA","223","B/G-2710","RAF Goxhill QF bombing decoy shelter","Air Raid Shelter","53.69031","-0.28097","IO93UQ","","Lincolnshire","DN19 7NG","","","🗺️"
"UKBOTA","223","B/G-2711","Stanton Shelter, Kirmington","Air Raid Shelter","53.58669","-0.31972","IO93UO","","Lincolnshire","DN39 6YF","","","🗺️"
"UKBOTA","223","B/G-2712","RAF Kirmington Dispersed site NO.1","Air Raid Shelter","53.58219","-0.31653","IO93UN","","Lincolnshire","DN39 6YF","","","🗺️"
"UKBOTA","223","B/G-2713","Stanton Shelter, Kirmington","Air Raid Shelter","53.58214","-0.32284","IO93UN","","Lincolnshire","DN39 6YF","","","🗺️"
"UKBOTA","223","B/G-2714","RAF Kirmington Dispersed site NO.5","Air Raid Shelter","53.58568","-0.31487","IO93UO","","Lincolnshire","DN39 6YF","","","🗺️"
"UKBOTA","223","B/G-2715","Civil Air Raid Shelter, Healing","Air Raid Shelter","53.57569","-0.17426","IO93VN","","Lincolnshire","DN41 7QG","","","🗺️"
"UKBOTA","223","B/G-2716","Alkborough Range Observation Post #1","Observation Post","53.69814","-0.65523","IO93QQ","","Lincolnshire","DN15 9FF","","","🗺️"
"UKBOTA","223","B/G-2717","Alkborough Range Observation Post #2","Observation Post","53.68980","-0.66202","IO93QQ","","Lincolnshire","DN15 9FF","","","🗺️"
"UKBOTA","223","B/G-2718","Firewatchers Post","Observation Post","50.83118","-1.34956","IO90HT","","Hampshire","SO45 1FY","","","🗺️"
"UKBOTA","223","B/G-2719","Stanton Shelter, Beaulieu Heath","Air Raid Shelter","50.80900","-1.52363","IO90FT","","Hampshire","SO41 8PH","","","🗺️"
"UKBOTA","223","B/G-2720","The St. Juliot Auxiliary Unit","Other","50.69121","-4.63938","IO70QQ","","Cornwall","PL35 0BS","","","🗺️"
"UKBOTA","223","B/G-2721","Hartland point Harland","Air Raid Shelter","51.01956","-4.51901","IO71RA","","Devon","EX39 6AX","","","🗺️"
"UKBOTA","223","B/G-2722","Bignold School WW2 air raid shelter","Air Raid Shelter","52.62442","1.28677","JO02PO","","Norfolk","NR2 2SY","","","🗺️"
"UKBOTA","223","B/G-2723","Station Z Air Ministry Citadel, Harrow","WW2 Bunker","51.59547","-0.34389","IO91TO","","Middlesex","HA1 4LW","","","🗺️"
"UKBOTA","223","B/G-2724","Salters lode Pillbox Cluster","Pillbox","52.58777","0.32756","JO02DO","","Norfolk","PE38 0BE","","","🗺️"
"UKBOTA","223","B/G-2725","Walpole Cross Keys","Pillbox","52.77339","0.23548","JO02CS","","Norfolk","PE34 4HJ","","","🗺️"
"UKBOTA","223","B/G-2726","Terrington St Clement Pillbox Cluster","Pillbox","52.79554","0.27397","JO02DT","","Norfolk","PE34 4JW","","","🗺️"
"UKBOTA","223","B/G-2727","Moulton Marsh Pillbox 1","Pillbox","52.88429","0.02317","JO02AV","","Lincolnshire","PE12 8HB","","","🗺️"
"UKBOTA","223","B/G-2728","Moulton Marsh Pillbox 2","Pillbox","52.88004","0.00460","JO02AV","","Lincolnshire","PE12 8HD","","","🗺️"
"UKBOTA","223","B/G-2729","Hawks Brow pillbox cluster","Pillbox","50.76432","0.11394","JO00BS","","Sussex","BN25 1BG","","","🗺️"
"UKBOTA","223","B/G-2730","Coastal artillery battery, Newhaven","WW2 Bunker","50.78223","0.05022","JO00AS","","Sussex","BN9 9DS","","","🗺️"
"UKBOTA","223","B/G-2731","Chaffcombe Lane Pillbox","Pillbox","50.88819","-2.94117","IO80MV","","Somerset","TA20 1RR","","","🗺️"
"UKBOTA","223","B/G-2732","The Drift, Horn Moor Pillbox","Pillbox","50.85786","-2.93437","IO80MU","","Somerset","TA20 4HD","","","🗺️"
"UKBOTA","223","B/G-2733","Coastal artillery battery, Hurst Point","WW2 Bunker","50.70635","-1.55431","IO90FQ","","Hampshire","PO40 9TB","","","🗺️"
"UKBOTA","223","B/G-2734","Longleat pillbox","Pillbox","51.17622","-2.26741","IO81UE","","Wiltshire","BA12 7NG","","","🗺️"
"UKBOTA","223","B/G-2735","Nock pillbox","Pillbox","51.17435","-2.23889","IO81VE","","Wiltshire","BA12 7LA","","","🗺️"
"UKBOTA","223","B/G-2736","Southleigh Wood pillbox cluster","Pillbox","51.17555","-2.17969","IO81VE","","Wiltshire","BA12 7BP","","","🗺️"
"UKBOTA","223","B/G-2737","South Newton pillbox","Pillbox","51.11107","-1.88107","IO91BC","","Wiltshire","SP2 0QJ","","","🗺️"
"UKBOTA","223","B/G-2738","Great Lea Common machine gun bunker","WW2 Bunker","51.41158","-0.97402","IO91MJ","","Berkshire","RG7 1NR","","","🗺️"
"UKBOTA","223","B/G-2739","Shotley Point air raid shelter","Air Raid Shelter","51.95896","1.27558","JO01PX","","Suffolk","IP9 1QJ","","","🗺️"
"UKBOTA","223","B/G-2740","Pear Tree Farm pillbox","Pillbox","51.98083","1.23143","JO01OX","","Suffolk","IP9 1EY","","","🗺️"
"UKBOTA","223","B/G-2741","Akeld pillbox","Pillbox","55.56118","-2.07129","IO85XN","","Northumberland","NE71 6TA","","","🗺️"
"UKBOTA","223","B/G-2742","Wooler pillbox cluster","Pillbox","55.54594","-2.02707","IO85XN","","Northumberland","NE71 6ED","","","🗺️"
"UKBOTA","223","B/G-2743","Weetwood Moor pillbox cluster","Pillbox","55.55152","-1.99006","IO95AN","","Northumberland","NE71 6AQ","","","🗺️"
"UKBOTA","223","B/G-2744","Highcairn pillbox cluster","Pillbox","55.53032","-1.97115","IO95AM","","Northumberland","NE71 6QT","","","🗺️"
"UKBOTA","223","B/G-2745","Old Hewick pillbox cluster","Pillbox","55.48808","-1.88135","IO95BL","","Northumberland","NE66 4DZ","","","🗺️"
"UKBOTA","223","B/G-2746","Elingham pillbox cluster","Pillbox","55.47013","-1.83438","IO95BL","","Northumberland","NE66 2DU","","","🗺️"
"UKBOTA","223","B/G-2747","Beachley Point, coastal defence bunkers (cluster)","WW2 Coastal Defence Bunker","51.60954","-2.65270","IO81QO","","Gloucestershire","NP16 7HR","","","🗺️"
"UKBOTA","223","B/G-2748","RAF Spilsby WW2 Blast Shelter Cluster","WW2 Bunker","53.16133","0.14647","JO03BD","","Lincolnshire","PE23 5PS","","","🗺️"
"UKBOTA","223","B/G-2749","Stanton Shelter, RAF Spilsby","Air Raid Shelter","53.16304","0.15151","JO03BD","","Lincolnshire","PE23 5PS","","","🗺️"
"UKBOTA","223","B/G-2750","Fort Southwick Nato Communications Centre","WW2 Bunker","50.85814","-1.10882","IO90KU","","Hampshire","PO17 6AR","","","🗺️"
"UKBOTA","223","B/G-2751","Pillbox Cluster, Warton","Pillbox Cluster","53.75433","-2.89274","IO83NS","","Lancashire","PR4 1XT","","","🗺️"
"UKBOTA","223","B/G-2752","Coastal defence bunker, Man O' War Cove","Pillbox","50.62153","-2.27539","IO80UO","","Dorset","","","","🗺️"
"UKBOTA","223","B/G-2753","Pillbox cluster, Lulworth Cove","Pillbox","50.61776","-2.25006","IO80UO","","Dorset","BH20 5RH","","","🗺️"
"UKBOTA","223","B/G-2754","Coastal Artillery Battery, Bran Point","WW2 Bunker","50.63335","-2.36707","IO80TP","","Dorset","DT3 6HJ","","","🗺️"
"UKBOTA","223","B/G-2755","Fort Purbrook","WW2 Bunker","50.85350","-1.03765","IO90LU","","Hampshire","PO6 1BJ","","","🗺️"
"UKBOTA","223","B/G-2756","Fort Nelson","WW2 Bunker","50.86085","-1.13879","IO90KU","","Hampshire","PO17 6AN","","","🗺️"
"UKBOTA","223","B/G-2757","Chale Markers Shelter","Observation Post","50.59820","-1.32979","IO90IO","","Hampshire","PO38 2JE","","","🗺️"
"UKBOTA","223","B/G-2758","St Helens Fort","Military Bunker","50.70506","-1.08407","IO90KQ","","Hampshire","","","","🗺️"
"UKBOTA","223","B/G-2759","Civil air raid shelter, Portsea","Air Raid Shelter","50.78603","-1.16200","IO90KS","","Hampshire","PO12 2QT","","","🗺️"
"UKBOTA","223","B/G-2760","Pillbox, Fort Brockhurst","Pillbox","50.81340","-1.15644","IO90KT","","Hampshire","PO12 4BJ","","","🗺️"
"UKBOTA","223","B/G-2761","Caistor OB, Hundon Manor","Civil Defence","53.50729","-0.31914","IO93UM","","Lincolnshire","LN7 6RX","","","🗺️"
"UKBOTA","223","B/G-2762","LAA Battery, Warton","Anti Aircraft Battery","53.75488","-2.89880","IO83NS","","Lancashire","PR4 1FR","","","🗺️"
"UKBOTA","223","B/G-2763","Pillbox Cluster 1, Alver Valley","Pillbox","50.80014","-1.17531","IO90JT","","Hampshire","PO13 8DR","","","🗺️"
"UKBOTA","223","B/G-2764","Pillbox Cluster 2, Alver Valley","Pillbox","50.80836","-1.18105","IO90JT","","Hampshire","PO13 9TN","","","🗺️"
"UKBOTA","223","B/G-2765","Fort Monckton Coastal artillery battery","Coastal Defence","50.77703","-1.13214","IO90KS","","Hampshire","PO12 2AT","","","🗺️"
"UKBOTA","223","B/G-2766","Stambourne Decoy Airfield bunker","WW2 Bunker","52.02613","0.51582","JO02GA","","Essex","CO9 4PH","","","🗺️"
"UKBOTA","223","B/G-2767","Pillbox cluster, Garston Manor","Pillbox","51.70182","-0.38907","IO91TQ","","Hertfordshire","WD25 0UU","","","🗺️"
"UKBOTA","223","B/G-2768","Latimer Pillbox","Pillbox","51.68986","-0.55473","IO91RQ","","Buckinghamshire","HP5 1UQ","","","🗺️"
"UKBOTA","223","B/G-2769","RAF Cheddington blast shelter cluster","WW2 Bunker","51.82944","-0.67570","IO91PT","","Buckinghamshire","HP23 4FE","","","🗺️"
"UKBOTA","223","B/G-2770","Breckles Decoy Airfield","Decoy","52.51468","0.88247","JO02KM","","Norfolk","NR17 1EW","","","🗺️"
"UKBOTA","223","B/G-2771","Kelling Decoy Airfield","Decoy","52.94570","1.09958","JO02NW","","Norfolk","NR25 7XL","","","🗺️"
"UKBOTA","223","B/G-2772","Air raid shelter, Titchfield","Air Raid Shelter","50.86200","-1.24192","IO90JU","","Hampshire","PO15 5AS","","","🗺️"
"UKBOTA","223","B/G-2773","Pillbox cluster, Hayling Island","Pillbox","50.81038","-0.98358","IO90MT","","Hampshire","PO11 0JA","","","🗺️"
"UKBOTA","223","B/G-2774","Civil Air Raid Shelter, Cirencester","Air Raid Shelter","51.71522","-1.97039","IO91AR","","Gloucestershire","GL7 1QW","","","🗺️"
"UKBOTA","223","B/G-2775","Uxbridge UNITER communications bunker","Cold War Bunker","51.54127","-0.46527","IO91SM","","Middlesex","UB10 0GG","","","🗺️"
"UKBOTA","223","B/G-2776","Vickers Machine Gun Pillboxes (2)","Coastal Defence","52.96113","0.84625","JO02KX","","Norfolk","NR23 1FD","","","🗺️"
"UKBOTA","223","B/G-2777","Rawcliffe Bridge UNITER communications bunker","Cold War Bunker","53.68655","-0.94780","IO93MQ","","West Riding","DN14 8PD","","","🗺️"
"UKBOTA","223","B/G-2778","RAF Cranwell UNITER communications bunker","Cold War Bunker","53.03317","-0.49206","IO93SA","","Lincolnshire","NG34 8HD","","","🗺️"
"UKBOTA","223","B/G-2779","Pillbox cluster, Ashley Heath","Pillbox","50.84216","-1.81078","IO90CU","","Hampshire","BH24 2NN","","","🗺️"
"UKBOTA","223","B/G-2780","Section post bunker, Wick","WW2 Bunker","50.98895","-1.75927","IO90CX","","Wiltshire","SP5 3HW","","","🗺️"
"UKBOTA","223","B/G-2781","Bemerton Pillbox","Pillbox","51.07577","-1.83329","IO91CB","","Wiltshire","SP2 9NA","","","🗺️"
"UKBOTA","223","B/G-2782","Boyton Pillbox","Pillbox","51.15957","-2.06714","IO81XD","","Wiltshire","BA12 0FB","","","🗺️"
"UKBOTA","223","B/G-2783","Knook Pillbox","Pillbox","51.17400","-2.08951","IO81WE","","Wiltshire","BA12 0JG","","","🗺️"
"UKBOTA","223","B/G-2784","Calshot Cemetery air raid shelters (2)","Air Raid Shelter","50.80959","-1.32553","IO90IT","","Hampshire","SO45 1BY","","","🗺️"
"UKBOTA","223","B/G-2785","Nothe Fort","Nuclear Bunker","50.60743","-2.44380","IO80SO","","Dorset","DT4 8UF","","","🗺️"
"UKBOTA","223","B/G-2786","Marlborough Mini Pillbox","Pillbox","51.42222","-1.73007","IO91DK","","Wiltshire","SN8 1HU","","","🗺️"
"UKBOTA","223","B/G-2787","RAF Spadeadam: Blue Streak Underground Launcher Facility","IRBM","55.05740","-2.58400","IO85QB","","Cumberland","","","","🗺️"
"UKBOTA","223","B/G-2788","Otterspool House pillbox","Pillbox","51.67737","-0.37012","IO91TQ","","Hertfordshire","WD25 8AX","","","🗺️"
"UKBOTA","223","B/G-2789","Wall Hall pillbox","Pillbox","51.68228","-0.36778","IO91TQ","","Hertfordshire","WD25 8AX","","","🗺️"
"UKBOTA","223","B/G-2790","Radlett Aerodrome pillbox","Pillbox","51.70444","-0.33161","IO91UQ","","Hertfordshire","AL2 2EN","","","🗺️"
"UKBOTA","223","B/G-2791","Shenley pillbox cluster","Pillbox","51.68540","-0.27768","IO91UQ","","Hertfordshire","WD7 9EP","","","🗺️"
"UKBOTA","223","B/G-2792","Pursley Wood pillbox","Pillbox","51.68807","-0.26369","IO91UQ","","Hertfordshire","WD6 5PH","","","🗺️"
"UKBOTA","223","B/G-2793","Ridge pillbox","Pillbox","51.68905","-0.24433","IO91VQ","","Hertfordshire","EN6 3LP","","","🗺️"
"UKBOTA","223","B/G-2794","Stokers Farm pillbox","Pillbox","51.62933","-0.48042","IO91SP","","Hertfordshire","WD3 1NZ","","","🗺️"
"UKBOTA","223","B/G-2795","RAF Booker pillbox #1","Pillbox","51.61402","-0.80437","IO91OO","","Buckinghamshire","HP12 4QT","","","🗺️"
"UKBOTA","223","B/G-2796","RAF Booker pillbox #2","Pillbox","51.60483","-0.80056","IO91OO","","Buckinghamshire","SL7 3DH","","","🗺️"
"UKBOTA","223","B/G-2797","Yiewsley Moor pillbox #1","Pillbox","51.51552","-0.49167","IO91SM","","Buckinghamshire","SL0 9LL","","","🗺️"
"UKBOTA","223","B/G-2798","Yiewsley Moor pillbox #2","Pillbox","51.51685","-0.48393","IO91SM","","Middlesex","UB8 2JJ","","","🗺️"
"UKBOTA","223","B/G-2799","Bofors gun bunker, Ruislip Manor","WW2 Bunker","51.56954","-0.41560","IO91TN","","Middlesex","HA4 6AH","","","🗺️"
"UKBOTA","223","B/G-2800","Edenhall field gun bunker","WW2 Bunker","54.69086","-2.67554","IO84PQ","","Cumberland","CA11 8SY","","","🗺️"
"UKBOTA","223","B/G-2801","Newby East pillbox","Pillbox","54.91702","-2.81744","IO84OW","","Cumberland","CA4 8QX","","","🗺️"
"UKBOTA","223","B/G-2802","Brampton pillbox","Pillbox","54.93859","-2.72798","IO84PW","","Cumberland","CA8 1TU","","","🗺️"
"UKBOTA","223","B/G-2803","West Mooorhouses pillbox","Pillbox","55.02057","-1.93212","IO95AA","","Northumberland","NE20 0RG","","","🗺️"
"UKBOTA","223","B/G-2804","Ryal pillbox","Pillbox","55.06364","-1.97938","IO95AB","","Northumberland","NE20 0RN","","","🗺️"
"UKBOTA","223","B/G-2805","Molesdon pillbox #1","Pillbox","55.15278","-1.78185","IO95CD","","Northumberland","NE61 3QQ","","","🗺️"
"UKBOTA","223","B/G-2806","Molesdon pillbox #2","Pillbox","55.15863","-1.75871","IO95CD","","Northumberland","NE61 3QT","","","🗺️"
"UKBOTA","223","B/G-2807","Mitford pillbox #1","Pillbox","55.16321","-1.73696","IO95DD","","Northumberland","NE61 3PZ","","","🗺️"
"UKBOTA","223","B/G-2808","Mitford pillbox #2","Pillbox","55.16581","-1.73011","IO95DD","","Northumberland","NE61 3PL","","","🗺️"
"UKBOTA","223","B/G-2809","Mitford pillbox #3","Pillbox","55.17003","-1.72655","IO95DE","","Northumberland","NE61 3PN","","","🗺️"
"UKBOTA","223","B/G-2810","Mitford pillbox #4","Pillbox","55.17534","-1.72341","IO95DE","","Northumberland","NE61 3RZ","","","🗺️"
"UKBOTA","223","B/G-2811","Morpeth pillbox #1","Pillbox","55.18287","-1.70425","IO95DE","","Northumberland","NE61 3JX","","","🗺️"
"UKBOTA","223","B/G-2812","Bothall pillbox #1","Pillbox","55.16939","-1.63174","IO95EE","","Northumberland","NE61 6SP","","","🗺️"
"UKBOTA","223","B/G-2813","Bothall pillbox #2","Pillbox","55.17727","-1.61828","IO95EE","","Northumberland","NE61 6QL","","","🗺️"
"UKBOTA","223","B/G-2814","Longhirst Colliery pillbox","Pillbox","55.19861","-1.63141","IO95EE","","Northumberland","NE61 3ND","","","🗺️"
"UKBOTA","223","B/G-2815","Coastal defence, Newbiggin","Coastal Defence","55.17549","-1.51444","IO95FE","","Northumberland","NE64 6XQ","","","🗺️"
"UKBOTA","223","B/G-2816","Field gun bunker, Newbiggin","WW2 Bunker","55.18623","-1.50102","IO95FE","","Northumberland","NE64 6DP","","","🗺️"
"UKBOTA","223","B/G-2817","Harbour command post bunker, Blyth","WW2 Bunker","55.11928","-1.49321","IO95GC","","Northumberland","NE24 3PB","","","🗺️"
"UKBOTA","223","B/G-2818","Blyth promenade pillbox","Pillbox","55.11271","-1.49873","IO95GC","","Northumberland","NE24 3PG","","","🗺️"
"UKBOTA","223","B/G-2819","Coastal battery bunker, Blyth","WW2 Bunker","55.10719","-1.49847","IO95GC","","Northumberland","NE24 3PQ","","","🗺️"
"UKBOTA","223","B/G-2820","HAA battery bunker, Blyth","WW2 Bunker","55.09982","-1.49944","IO95GC","","Northumberland","NE24 3PH","","","🗺️"
"UKBOTA","223","B/G-2821","St. Mary's Island pillbox","Pillbox","55.07178","-1.44997","IO95GB","","Northumberland","NE26 4RS","","","🗺️"
"UKBOTA","223","B/G-2822","Ccastal battery bunker, Tynemouth","WW2 Bunker","55.01776","-1.41650","IO95HA","","Northumberland","NE30 4BZ","","","🗺️"
"UKBOTA","223","B/G-2823","Scarborough North Cliff pillbox","Pillbox","54.29853","-0.41524","IO94TH","","North Riding","YO12 6PW","","","🗺️"
"UKBOTA","223","B/G-2824","Eastney Fort pillbox #1","Pillbox","50.78330","-1.05762","IO90LS","","Hampshire","PO4 9YB","","","🗺️"
"UKBOTA","223","B/G-2825","Eastney Fort battery bunker","WW2 Bunker","50.78492","-1.05083","IO90LS","","Hampshire","PO4 9PX","","","🗺️"
"UKBOTA","223","B/G-2826","Eastney Fort pillbox #2","Pillbox","50.78579","-1.04473","IO90LS","","Hampshire","PO4 9ND","","","🗺️"
"UKBOTA","223","B/G-2827","Eastney coastal defence battery bunker","WW2 Bunker","50.78860","-1.03151","IO90LS","","Hampshire","PO4 9LD","","","🗺️"
"UKBOTA","223","B/G-2828","HAA artillery bunker, Hayling","WW2 Bunker","50.78991","-1.00970","IO90LS","","Hampshire","PO11 0BY","","","🗺️"
"UKBOTA","223","B/G-2829","Clifton Pillbox WW2","Pillbox","53.52023","-2.31165","IO83UM","","Lancashire","M27 8LN","","","🗺️"
"UKBOTA","223","B/G-2830","Civil air raid shelter cluster, Stubbington","Air Raid Shelter","50.82397","-1.21253","IO90JT","","Hampshire","PO14 2AS","","","🗺️"
"UKBOTA","223","B/G-2831","Pillbox Cluster, Hardway","Pillbox","50.80728","-1.12891","IO90KT","","Hampshire","PO12 4FW","","","🗺️"
"UKBOTA","223","B/G-2832","Defence Munitions, Gosport","Ammo Depot","50.83106","-1.15547","IO90KT","","Hampshire","PO13 0BB","","","🗺️"
"UKBOTA","223","B/G-2833","RAF Henlow pillbox cluster (Lower Stondon)","Pillbox","52.00846","-0.31251","IO92UA","","Bedfordshire","SG16 6GR","","","🗺️"
"UKBOTA","223","B/G-2834","RAF Henlow pillbox cluster (Clifton)","Pillbox","52.02596","-0.30442","IO92UA","","Bedfordshire","SG17 5JJ","","","🗺️"
"UKBOTA","223","B/G-2835","Pillbox cluster, Barton-le-Clay","Pillbox","51.96904","-0.44782","IO91SX","","Bedfordshire","MK45 4SE","","","🗺️"
"UKBOTA","223","B/G-2836","High Down Rocket Test Site","Intermediate Range Ballistic Missile Site","50.66133","-1.57787","IO90FP","","Hampshire","PO39 0JH","","","🗺️"
"UKBOTA","223","B/G-2837","Gosport Armament Depot Pillbox Cluster","Pillbox","50.82005","-1.14291","IO90KT","","Hampshire","PO12 4BF","","","🗺️"
"UKBOTA","223","B/G-2838","RAF Cottesmore Cold War Bomb Stores","Bomb Store","52.73785","-0.66342","IO92QR","","Rutland","","","","🗺️"
"UKBOTA","223","B/G-2839","Wickham Pillbox","Pillbox","54.95688","-1.65460","IO94EW","","Durham","NE11 9HU","","","🗺️"
"UKBOTA","223","B/G-2840","Wylam Pillbox","Pillbox","54.98043","-1.82044","IO94CX","","Northumberland","NE41 8EZ","","","🗺️"
"UKBOTA","223","B/G-2841","Stocksfield Pillbox","Pillbox","54.95136","-1.92075","IO94AW","","Northumberland","NE43 7AB","","","🗺️"
"UKBOTA","223","B/G-2842","RAF Usworth","Airfield Battle Headquart","54.92335","-1.47080","IO94GW","","Durham","SR5 3HE","","","🗺️"
"UKBOTA","223","B/G-2843","Fulwell Acoustic Mirror WW1 Listening Station","Observation Post","54.92964","-1.39389","IO94HW","","Durham","SR5 1SJ","","","🗺️"
"UKBOTA","223","B/G-2844","Heavy Anti-Aircraft Battery Lizzard Lane","Anti-Aircraft Battery","54.96666","-1.37515","IO94HX","","Durham","SR6 7NN","","","🗺️"
"UKBOTA","223","B/G-2845","Somerleyton Auxilary OB","AUX","52.51536","1.66031","JO02TM","","Suffolk","NR32 5QJ","","","🗺️"
"UKBOTA","223","B/G-2846","St Oalves Auxilary OB","AUX","52.53228","1.63168","JO02TM","","Suffolk","NR31 9HL","","","🗺️"
"UKBOTA","223","B/G-2847","Happisburgh Auxilary OB","AUX","52.82794","1.42883","JO02RT","","Norfolk","NR28 9SP","","","🗺️"
"UKBOTA","223","B/G-2848","South Walsham Auxilary OB","AUX","52.66871","1.49778","JO02RQ","","Norfolk","NR13 6EF","","","🗺️"
"UKBOTA","223","B/G-2849","Brean Down Coastal Artillery Battery","Coastal Defence","51.32822","-3.03480","IO81LH","","Somerset","","","","🗺️"
"UKBOTA","223","B/G-2850","Browndown Coastal Defense Battery","Coastal Defence","50.78701","-1.17480","IO90JS","","Hampshire","PO13 9BE","","","🗺️"
"UKBOTA","223","B/G-2851","Pinks Hill Pillbox","Pillbox","50.85582","-1.16438","IO90KU","","Hampshire","PO16 8UH","","","🗺️"
"UKBOTA","223","B/G-2852","Hamble Point AA Battery","Anti-Aircraft Battery","50.85048","-1.31572","IO90IU","","Hampshire","SO31 4JD","","","🗺️"
"UKBOTA","223","B/G-2853","Redend Point OB (Fort Henry)","Observation Post","50.64525","-1.94787","IO90AP","","Dorset","BH19 3AX","","","🗺️"
"UKBOTA","223","B/G-2854","Studland OP","Observation Post","50.65606","-1.96232","IO90AP","","Dorset","BH19 3AH","","","🗺️"
"UKBOTA","223","B/G-2855","Mersea Coastal OP","Observation Post","51.80103","1.01982","JO01MT","","Essex","CO16 8GT","","","🗺️"
"UKBOTA","223","B/G-2856","Bawdsey Artillery OP","Observation Post","51.98953","1.39952","JO01QX","","Suffolk","IP12 3AY","","","🗺️"
"UKBOTA","223","B/G-2857","RAF Oakington Pillbox cluster","Ground Defence","52.27435","0.07545","JO02AG","","Cambridgeshire","CB24 3AR","","","🗺️"
"UKBOTA","223","B/G-2858","Eastbourne Coast Artillery Battery OP","Observation Post","50.80741","0.34447","JO00ET","","Sussex","BN24 6BU","","","🗺️"
"UKBOTA","223","B/G-2859","Braunton Coast Artillery Battery OP","Observation Post","51.06040","-4.17827","IO71VB","","Devon","EX39 4LF","","","🗺️"
"UKBOTA","223","B/G-2860","Upnor OP","Observation Post","51.40746","0.52692","JO01GJ","","Kent","ME2 4WX","","","🗺️"
"UKBOTA","223","B/G-2861","Bidston Tunnels Mass Air Raid Shelter","Air Raid Shelter","53.40380","-3.07241","IO83LJ","","Cheshire","CH43 7QY","","","🗺️"
"UKBOTA","223","B/G-2862","Bofors Gun Tower","Anti-Aircraft Battery","50.85547","-1.30740","IO90IU","","Hampshire","SO31 9FR","","","🗺️"
"UKBOTA","223","B/G-2863","Brassington World War Two Observation Post","Observation Post","53.09406","-1.66255","IO93EC","","Derbyshire","DE4 4HN","","","🗺️"
"UKBOTA","223","B/G-2864","Hetton le Hole Auxiliary Unit OB","AUX","54.83402","-1.45000","IO94GU","","Durham","DH5 9AZ","","","🗺️"
"UKBOTA","223","B/G-2865","Haswell Auxiliary Unit OB","AUX","54.79586","-1.43566","IO94GT","","Durham","DH6 2AA","","","🗺️"
"UKBOTA","223","B/G-2866","Washington Auxiliary Unit OB","AUX","54.88405","-1.50805","IO94FV","","Durham","NE38 0RB","","","🗺️"
"UKBOTA","223","B/G-2867","Birtley Auxiliary Unit OB","AUX","54.88884","-1.60406","IO94EV","","Durham","DH2 1TP","","","🗺️"
"UKBOTA","223","B/G-2868","Kibblesworth Auxiliary Unit OB","AUX","54.89829","-1.66431","IO94EV","","Durham","NE16 5EH","","","🗺️"
"UKBOTA","223","B/G-2869","Sutterby Aux OB","AUX","53.23082","0.06150","JO03AF","","Lincolnshire","LN11 8RD","","","🗺️"
"UKBOTA","223","B/G-2870","Newford Island Pillbox","Pillbox","49.92084","-6.30865","IN69UW","","Cornwall","TR21 0NE","","","🗺️"
"UKBOTA","223","B/G-2871","Well Auxiliary Unit OB","AUX","53.23877","0.14961","JO03BF","","Lincolnshire","","","","🗺️"
"UKBOTA","223","B/G-2872","Pillbox, Pendrathen","Pillbox","49.93573","-6.30022","IN69UW","","Cornwall","TR21 0NS","","","🗺️"
"UKBOTA","223","B/G-2873","Pillbox, Porth Hellick","Pillbox","49.91647","-6.28682","IN69UV","","Cornwall","TR21 0NZ","","","🗺️"
"UKBOTA","223","B/G-2874","Pillbox, Tolman Point","Pillbox","49.91042","-6.29723","IN69UV","","Cornwall","TR21 0NJ","","","🗺️"
"UKBOTA","223","B/G-2875","Pillbox Cluster, Old Town Beach","Pillbox","49.91233","-6.30117","IN69UV","","Cornwall","TR21 0PA","","","🗺️"
"UKBOTA","223","B/G-2876","RAF Scampton UNITER Communications Bunker","Communications","53.30259","-0.54397","IO93RH","","Lincolnshire","LN1 2ST","","","🗺️"
"UKBOTA","223","B/G-2877","Rand Q Decoy Airfield","Decoy","53.30197","-0.30089","IO93UH","","Lincolnshire","LN8 5LE","","","🗺️"
"UKBOTA","223","B/G-2878","Halnaker Windmill","Observation Post","50.87926","-0.69259","IO90PV","","Sussex","PO18 0LX","","","🗺️"
"UKBOTA","223","B/G-2879","North Cotes HAA Battery","Anti-Aircraft Battery","53.49443","0.06209","JO03AL","","Lincolnshire","DN36 5UU","","","🗺️"
"UKBOTA","223","B/G-2880","Queen Margaret's Defence Pillbox","Pillbox","54.26520","-0.41263","IO94TG","","North Riding","YO11 2YH","","","🗺️"
"UKBOTA","223","B/G-2881","Seamer Road Air Raid Shelter","Air Raid Shelter","54.26328","-0.41549","IO94TG","","North Riding","YO12 4HQ","","","🗺️"
"UKBOTA","223","B/G-2882","Landgard Fort, Felixstowe","Coastal Defence","51.93886","1.32069","JO01PW","","Suffolk","IP11 3TW","","","🗺️"
"UKBOTA","223","B/G-2883","RAF East Kirkby LAA Gun Site","Anti-Aircraft Battery","53.14507","0.00112","JO03AD","","Lincolnshire","PE23 4BH","","","🗺️"
"UKBOTA","223","B/G-2884","Chilling Coastal Defense Battery","Coastal Defence","50.83601","-1.28992","IO90IU","","Hampshire","SO31 9HD","","","🗺️"
"UKBOTA","223","B/G-2885","WWII Starfish decoy bunker, Littlemoor","Decoy","50.64000","-2.45100","IO80SP","","Dorset","DT3 6GE","","","🗺️"
"UKBOTA","223","B/G-2886","North Bersted Pillbox 1","Pillbox","50.80655","-0.68658","IO90PT","","Sussex","PO22 9AG","","","🗺️"
"UKBOTA","223","B/G-2887","North Bersted Pillbox 2","Pillbox","50.80042","-0.67361","IO90PT","","Sussex","PO22 9FD","","","🗺️"
"UKBOTA","223","B/G-2888","Scunthorpe HAA Site F/H1","Anti-Aircraft Battery","53.64045","-0.68250","IO93PP","","Lincolnshire","DN15 9HE","","","🗺️"
"UKBOTA","223","B/G-2889","Ringstead Bay Chain Home Radar Site","Radar","50.63437","-2.34351","IO80TP","","Dorset","DT2 8NQ","","","🗺️"
"UKBOTA","223","B/G-2890","Ringstead Barns Pillbox","Pillbox","50.63731","-2.36000","IO80TP","","Dorset","DT2 8NF","","","🗺️"
"UKBOTA","223","B/G-2891","Buss Creek Pillbox, Southwold","Pillbox","52.33320","1.67408","JO02UH","","Suffolk","IP18 6GZ","","","🗺️"
"UKBOTA","223","B/G-2892","Roker Battery","Coastal Defence","54.92715","-1.36679","IO94HW","","Durham","SR6 9NQ","","","🗺️"
"UKBOTA","223","B/G-2893","Trow Point Pillbox Cluster","Pillbox","54.99297","-1.40155","IO94HX","","Durham","NE33 2JH","","","🗺️"
"UKBOTA","223","B/G-2894","WWII Pillbox, Ringstead, Osmington","Pillbox","50.63731","-2.35999","IO80TP","","Dorset","DT2 8NF","","","🗺️"
"UKBOTA","223","B/G-2895","Lumley Civil Air Raid Shelter","Air Raid Shelter","54.83720","-1.54083","IO94FU","","Durham","DH3 4JJ","","","🗺️"
"UKBOTA","223","B/G-2896","West Rainton Air Raid Shelter(s)","Air Raid Shelter","54.81237","-1.50968","IO94FT","","Durham","DH4 6RN","","","🗺️"
"UKBOTA","223","B/G-2897","Rochdale Rd East Pillbox","Pillbox","53.59903","-2.19662","IO83VO","","Lancashire","OL10 1RL","","","🗺️"
"UKBOTA","223","B/G-2898","National Memorial Arboretum Pillbox Cluster","Pillbox","52.73124","-1.72270","IO92DR","","Staffordshire","WS13 8QX","","","🗺️"
"UKBOTA","223","B/G-2899","Chetwynds Bridge Pillbox","Pillbox","52.72161","-1.72462","IO92DR","","Staffordshire","WS13 8QU","","","🗺️"
"UKBOTA","223","B/G-2900","Drakelow Pillbox","Pillbox","52.77380","-1.67059","IO92DS","","Staffordshire","DE14 3UY","","","🗺️"
"UKBOTA","223","B/G-2901","Branston Pillbox","Pillbox","52.78023","-1.65379","IO92ES","","Staffordshire","DE15 9WP","","","🗺️"
"UKBOTA","223","B/G-2902","St Mowden Pillbox","Pillbox","52.79734","-1.63060","IO92ET","","Staffordshire","DE14 3RT","","","🗺️"
"UKBOTA","223","B/G-2903","River Dove Pillbox cluster #1","Pillbox","52.83753","-1.60222","IO92EU","","Derbyshire","DE13 0DG","","","🗺️"
"UKBOTA","223","B/G-2904","River Dove Pillbox cluster #2","Pillbox","52.85540","-1.64070","IO92EU","","Staffordshire","DE13 9AH","","","🗺️"
"UKBOTA","223","B/G-2905","Tutbury Bridge Pillbox","Pillbox","52.86113","-1.67111","IO92DU","","Staffordshire","DE13 9LY","","","🗺️"
"UKBOTA","223","B/G-2906","River Churnet Pillbox","Pillbox","52.93529","-1.85282","IO92BW","","Derbyshire","ST14 5BL","","","🗺️"
"UKBOTA","223","B/G-2907","Rocester Pillbox #1","Pillbox","52.95730","-1.84516","IO92BW","","Staffordshire","ST14 5JR","","","🗺️"
"UKBOTA","223","B/G-2908","Rocester Pillbox #2","Pillbox","52.95582","-1.83637","IO92BW","","Staffordshire","ST14 5PD","","","🗺️"
"UKBOTA","223","B/G-2909","Hanging Bridge Pillbox","Pillbox","53.01109","-1.76434","IO93CA","","Staffordshire","DE6 2HL","","","🗺️"
"UKBOTA","223","B/G-2910","Boat Inn Pillbox, Cheddleton","Pillbox","53.06572","-2.02982","IO83XB","","Staffordshire","ST13 7EG","","","🗺️"
"UKBOTA","223","B/G-2911","Hugbridge Farm Pillbox","Pillbox","53.17027","-2.10384","IO83WE","","Cheshire","SK11 0QX","","","🗺️"
"UKBOTA","223","B/G-2912","Rudyard Reservoir Pillbox","Pillbox","53.11936","-2.06632","IO83XC","","Staffordshire","ST13 8PF","","","🗺️"
"UKBOTA","223","B/G-2913","The Marsh Pillbox","Pillbox","52.89042","-1.58997","IO92EV","","Derbyshire","DE65 6LR","","","🗺️"
"UKBOTA","223","B/G-2914","Kelvedon Hatch Pickett Hamilton Fort","Picket Hamilton","51.67070","0.25945","JO01DQ","","Essex","CM14 5TJ","","","🗺️"
"UKBOTA","223","B/G-2915","Muckinghall Wood Pillbox cluster","Pillbox","51.56532","0.75327","JO01JN","","Essex","SS3 0QH","","","🗺️"
"UKBOTA","223","B/G-2916","River Roach Pillbox","Pillbox","51.58365","0.77299","JO01JO","","Essex","SS3 0NW","","","🗺️"
"UKBOTA","223","B/G-2917","Helmingham Pillbox","Pillbox","52.16775","1.21068","JO02OE","","Suffolk","IP14 6EH","","","🗺️"
"UKBOTA","223","B/G-2918","Thrupp Pillbox cluster","Pillbox","51.83891","-1.30082","IO91IU","","Oxfordshire","OX5 1JZ","","","🗺️"
"UKBOTA","223","B/G-2919","Peaked Tor Cove Extended Defence Officers Post","Coastal Defence","50.45578","-3.52038","IO80FK","","Devon","TQ1 2DJ","","","🗺️"
"UKBOTA","223","B/G-2920","Cantilevered (Mushroom) Pillbox, Fox Covert","Pillbox","52.86671","-1.57661","IO92FU","","Derbyshire","DE65 6HE","","","🗺️"
"UKBOTA","114","B/GD-0001","ROC Post Peel","ROC Bunker","54.22825","-4.67635","IO74PF","PRE","Isle of Man","","","","🗺️"
"UKBOTA","114","B/GD-0002","ROC Post Castletown","ROC Bunker","54.09000","-4.61376","IO74QC","PRE","Isle of Man","","","","🗺️"
"UKBOTA","114","B/GD-0003","ROC Post Douglas","ROC Bunker","54.17383","-4.44512","IO74SE","PRE","Isle of Man","","","","🗺️"
"UKBOTA","114","B/GD-0004","ROC Post Ramsey Master Post","ROC Bunker","54.34422","-4.38492","IO74TI","PRE","Isle of Man","","true","","🗺️"
"UKBOTA","114","B/GD-0005","Chain Home - Bride","Chain Home site","54.40557","-4.36490","IO74TJ","","Isle of Man","","","","🗺️"
"UKBOTA","114","B/GD-0006","Chain Home - Dalby","Chain Home site","54.17140","-4.73750","IO74PE","","Isle of Man","","","","🗺️"
"UKBOTA","114","B/GD-0007","Chain Home - Scarlett","Chain Home site","54.07016","-4.66984","IO74PB","","Isle of Man","","","","🗺️"
"UKBOTA","114","B/GD-0008","ROTOR Radar - Snaefell (MOI)","ROTOR Radar site","54.25259","-4.46206","IO74SG","","Isle of Man","","","","🗺️"
"UKBOTA","114","B/GD-0009","Airfield Battle HQ - Andreas","WW2 Airfield Battle HQ","54.37444","-4.42501","IO74SI","","Isle of Man","","","","🗺️"
"UKBOTA","114","B/GD-0010","Chain Home - Cregneash","Chain Home site","54.06673","-4.76469","IO74OB","","Isle of Man","","","","🗺️"
"UKBOTA","114","B/GD-0011","RAF Jurby, Airfield Defence Bunkers (cluster)","WW2 Airfield Defences","54.34971","-4.52395","IO74RI","","Isle of Man","","","","🗺️"
"UKBOTA","265","B/GI-0001","ROC Post Bushmills","ROC Bunker","55.20921","-6.56685","IO65RF","BEL","Antrim","BT57 8SJ","","","🗺️"
"UKBOTA","265","B/GI-0002","ROC Post Ballymoney","ROC Bunker","55.05023","-6.46581","IO65SB","BEL","Antrim","BT53 7HA","","","🗺️"
"UKBOTA","265","B/GI-0003","ROC Post Cloughmills Master Post","ROC Bunker","55.01423","-6.34460","IO65TA","BEL","Antrim","BT44 9NQ","true","","🗺️"
"UKBOTA","265","B/GI-0004","ROC Post Ballycastle","ROC Bunker","55.22119","-6.30993","IO65UF","BEL","Antrim","BT54 6LR","","","🗺️"
"UKBOTA","265","B/GI-0005","ROC Post Ballymena Master Post","ROC Bunker","54.88701","-6.29168","IO64UV","BEL","Antrim","BT43 6SL","true","","🗺️"
"UKBOTA","265","B/GI-0006","ROC PostCushendall","ROC Bunker","55.10672","-6.05021","IO65XC","BEL","Antrim","BT44 0NH","","","🗺️"
"UKBOTA","265","B/GI-0007","ROC Post Glenarm","ROC Bunker","54.95373","-5.92084","IO74AW","BEL","Antrim","BT44 0BA","","","🗺️"
"UKBOTA","265","B/GI-0008","ROC Post Larne","ROC Bunker","54.86476","-5.82696","IO74CU","BEL","Antrim","BT40 2LE","","","🗺️"
"UKBOTA","265","B/GI-0009","ROC Post Randalstown","ROC Bunker","54.78236","-6.38487","IO64TS","BEL","Antrim","BT41 3RS","","","🗺️"
"UKBOTA","265","B/GI-0010","ROC Post Templepatrick Master Post","ROC Bunker","54.72978","-6.12146","IO64WR","BEL","Antrim","BT41 2HR","true","","🗺️"
"UKBOTA","265","B/GI-0011","ROC Post Dundrod","ROC Bunker","54.59916","-6.10607","IO64WO","BEL","Antrim","BT29 4JQ","","","🗺️"
"UKBOTA","265","B/GI-0012","ROC Post Ballyclare","ROC Bunker","54.76143","-5.99955","IO74AS","BEL","Antrim","BT39 9ZP","","","🗺️"
"UKBOTA","265","B/GI-0013","ROC Post Whitehead","ROC Bunker","54.75435","-5.73964","IO74DS","BEL","Antrim","BT38 9JT","","","🗺️"
"UKBOTA","265","B/GI-0014","ROC Post Armagh","ROC Bunker","54.35443","-6.60000","IO64QI","BEL","Armagh","BT61 9HT","","","🗺️"
"UKBOTA","265","B/GI-0015","ROC Post Portadown Master Post","ROC Bunker","54.45795","-6.51164","IO64RK","BEL","Armagh","BT62 1QU","true","","🗺️"
"UKBOTA","265","B/GI-0016","ROC Post Lurgan","ROC Bunker","54.47416","-6.30986","IO64UL","BEL","Armagh","BT67 9PA","","","🗺️"
"UKBOTA","265","B/GI-0017","ROC Post Jerretts Pass Master Post","ROC Bunker","54.22771","-6.35523","IO64TF","BEL","Down","BT34 1SR","true","","🗺️"
"UKBOTA","265","B/GI-0018","ROC Post Banbridge","ROC Bunker","54.37168","-6.23035","IO64VI","BEL","Down","BT32 4HN","","","🗺️"
"UKBOTA","265","B/GI-0019","ROC Post Rathfriland","ROC Bunker","54.25051","-6.18444","IO64VG","BEL","Down","BT34 5AF","","","🗺️"
"UKBOTA","265","B/GI-0020","ROC Post Hillsborough Master Post","ROC Bunker","54.43503","-6.09504","IO64WK","BEL","Down","BT25 1QZ","true","","🗺️"
"UKBOTA","265","B/GI-0021","ROC Post Drumbo","ROC Bunker","54.50536","-5.98831","IO74AM","BEL","Down","BT27 5JJ","","","🗺️"
"UKBOTA","265","B/GI-0022","ROC Post Kilkeel","ROC Bunker","54.06560","-5.97663","IO74AB","BEL","Down","BT34 4NW","","","🗺️"
"UKBOTA","265","B/GI-0023","ROC Post Ballynahinch","ROC Bunker","54.37462","-5.93467","IO74AI","BEL","Down","BT24 8JY","","","🗺️"
"UKBOTA","265","B/GI-0024","ROC Post Carryduff","ROC Bunker","54.49347","-5.86600","IO74BL","BEL","Down","BT24 7DE","","","🗺️"
"UKBOTA","265","B/GI-0025","ROC Post Dundrum","ROC Bunker","54.24986","-5.87553","IO74BF","BEL","Down","BT33 0QG","","","🗺️"
"UKBOTA","265","B/GI-0026","ROC Post Holywood","ROC Bunker","54.62733","-5.80973","IO74CP","BEL","Down","BT18 9RN","","","🗺️"
"UKBOTA","265","B/GI-0027","ROC Post Newtownards","ROC Bunker","54.60139","-5.74255","IO74DO","BEL","Down","BT23 4TY","","","🗺️"
"UKBOTA","265","B/GI-0028","ROC Post Downpatrick","ROC Bunker","54.32925","-5.69552","IO74DH","BEL","Down","BT30 6SP","","","🗺️"
"UKBOTA","265","B/GI-0029","ROC Post Groomsport Master Post","ROC Bunker","54.67789","-5.63175","IO74EQ","BEL","Down","BT19 6JF","true","","🗺️"
"UKBOTA","265","B/GI-0030","ROC Post Ardglass","ROC Bunker","54.24080","-5.65349","IO74EF","BEL","Down","BT30 7QU","","","🗺️"
"UKBOTA","265","B/GI-0031","ROC Post Portaferry","ROC Bunker","54.36637","-5.53811","IO74FI","BEL","Down","BT30 7NN","","","🗺️"
"UKBOTA","265","B/GI-0032","ROC Post Ballywalter","ROC Bunker","54.51597","-5.47643","IO74GM","BEL","Down","BT22 2RN","","","🗺️"
"UKBOTA","265","B/GI-0033","ROC Post Springfield","ROC Bunker","54.40360","-7.74344","IO64DJ","BEL","Fermanagh","BT93 7BR","","","🗺️"
"UKBOTA","265","B/GI-0034","ROC Post Kesh","ROC Bunker","54.55375","-7.71978","IO64DN","BEL","Fermanagh","BT93 1BY","","","🗺️"
"UKBOTA","265","B/GI-0035","ROC Post Irvinestown","ROC Bunker","54.49932","-7.62230","IO64EL","BEL","Fermanagh","BT94 1BG","","","🗺️"
"UKBOTA","265","B/GI-0036","ROC Post Enniskillen Master Post","ROC Bunker","54.38397","-7.59458","IO64EJ","BEL","Fermanagh","BT74 4DE","true","","🗺️"
"UKBOTA","265","B/GI-0037","ROC Post Lisnaskea","ROC Bunker","54.25579","-7.44133","IO64GG","BEL","Fermanagh","BT92 0AL","","","🗺️"
"UKBOTA","265","B/GI-0038","ROC Post Derry","ROC Bunker","55.00288","-7.37581","IO65HA","BEL","Londonderry","BT48 0JS","","","🗺️"
"UKBOTA","265","B/GI-0039","ROC Post Claudy","ROC Bunker","54.93137","-7.12763","IO64KW","BEL","Londonderry","BT47 4ED","","","🗺️"
"UKBOTA","265","B/GI-0040","ROC Post Limavady Master Post","ROC Bunker","55.04030","-6.93113","IO65MA","BEL","Londonderry","BT49 0SN","true","","🗺️"
"UKBOTA","265","B/GI-0041","ROC Post Dungiven","ROC Bunker","54.90745","-6.93279","IO64MV","BEL","Londonderry","BT47 4SL","","","🗺️"
"UKBOTA","265","B/GI-0042","ROC Post Coleraine","ROC Bunker","55.14439","-6.70657","IO65PD","BEL","Londonderry","BT51 3NX","","","🗺️"
"UKBOTA","265","B/GI-0043","ROC Post Kilrea","ROC Bunker","54.95473","-6.60745","IO64QW","BEL","Londonderry","BT51 5XJ","","","🗺️"
"UKBOTA","265","B/GI-0044","ROC Post Draperstown","ROC Bunker","54.77548","-6.81567","IO64OS","BEL","Londonderry","BT45 7JN","","","🗺️"
"UKBOTA","265","B/GI-0045","ROC Post Castledawson Master Post","ROC Bunker","54.77737","-6.59739","IO64QS","BEL","Londonderry","BT45 5DT","true","","🗺️"
"UKBOTA","265","B/GI-0046","ROC Post Castlederg","ROC Bunker","54.71839","-7.58550","IO64ER","BEL","Tyrone","BT81 7HX","","","🗺️"
"UKBOTA","265","B/GI-0047","ROC Post Kilskerry","ROC Bunker","54.44614","-7.54402","IO64FK","BEL","Tyrone","BT78 3RN","","","🗺️"
"UKBOTA","265","B/GI-0048","ROC Post Drumquin","ROC Bunker","54.61497","-7.48501","IO64GO","BEL","Tyrone","BT78 4SQ","","","🗺️"
"UKBOTA","265","B/GI-0049","ROC Post Strabane","ROC Bunker","54.82190","-7.43633","IO64GT","BEL","Tyrone","BT82 8NQ","","","🗺️"
"UKBOTA","265","B/GI-0050","ROC Post Newtownstewart","ROC Bunker","54.73096","-7.37488","IO64HR","BEL","Tyrone","BT78 4NG","","","🗺️"
"UKBOTA","265","B/GI-0051","ROC Post Fivemiletown","ROC Bunker","54.37636","-7.37105","IO64HJ","BEL","Fermanagh","BT75 0SX","","","🗺️"
"UKBOTA","265","B/GI-0052","ROC Post Omagh","ROC Bunker","54.61435","-7.27684","IO64IO","BEL","Tyrone","BT79 7XT","","","🗺️"
"UKBOTA","265","B/GI-0053","ROC Post Beragh","ROC Bunker","54.54574","-7.20898","IO64JN","BEL","Tyrone","BT79 0TP","","","🗺️"
"UKBOTA","265","B/GI-0054","ROC Post Clogher Master Post","ROC Bunker","54.43723","-7.15759","IO64KK","BEL","Tyrone","BT77 0DE","true","","🗺️"
"UKBOTA","265","B/GI-0055","ROC Post Pomeroy","ROC Bunker","54.58962","-6.91312","IO64NO","BEL","Tyrone","BT70 3DS","","","🗺️"
"UKBOTA","265","B/GI-0056","ROC Post Caledon","ROC Bunker","54.33154","-6.81109","IO64OH","BEL","Armagh","BT60 4RR","","","🗺️"
"UKBOTA","265","B/GI-0057","ROC Post Dungannon","ROC Bunker","54.51706","-6.75768","IO64OM","BEL","Tyrone","BT71 6GH","","","🗺️"
"UKBOTA","265","B/GI-0058","ROC Post Cookstown","ROC Bunker","54.65866","-6.74143","IO64PP","BEL","Tyrone","BT80 9XY","","","🗺️"
"UKBOTA","265","B/GI-0059","ROC Group HQ No 31 - Belfast","ROC Bunker","54.52466","-6.05062","IO64XM","BEL","Antrim","BT28 3ND","","true","🗺️"
"UKBOTA","265","B/GI-0060","AAOR Campsie","AAOR","55.03072","-7.20371","IO65JA","","Londonderry","BT47 3QD","","","🗺️"
"UKBOTA","265","B/GI-0061","Chain Home - Greystone","Chain Home site","54.56980","-5.49718","IO74GN","","Down","BT22 2LA","","","🗺️"
"UKBOTA","265","B/GI-0062","Chain Home - Kilkeel","Chain Home site","54.07253","-5.97022","IO74AB","","Down","BT34 4NN","","","🗺️"
"UKBOTA","265","B/GI-0063","1950s War Room Belfast (Mount Eden Park) - Region 13","Civil Defence","54.56298","-5.95821","IO74AN","","Antrim","BT9 6RB","","","🗺️"
"UKBOTA","265","B/GI-0064","1960s SRHQ - Ulster - Region 11 - Mount Eden Park","Civil Defence","54.56302","-5.95820","IO74AN","","Antrim","BT9 6RB","","","🗺️"
"UKBOTA","265","B/GI-0065","1980s RGHQ - Ulster - Ballymena","Civil Defence","54.87323","-6.22563","IO64VU","","Antrim","BT42 4QJ","","","🗺️"
"UKBOTA","265","B/GI-0066","ROTOR Radar - Killard Point/Bishops Court (DBW)","ROTOR Radar site","54.31145","-5.52656","IO74FH","","Down","BT","","","🗺️"
"UKBOTA","265","B/GI-0067","ROTOR Radar - Murlough Bay (URB)","ROTOR Radar site","55.19812","-6.09590","IO65WE","","Antrim","BT54 6RJ","","","🗺️"
"UKBOTA","265","B/GI-0068","Airfield Battle HQ - St Angelo","WW2 Airfield Battle HQ","54.39964","-7.64791","IO64EJ","","Fermanagh","BT94 2FN","","","🗺️"
"UKBOTA","265","B/GI-0069","Lisnagarvey BBC Transmitter Bunker","Utility Bunker","54.49017","-6.06087","IO64XL","","Down","BT27 5UJ","","","🗺️"
"UKBOTA","265","B/GI-0070","RAF Bishopscourt Cold War Linesman Radar CRP","MOD/Government","54.30314","-5.58102","IO74FH","","Down","BT30 7SY","","","🗺️"
"UKBOTA","265","B/GI-0071","Belfast Stormont Sub Control","Civil Defence","54.59530","-5.83395","IO74BO","","Down","BT5 7UE","","","🗺️"
"UKBOTA","265","B/GI-0072","RAF Ballykelly, WW2 bomb store bunker","WW2 Storage Bunker","55.05721","-7.02554","IO65LB","","Londonderry","","","","🗺️"
"UKBOTA","265","B/GI-0073","RAF Ballykelly, WW2 Airfield defence bunker cluster","WW2 Storage Bunker","55.06012","-7.00668","IO65LB","","Londonderry","BT49 9DT","","","🗺️"
"UKBOTA","265","B/GI-0074","RAF Limavady, WW2 explosives bunker","WW2 Storage Bunker","55.08070","-6.94799","IO65MB","","Londonderry","BT49 0HT","","","🗺️"
"UKBOTA","265","B/GI-0075","RAF Limavady, WW2 Airfield defence bunker (cluster)","WW2 Storage Bunker","55.07099","-6.93600","IO65MB","","Londonderry","BT49 0JR","","","🗺️"
"UKBOTA","265","B/GI-0076","RAF Nutts Corner, WW2 explosives bunker","WW2 Storage Bunker","54.62780","-6.16288","IO64WP","","Antrim","BT29 4JS","","","🗺️"
"UKBOTA","265","B/GI-0077","RAF Long Kesh, WW2 Airfield defence bunker (cluster)","WW2 Storage Bunker","54.48954","-6.09747","IO64WL","","Down","BT27 5NQ","","","🗺️"
"UKBOTA","265","B/GI-0078","RAF Cluntoe (USAAF Station 328), WW2 bomb store bunker","WW2 Storage Bunker","54.61930","-6.54115","IO64RO","","Tyrone","BT71 5BJ","","","🗺️"
"UKBOTA","265","B/GI-0079","RAF Ballyhalbert, WW2 Airfield defence bunker (cluster)","WW2 Airfield Defence","54.49470","-5.47369","IO74GL","","Down","BT22 1UL","","","🗺️"
"UKBOTA","265","B/GI-0080","RAF Castle Archdale (RAF Lough Erne), WW2 Blast Shelter","WW2 Blast Shelter","54.47856","-7.73109","IO64DL","","Fermanagh","BT94 1PP","","","🗺️"
"UKBOTA","265","B/GI-0081","RAF Castle Archdale (RAF Lough Erne), WW2 Bomb Store","WW2 Storage Bunker","54.47501","-7.73928","IO64DL","","Fermanagh","BT94 1PP","","","🗺️"
"UKBOTA","265","B/GI-0082","RAF St Angelo, WW2 Airfield Defence bunkers (cluster)","WW2 Airfield Defence","54.40234","-7.65479","IO64EJ","","Fermanagh","BT94 2EU","","","🗺️"
"UKBOTA","265","B/GI-0083","RAF Toome, WW2 storage bunker","WW2 Storage Bunker","54.75603","-6.50102","IO64RS","","Londonderry","BT41 3SL","","","🗺️"
"UKBOTA","265","B/GI-0084","Belfast Air Raid Shelter","WW2 Air Raid Shelter","54.58984","-5.93212","IO74AO","","Antrim","BT7 1BS","","","🗺️"
"UKBOTA","265","B/GI-0085","Articlave, Coastal Defence Bunker","WW2 Coastal Defence Bunker","55.15153","-6.75282","IO65OD","","Londonderry","BT51 4XQ","","","🗺️"
"UKBOTA","265","B/GI-0086","Ballywoolen, Coastal Defence Bunker","WW2 Coastal Defence Bunker","55.15942","-6.75499","IO65OD","","Londonderry","BT51 4XG","","","🗺️"
"UKBOTA","265","B/GI-0087","Portrush, Coastal Defence Bunker","WW2 Coastal Defence Bunker","55.20444","-6.64895","IO65QE","","Antrim","BT56 8AD","","","🗺️"
"UKBOTA","265","B/GI-0088","Tyrella, Coastal Defence Bunker","WW2 Coastal Defence Bunker","54.25272","-5.73935","IO74DG","","Down","BT30 8SU","","","🗺️"
"UKBOTA","265","B/GI-0089","Lough Neigh (North), WW2 defensive bunker (cluster)","WW2 Defence Bunker","54.73636","-6.31721","IO64UR","","Antrim","BT41 3LE","","","🗺️"
"UKBOTA","265","B/GI-0090","Rathfriland, WW2 defensive bunkers (cluster)","WW2 Defence Bunker","54.23648","-6.15861","IO64WF","","Down","BT34 5DQ","","","🗺️"
"UKBOTA","265","B/GI-0091","WW2 Air rad shelter cluster, RAF Eglington","WW2 Air Raid Shelter","55.04348","-7.15885","IO65KB","","Londonderry","BT47 3GY","","","🗺️"
"UKBOTA","265","B/GI-0092","Springvale Beach, coastal defence bunker","WW2 Coastal Defence Bunker","54.52932","-5.47737","IO74GM","","Down","BT22 2PF","","","🗺️"
"UKBOTA","265","B/GI-0093","RAF Lisnaskea bunker","WW2 Chain Home radar bunker site","54.25742","-7.47285","IO64GG","","Fermanagh","BT92 0QZ","","","🗺️"
"UKBOTA","265","B/GI-0094","RAF Newtownbutler bunker","WW2 Chain Home radar bunker site","54.19950","-7.36780","IO64HE","","Fermanagh","BT92 8DE","","","🗺️"
"UKBOTA","265","B/GI-0095","WW2 St. Angelo WW2 Pillbox Cluster","WW2 Pillbox","54.39590","-7.63280","IO64EJ","","Fermanagh","BT94 2HB","","","🗺️"
"UKBOTA","265","B/GI-0096","WW2 HAA Battery Ballyhose, Command Post","Battery Command Post","54.38780","-7.69600","IO64DJ","","Fermanagh","BT93 7EZ","","","🗺️"
"UKBOTA","265","B/GI-0097","WW2 GL Radar Platform Ballyhose","WW2 Radar","54.38910","-7.69560","IO64DJ","","Fermanagh","BT93 7EZ","","","🗺️"
"UKBOTA","265","B/GI-0098","WW2 HAA Battery Drumcrin, Command Post","Battery Command Post","54.46580","-7.66070","IO64EL","","Fermanagh","BT94 1RQ","","","🗺️"
"UKBOTA","265","B/GI-0099","WW2 RAF Kiladeas Airraid Shelter","WW2 Air Raid Shelter","54.42190","-7.68790","IO64DK","","Fermanagh","BT94 2LW","","","🗺️"
"UKBOTA","265","B/GI-0100","WW2 RAF Crossmaglen CH Radar Site","WW2 Radar","54.07900","-6.59460","IO64QB","","Armagh","BT35 9DQ","","","🗺️"
"UKBOTA","265","B/GI-0101","Castle Irvine WW2 Air Raid Shelter","WW2 Air Raid Shelter","54.45720","-7.63130","IO64EK","","Fermanagh","BT94 1QD","","","🗺️"
"UKBOTA","265","B/GI-0102","RAF RAF Ballydonaghy GCI Radar Site","WW2","54.88060","-7.43360","IO64GV","","Tyrone","BT82 0TD","","","🗺️"
"UKBOTA","122","B/GJ-0001","Gouray Monitoring Post","Monitoring Post","49.19518","-2.03287","IN89XE","","Channel Islands","","","","🗺️"
"UKBOTA","122","B/GJ-0002","St Ouens Church Monitoring Post","Monitoring Post","49.22547","-2.20708","IN89VF","","Channel Islands","","","","🗺️"
"UKBOTA","122","B/GJ-0003","WW2 Jersey - Strongpoint Corbiere","WW2","49.18158","-2.24376","IN89VE","","Channel Islands","","","","🗺️"
"UKBOTA","122","B/GJ-0004","WW2 Battery Lothringen and Command Post","WW2","49.16887","-2.16915","IN89VE","","Channel Islands","","","","🗺️"
"UKBOTA","122","B/GJ-0005","WW2 Battery Moltke","WW2","49.24457","-2.24866","IN89VF","","Channel Islands","","","","🗺️"
"UKBOTA","122","B/GJ-0006","BBC Bunker - Les Platons","Utility Bunker","49.24748","-2.10479","IN89WF","","Channel Islands","","","","🗺️"
"UKBOTA","279","B/GM-0001","ROC Post Kildrummy","ROC Bunker","57.24867","-2.88493","IO87NF","ABE","Aberdeenshire","AB33 8QT","","","🗺️"
"UKBOTA","279","B/GM-0002","ROC Post Tarland Master Post","ROC Bunker","57.11901","-2.85062","IO87NC","ABE","Aberdeenshire","AB34 4YQ","true","","🗺️"
"UKBOTA","279","B/GM-0003","ROC Post Huntly","ROC Bunker","57.43536","-2.75867","IO87OK","ABE","Aberdeenshire","AB54 4RD","","","🗺️"
"UKBOTA","279","B/GM-0004","ROC Post Kennethmont","ROC Bunker","57.34647","-2.75069","IO87OI","ABE","Aberdeenshire","AB52 6YQ","","","🗺️"
"UKBOTA","279","B/GM-0005","ROC Post Alford","ROC Bunker","57.23615","-2.72161","IO87PF","ABE","Aberdeenshire","AB33 8NB","","","🗺️"
"UKBOTA","279","B/GM-0006","ROC Post Pitcaple","ROC Bunker","57.32367","-2.46975","IO87SH","ABE","Aberdeenshire","AB51 5EF","","","🗺️"
"UKBOTA","279","B/GM-0007","ROC Post Turriff","ROC Bunker","57.54327","-2.45253","IO87SN","ABE","Aberdeenshire","AB53 4AW","","","🗺️"
"UKBOTA","279","B/GM-0008","ROC Post Echt Master Post","ROC Bunker","57.13751","-2.42906","IO87SD","ABE","Aberdeenshire","AB32 7AB","true","","🗺️"
"UKBOTA","279","B/GM-0009","ROC Post Fyvie","ROC Bunker","57.43042","-2.38069","IO87TK","ABE","Aberdeenshire","AB53 8LL","","","🗺️"
"UKBOTA","279","B/GM-0010","ROC Post Kintore Master Post","ROC Bunker","57.23013","-2.33821","IO87TF","ABE","Aberdeenshire","AB51 0UE","true","","🗺️"
"UKBOTA","279","B/GM-0011","ROC Post Methlick Master Post","ROC Bunker","57.43018","-2.21765","IO87VK","ABE","Aberdeenshire","AB41 7DJ","true","","🗺️"
"UKBOTA","279","B/GM-0012","ROC Post New Deer","ROC Bunker","57.50908","-2.19275","IO87VM","ABE","Aberdeenshire","AB53 6SS","","","🗺️"
"UKBOTA","279","B/GM-0013","ROC Post Bucksburn","ROC Bunker","57.17577","-2.16835","IO87VE","ABE","Aberdeenshire","AB21 9LG","","","🗺️"
"UKBOTA","279","B/GM-0014","ROC Post Udny Station Master Post","ROC Bunker","57.31036","-2.14855","IO87WH","ABE","Aberdeenshire","AB41 6PH","true","","🗺️"
"UKBOTA","279","B/GM-0015","ROC Post Rosehearty","ROC Bunker","57.69692","-2.10551","IO87WQ","ABE","Aberdeenshire","AB43 7JJ","","","🗺️"
"UKBOTA","279","B/GM-0016","ROC Post Strichen","ROC Bunker","57.59462","-2.08781","IO87WO","ABE","Aberdeenshire","AB43 6RU","","","🗺️"
"UKBOTA","279","B/GM-0017","ROC Post Newburgh - Aberdeenshire","ROC Bunker","57.31772","-2.00945","IO87XH","ABE","Aberdeenshire","AB41 6DS","","","🗺️"
"UKBOTA","279","B/GM-0018","ROC Post Inverallochy","ROC Bunker","57.67091","-1.95606","IO97AQ","ABE","Aberdeenshire","AB43 8TQ","","","🗺️"
"UKBOTA","279","B/GM-0019","ROC Post Cruden Bay Master Post","ROC Bunker","57.41023","-1.83936","IO97BJ","ABE","Aberdeenshire","AB42 0HF","true","","🗺️"
"UKBOTA","279","B/GM-0020","ROC Post St. Fergus","ROC Bunker","57.54667","-1.83325","IO97CN","ABE","Aberdeenshire","AB42 3EN","","","🗺️"
"UKBOTA","279","B/GM-0021","ROC Post Boddam","ROC Bunker","57.47711","-1.80989","IO97CL","ABE","Aberdeenshire","AB42 3AJ","","","🗺️"
"UKBOTA","279","B/GM-0022","ROC Post Braemar","ROC Bunker","57.00236","-3.41166","IO87HA","ABE","Aberdeenshire","AB35 5WP","","","🗺️"
"UKBOTA","279","B/GM-0023","ROC Post Ballater","ROC Bunker","57.04473","-3.04950","IO87LB","ABE","Aberdeenshire","AB35 5RU","","","🗺️"
"UKBOTA","279","B/GM-0024","ROC Post Drumoak","ROC Bunker","57.08572","-2.35966","IO87TC","ABE","Aberdeenshire","AB31 5EL","","","🗺️"
"UKBOTA","279","B/GM-0025","ROC Post Glenisla","ROC Bunker","56.72963","-3.27475","IO86IR","DUN","Angus","PH11 8PQ","","","🗺️"
"UKBOTA","279","B/GM-0026","ROC Post Newtyle","ROC Bunker","56.56180","-3.16496","IO86KN","DUN","Angus","PH12 8TL","","","🗺️"
"UKBOTA","279","B/GM-0027","ROC Post Lintrathen","ROC Bunker","56.68055","-3.15818","IO86KQ","DUN","Angus","DD8 5JA","","","🗺️"
"UKBOTA","279","B/GM-0028","ROC Post Clova","ROC Bunker","56.83155","-3.08089","IO86LT","DUN","Angus","DD8 4QS","","","🗺️"
"UKBOTA","279","B/GM-0029","ROC Post Glamis","ROC Bunker","56.61100","-3.02620","IO86LO","DUN","Angus","DD8 1SB","","","🗺️"
"UKBOTA","279","B/GM-0030","ROC Post Cortachy Master Post","ROC Bunker","56.72848","-3.00782","IO86LR","DUN","Angus","DD8 4QL","true","","🗺️"
"UKBOTA","279","B/GM-0031","ROC Post Powrie Brae","ROC Bunker","56.50254","-2.93765","IO86MM","DUN","Angus","DD4 0QG","","","🗺️"
"UKBOTA","279","B/GM-0032","ROC Post Forfar","ROC Bunker","56.63060","-2.88344","IO86NP","DUN","Angus","DD8 2LE","","","🗺️"
"UKBOTA","279","B/GM-0033","ROC Post Fern","ROC Bunker","56.74784","-2.84466","IO86NR","DUN","Angus","DD8 3QW","","","🗺️"
"UKBOTA","279","B/GM-0034","ROC Post Tarfside","ROC Bunker","56.90925","-2.83582","IO86NV","DUN","Angus","DD9 7YU","","","🗺️"
"UKBOTA","279","B/GM-0035","ROC Post Newbigging Master Post","ROC Bunker","56.52851","-2.79409","IO86OM","DUN","Angus","DD5 3QT","true","","🗺️"
"UKBOTA","279","B/GM-0036","ROC Post Aberlemno","ROC Bunker","56.68351","-2.77662","IO86OQ","DUN","Angus","DD8 3PD","","","🗺️"
"UKBOTA","279","B/GM-0037","ROC Post Letham Master Post","ROC Bunker","56.63808","-2.77275","IO86OP","DUN","Angus","DD8 2PB","true","","🗺️"
"UKBOTA","279","B/GM-0038","ROC Post Carnoustie","ROC Bunker","56.51360","-2.70522","IO86PM","DUN","Angus","DD7 6BF","","","🗺️"
"UKBOTA","279","B/GM-0039","ROC Post Brechin","ROC Bunker","56.73765","-2.67410","IO86PR","DUN","Angus","DD9 6JD","","","🗺️"
"UKBOTA","279","B/GM-0040","ROC Post Edzell Master Post","ROC Bunker","56.81082","-2.66706","IO86PT","DUN","Angus","DD9 7UE","true","","🗺️"
"UKBOTA","279","B/GM-0041","ROC Post Friockheim","ROC Bunker","56.63570","-2.63739","IO86QP","DUN","Angus","DD11 4UW","","","🗺️"
"UKBOTA","279","B/GM-0042","ROC Post Arbroath","ROC Bunker","56.54892","-2.61788","IO86QN","DUN","Angus","DD11 2EE","","","🗺️"
"UKBOTA","279","B/GM-0043","ROC Post Inverkeilor","ROC Bunker","56.64192","-2.51652","IO86RP","DUN","Angus","DD11 5SS","","","🗺️"
"UKBOTA","279","B/GM-0044","ROC Post Scarinish - Tiree","ROC Bunker","56.49829","-6.88479","IO66NL","INV","Argyllshire","PA77 6UW","","","🗺️"
"UKBOTA","279","B/GM-0045","ROC Post Tobermory - Isle of Mull","ROC Bunker","56.60239","-6.03575","IO66XO","INV","Argyllshire","PA75 6RE","","","🗺️"
"UKBOTA","279","B/GM-0046","ROC Post Lochaline Master Post","ROC Bunker","56.54080","-5.78440","IO76CM","INV","Argyllshire","PA80 5XW","true","","🗺️"
"UKBOTA","279","B/GM-0047","ROC Post Salen","ROC Bunker","56.74098","-5.78342","IO76CR","INV","Argyllshire","PH36 4JL","","","🗺️"
"UKBOTA","279","B/GM-0048","ROC Post Seil Island","ROC Bunker","56.29172","-5.60725","IO76EH","INV","Argyllshire","PA34 4TF","","","🗺️"
"UKBOTA","279","B/GM-0049","ROC Post Strontian","ROC Bunker","56.70186","-5.58319","IO76FQ","INV","Argyllshire","PH36 4JA","","","🗺️"
"UKBOTA","279","B/GM-0050","ROC Post Arduaine Master Post","ROC Bunker","56.20089","-5.51129","IO76FE","INV","Argyllshire","PA31 8QW","true","","🗺️"
"UKBOTA","279","B/GM-0051","ROC Post Oban","ROC Bunker","56.46591","-5.39915","IO76HL","INV","Argyllshire","PA37 1SX","","","🗺️"
"UKBOTA","279","B/GM-0052","ROC Post Appin Master Post","ROC Bunker","56.55689","-5.40243","IO76HN","INV","Argyllshire","PA38 4DR","true","","🗺️"
"UKBOTA","279","B/GM-0053","ROC Post Dalavich","ROC Bunker","56.26135","-5.28406","IO76IG","INV","Argyllshire","PA35 1HL","","","🗺️"
"UKBOTA","279","B/GM-0054","ROC Post Taynuilt Master Post","ROC Bunker","56.42139","-5.24238","IO76JK","INV","Argyllshire","PA35 1HY","true","","🗺️"
"UKBOTA","279","B/GM-0055","ROC Post Inveraray","ROC Bunker","56.21675","-5.09632","IO76KF","AYR","Argyllshire","PA32 8YX","","","🗺️"
"UKBOTA","279","B/GM-0056","ROC Post Dalmally","ROC Bunker","56.40489","-5.01270","IO76LJ","INV","Argyllshire","PA33 1AJ","","","🗺️"
"UKBOTA","279","B/GM-0057","ROC Post Bridge of Orchy","ROC Bunker","56.53789","-4.76687","IO76OM","INV","Argyllshire","PA36 4AE","","","🗺️"
"UKBOTA","279","B/GM-0058","ROC Post Port Ellen","ROC Bunker","55.68502","-6.25915","IO65UQ","AYR","Argyllshire","PA42 7AS","","","🗺️"
"UKBOTA","279","B/GM-0059","ROC Post Machrihanish Master Post","ROC Bunker","55.44042","-5.68806","IO75DK","AYR","Argyllshire","PA28 6NU","true","","🗺️"
"UKBOTA","279","B/GM-0060","ROC Post Glenbarr","ROC Bunker","55.57184","-5.69562","IO75DN","AYR","Argyllshire","PA29 6UX","","","🗺️"
"UKBOTA","279","B/GM-0061","ROC Post Clachan","ROC Bunker","55.75262","-5.56955","IO75FS","AYR","Argyllshire","PA29 6XP","","","🗺️"
"UKBOTA","279","B/GM-0062","ROC Post Carradale","ROC Bunker","55.59487","-5.47104","IO75GO","AYR","Argyllshire","PA28 6SH","","","🗺️"
"UKBOTA","279","B/GM-0063","ROC Post Lochgilphead Master Post","ROC Bunker","56.01790","-5.45147","IO76GA","AYR","Argyllshire","PA30 8HD","true","","🗺️"
"UKBOTA","279","B/GM-0064","ROC Post Tarbert","ROC Bunker","55.85818","-5.43056","IO75GU","AYR","Argyllshire","PA29 6XY","","","🗺️"
"UKBOTA","279","B/GM-0065","ROC Post Tighnabruaich","ROC Bunker","55.89152","-5.25272","IO75IV","AYR","Argyllshire","PA21 2BQ","","","🗺️"
"UKBOTA","279","B/GM-0066","ROC Post Minard","ROC Bunker","56.11893","-5.25758","IO76IC","AYR","Argyllshire","PA32 8YF","","","🗺️"
"UKBOTA","279","B/GM-0067","ROC Post Skelmorlie","ROC Bunker","55.84383","-4.88333","IO75NU","AYR","Ayrshire","PA17 5HF","","","🗺️"
"UKBOTA","279","B/GM-0068","ROC Post West Kilbride","ROC Bunker","55.70020","-4.85554","IO75NQ","AYR","Ayrshire","KA23 9BW","","","🗺️"
"UKBOTA","279","B/GM-0069","ROC Post Turnberry Master Post","ROC Bunker","55.31419","-4.82109","IO75OH","AYR","Ayrshire","KA26 9LT","true","","🗺️"
"UKBOTA","279","B/GM-0070","ROC Post Dunure","ROC Bunker","55.40922","-4.74539","IO75PJ","AYR","Ayrshire","KA7 4LH","","","🗺️"
"UKBOTA","279","B/GM-0071","ROC Post Kilwinning","ROC Bunker","55.64343","-4.66624","IO75QP","AYR","Ayrshire","KA13 7QD","","","🗺️"
"UKBOTA","279","B/GM-0072","ROC Post Beith","ROC Bunker","55.76009","-4.64598","IO75QS","AYR","Ayrshire","KA15 2JA","","","🗺️"
"UKBOTA","279","B/GM-0073","ROC Post Prestwick","ROC Bunker","55.49156","-4.62272","IO75QL","AYR","Ayrshire","KA9 1SN","","","🗺️"
"UKBOTA","279","B/GM-0074","ROC Post Straiton Master Post","ROC Bunker","55.30755","-4.55067","IO75RH","AYR","Ayrshire","KA19 7NL","true","","🗺️"
"UKBOTA","279","B/GM-0075","ROC Post Dunlop","ROC Bunker","55.71180","-4.54496","IO75RR","AYR","Ayrshire","KA3 4BY","","","🗺️"
"UKBOTA","279","B/GM-0076","ROC Post Joppa Master Post","ROC Bunker","55.44404","-4.50112","IO75RK","AYR","Ayrshire","KA6 6LQ","true","","🗺️"
"UKBOTA","279","B/GM-0077","ROC Post Kilmarnock Master Post","ROC Bunker","55.62579","-4.46091","IO75SP","AYR","Ayrshire","KA3 7SN","true","","🗺️"
"UKBOTA","279","B/GM-0078","ROC Post Dalmellington","ROC Bunker","55.33297","-4.42837","IO75SH","AYR","Ayrshire","KA6 7PX","","","🗺️"
"UKBOTA","279","B/GM-0079","ROC Post Catrine","ROC Bunker","55.50277","-4.33525","IO75TM","AYR","Ayrshire","KA5 6TA","","","🗺️"
"UKBOTA","279","B/GM-0080","ROC Post Darvel","ROC Bunker","55.61351","-4.26798","IO75UO","AYR","Ayrshire","KA17 0LG","","","🗺️"
"UKBOTA","279","B/GM-0081","ROC Post New Cumnock","ROC Bunker","55.39516","-4.18566","IO75VJ","AYR","Ayrshire","KA18 4AT","","","🗺️"
"UKBOTA","279","B/GM-0082","ROC Post Muirkirk Master Post","ROC Bunker","55.52818","-4.07230","IO75XM","AYR","Ayrshire","KA18 3RP","true","","🗺️"
"UKBOTA","279","B/GM-0083","ROC Post Ballantrae","ROC Bunker","55.09057","-5.00313","IO75LC","AYR","Ayrshire","KA26 0PB","","","🗺️"
"UKBOTA","279","B/GM-0084","ROC Post Girvan","ROC Bunker","55.21559","-4.84729","IO75NF","AYR","Ayrshire","KA26 0HJ","","","🗺️"
"UKBOTA","279","B/GM-0085","ROC Post Barrhill","ROC Bunker","55.09666","-4.78897","IO75OC","AYR","Ayrshire","KA26 0QF","","","🗺️"
"UKBOTA","279","B/GM-0086","ROC Post Barr","ROC Bunker","55.20156","-4.71363","IO75PE","AYR","Ayrshire","KA26 9TJ","","","🗺️"
"UKBOTA","279","B/GM-0087","ROC Post Tomintoul","ROC Bunker","57.24683","-3.38702","IO87HF","ABE","Banffshire","AB37 9HS","","","🗺️"
"UKBOTA","279","B/GM-0088","ROC Post Cabrach","ROC Bunker","57.36504","-3.03303","IO87LI","ABE","Banffshire","AB54 4EH","","","🗺️"
"UKBOTA","279","B/GM-0089","ROC Post Drummuir Master Post","ROC Bunker","57.48542","-3.03292","IO87LL","ABE","Banffshire","AB55 5JD","true","","🗺️"
"UKBOTA","279","B/GM-0090","ROC Post Buckie","ROC Bunker","57.67061","-2.99292","IO87MQ","ABE","Banffshire","AB56 5BX","","","🗺️"
"UKBOTA","279","B/GM-0091","ROC Post Grange","ROC Bunker","57.56229","-2.80193","IO87ON","ABE","Banffshire","AB55 6SU","","","🗺️"
"UKBOTA","279","B/GM-0092","ROC Post Portsoy","ROC Bunker","57.68311","-2.66088","IO87QQ","ABE","Banffshire","AB45 2TB","","","🗺️"
"UKBOTA","279","B/GM-0093","ROC Post Aberchirder","ROC Bunker","57.59556","-2.63821","IO87QO","ABE","Banffshire","AB54 7QD","","","🗺️"
"UKBOTA","279","B/GM-0094","ROC Post Macduff","ROC Bunker","57.66852","-2.49114","IO87SQ","ABE","Banffshire","AB44 1NH","","","🗺️"
"UKBOTA","279","B/GM-0095","ROC Post Gardenstown","ROC Bunker","57.66967","-2.33073","IO87UQ","ABE","Banffshire","AB45 3EX","","","🗺️"
"UKBOTA","279","B/GM-0096","ROC Post Oxton Master Post","ROC Bunker","55.80892","-2.83538","IO85NT","EDI","Berwickshire","TD2 6RB","true","","🗺️"
"UKBOTA","279","B/GM-0097","ROC Post Lauder Master Post","ROC Bunker","55.71149","-2.75627","IO85OR","EDI","Berwickshire","TD2 6SN","true","","🗺️"
"UKBOTA","279","B/GM-0098","ROC Post Westruther","ROC Bunker","55.73846","-2.57013","IO85RR","EDI","Berwickshire","TD3 6NL","","","🗺️"
"UKBOTA","279","B/GM-0099","ROC Post Longformacus","ROC Bunker","55.81423","-2.50262","IO85RT","EDI","Berwickshire","TD11 3PD","","","🗺️"
"UKBOTA","279","B/GM-0100","ROC Post Gordon Master Post","ROC Bunker","55.68514","-2.49778","IO85SQ","EDI","Berwickshire","TD3 6JX","true","","🗺️"
"UKBOTA","279","B/GM-0101","ROC Post Cockburnspath Master Post","ROC Bunker","55.94478","-2.40585","IO85TW","EDI","East Lothian","TD13 5XH","true","","🗺️"
"UKBOTA","279","B/GM-0102","ROC Post Duns Master Post","ROC Bunker","55.75739","-2.39561","IO85TS","EDI","Berwickshire","TD11 3QW","true","","🗺️"
"UKBOTA","279","B/GM-0103","ROC Post Grantshouse","ROC Bunker","55.87690","-2.29566","IO85UV","EDI","Berwickshire","TD11 3RN","","","🗺️"
"UKBOTA","279","B/GM-0104","ROC Post Coldstream","ROC Bunker","55.65982","-2.25825","IO85UP","EDI","Berwickshire","TD12 4HT","","","🗺️"
"UKBOTA","279","B/GM-0105","ROC Post St. Abbs Head Master Post","ROC Bunker","55.90746","-2.20503","IO85VV","EDI","Berwickshire","TD14 5UA","true","","🗺️"
"UKBOTA","279","B/GM-0106","ROC Post Chirnside","ROC Bunker","55.80792","-2.19621","IO85VT","EDI","Berwickshire","TD11 3XT","","","🗺️"
"UKBOTA","279","B/GM-0107","ROC Post Eyemouth","ROC Bunker","55.87397","-2.11328","IO85WU","EDI","Berwickshire","TD14 5JQ","","","🗺️"
"UKBOTA","279","B/GM-0108","ROC Post Greenfield","ROC Bunker","55.81874","-2.08503","IO85WT","EDI","Berwickshire","TD15 1XB","","","🗺️"
"UKBOTA","279","B/GM-0110","ROC Post Drumadoon","ROC Bunker","55.51114","-5.33580","IO75HM","AYR","Buteshire","KA27 8HE","","","🗺️"
"UKBOTA","279","B/GM-0111","ROC Post Brodick","ROC Bunker","55.57168","-5.11989","IO75KN","AYR","Buteshire","KA27 8BL","","","🗺️"
"UKBOTA","279","B/GM-0112","ROC Post Kildonan Master Post","ROC Bunker","55.45184","-5.10220","IO75KK","AYR","Buteshire","KA27 8SB","true","","🗺️"
"UKBOTA","279","B/GM-0113","ROC Post Kilchattan Bay Master Post","ROC Bunker","55.76022","-5.05826","IO75LS","AYR","Buteshire","PA20 9PF","true","","🗺️"
"UKBOTA","279","B/GM-0114","ROC Post Dunbeath Master Post","ROC Bunker","58.19285","-3.49157","IO88GE","INV","Caithness","KW7 6HE","true","","🗺️"
"UKBOTA","279","B/GM-0115","ROC Post Halkirk","ROC Bunker","58.49882","-3.49012","IO88GL","INV","Caithness","KW12 6UJ","","","🗺️"
"UKBOTA","279","B/GM-0116","ROC Post Latheron","ROC Bunker","58.28216","-3.36026","IO88HG","INV","Caithness","KW5 6DN","","","🗺️"
"UKBOTA","279","B/GM-0117","ROC Post Barrock Master Post","ROC Bunker","58.66855","-3.37200","IO88HQ","INV","Caithness","KW14 8XS","true","","🗺️"
"UKBOTA","279","B/GM-0118","ROC Post Watten","ROC Bunker","58.46980","-3.29138","IO88IL","INV","Caithness","KW1 5YN","","","🗺️"
"UKBOTA","279","B/GM-0119","ROC Post Wick","ROC Bunker","58.46925","-3.08992","IO88KL","INV","Caithness","KW1 4RL","","","🗺️"
"UKBOTA","279","B/GM-0120","ROC Post John o' Groats","ROC Bunker","58.64303","-3.02590","IO88LP","INV","Caithness","KW1 4YS","","","🗺️"
"UKBOTA","279","B/GM-0122","ROC Post Lockerbie","ROC Bunker","55.12136","-3.34375","IO85HC","CAR","Dumfriesshire","DG11 2PH","","","🗺️"
"UKBOTA","279","B/GM-0123","ROC Post Sanquhar Master Post","ROC Bunker","55.37317","-3.92214","IO85AI","AYR","Dumfriesshire","DG4 6EN","true","","🗺️"
"UKBOTA","279","B/GM-0124","ROC Post Beattock","ROC Bunker","55.31568","-3.44361","IO85GH","EDI","Dumfriesshire","DG10 9SF","","","🗺️"
"UKBOTA","279","B/GM-0125","ROC Post Moniaive","ROC Bunker","55.19053","-3.93423","IO85AE","AYR","Dumfriesshire","DG3 4EQ","","","🗺️"
"UKBOTA","279","B/GM-0126","ROC Post Thornhill","ROC Bunker","55.22783","-3.75615","IO85CF","AYR","Dumfriesshire","DG3 5AF","","","🗺️"
"UKBOTA","279","B/GM-0127","ROC Post Auldgirth","ROC Bunker","55.16809","-3.70328","IO85DE","CAR","Dumfriesshire","DG2 0XJ","","","🗺️"
"UKBOTA","279","B/GM-0128","ROC Post Dumfries","ROC Bunker","55.06056","-3.59380","IO85EB","CAR","Dumfriesshire","DG1 4GY","","","🗺️"
"UKBOTA","279","B/GM-0129","ROC Post Parkgate Master Post","ROC Bunker","55.20310","-3.50113","IO85FE","CAR","Dumfriesshire","DG11 1TT","true","","🗺️"
"UKBOTA","279","B/GM-0130","ROC Post Cummertrees Master Post","ROC Bunker","54.98195","-3.33831","IO84HX","CAR","Dumfriesshire","DG12 5QF","true","","🗺️"
"UKBOTA","279","B/GM-0131","ROC Post Boreland","ROC Bunker","55.21384","-3.28541","IO85IF","CAR","Dumfriesshire","DG11 2LR","","","🗺️"
"UKBOTA","279","B/GM-0132","ROC Post Kirtlebridge","ROC Bunker","55.04541","-3.22633","IO85JB","CAR","Dumfriesshire","DG11 3NJ","","","🗺️"
"UKBOTA","279","B/GM-0133","ROC Post Eskdalemuir","ROC Bunker","55.27070","-3.18132","IO85JG","CAR","Dumfriesshire","DG13 0QF","","","🗺️"
"UKBOTA","279","B/GM-0134","ROC Post Bentpath","ROC Bunker","55.19940","-3.10819","IO85KE","CAR","Dumfriesshire","DG13 0PD","","","🗺️"
"UKBOTA","279","B/GM-0135","ROC Post Langholm Master Post","ROC Bunker","55.16217","-2.99729","IO85MD","CAR","Dumfriesshire","DG13 0HG","true","","🗺️"
"UKBOTA","279","B/GM-0136","ROC Post Canonbie","ROC Bunker","55.09191","-2.93850","IO85MC","CAR","Dumfriesshire","DG14 0RN","","","🗺️"
"UKBOTA","279","B/GM-0137","ROC Post Arrochar","ROC Bunker","56.20954","-4.74736","IO76PF","AYR","Argyllshire","G83 7BF","","","🗺️"
"UKBOTA","279","B/GM-0138","ROC Post Garelochhead","ROC Bunker","56.09445","-4.83627","IO76NC","AYR","Dunbartonshire","G84 0EP","","","🗺️"
"UKBOTA","279","B/GM-0139","ROC Post Alexandria Master Post","ROC Bunker","55.98585","-4.55797","IO75RX","AYR","Dunbartonshire","G83 9LE","true","","🗺️"
"UKBOTA","279","B/GM-0140","ROC Post Milngavie","ROC Bunker","55.95247","-4.31901","IO75UW","AYR","Stirlingshire","G62 8NA","","","🗺️"
"UKBOTA","279","B/GM-0141","ROC Post Tranent","ROC Bunker","55.94336","-2.93257","IO85MW","EDI","East Lothian","EH33 1DY","","","🗺️"
"UKBOTA","279","B/GM-0142","ROC Post Humbie","ROC Bunker","55.85928","-2.86857","IO85NU","EDI","East Lothian","EH36 5PP","","","🗺️"
"UKBOTA","279","B/GM-0143","ROC Post Aberlady","ROC Bunker","56.03447","-2.84458","IO86NA","EDI","East Lothian","EH31 2BD","","","🗺️"
"UKBOTA","279","B/GM-0144","ROC Post Athelstaneford","ROC Bunker","55.97524","-2.77951","IO85OX","EDI","East Lothian","EH39 5BB","","","🗺️"
"UKBOTA","279","B/GM-0145","ROC Post Garvald","ROC Bunker","55.92464","-2.67528","IO85PW","EDI","East Lothian","EH41 4LN","","","🗺️"
"UKBOTA","279","B/GM-0146","ROC Post Dunbar","ROC Bunker","55.97679","-2.51915","IO85RX","EDI","East Lothian","EH42 1UX","","","🗺️"
"UKBOTA","279","B/GM-0147","ROC Post Newburgh - Fife","ROC Bunker","56.35220","-3.22814","IO86JI","DUN","Fife","KY14 6AR","","","🗺️"
"UKBOTA","279","B/GM-0148","ROC Post Leslie","ROC Bunker","56.19119","-3.21010","IO86JE","EDI","Fife","KY6 2JY","","","🗺️"
"UKBOTA","279","B/GM-0149","ROC Post Falkland","ROC Bunker","56.25447","-3.19838","IO86JG","DUN","Fife","KY15 7DD","","","🗺️"
"UKBOTA","279","B/GM-0150","ROC Post Gauldry","ROC Bunker","56.40323","-3.03194","IO86LJ","DUN","Fife","DD6 8SD","","","🗺️"
"UKBOTA","279","B/GM-0151","ROC Post Cupar","ROC Bunker","56.32292","-2.99743","IO86MH","DUN","Fife","KY15 4UE","","","🗺️"
"UKBOTA","279","B/GM-0152","ROC Post Leven","ROC Bunker","56.20387","-2.98612","IO86ME","EDI","Fife","KY8 4SP","","","🗺️"
"UKBOTA","279","B/GM-0153","ROC Post Tayport","ROC Bunker","56.44820","-2.88667","IO86NK","DUN","Fife","DD6 9HX","","","🗺️"
"UKBOTA","279","B/GM-0154","ROC Post Peat Inn","ROC Bunker","56.27749","-2.87383","IO86NG","EDI","Fife","KY15 5LN","","","🗺️"
"UKBOTA","279","B/GM-0155","ROC Post Elie","ROC Bunker","56.19205","-2.83466","IO86NE","EDI","Fife","KY9 1AT","","","🗺️"
"UKBOTA","279","B/GM-0156","ROC Post St. Andrews Master Post","ROC Bunker","56.32949","-2.76812","IO86OH","DUN","Fife","KY16 8PX","true","","🗺️"
"UKBOTA","279","B/GM-0157","ROC Post Crail Master Post","ROC Bunker","56.26052","-2.63695","IO86QG","EDI","Fife","KY10 3XP","true","","🗺️"
"UKBOTA","279","B/GM-0158","ROC Post New Mills/New Oakley","ROC Bunker","56.09134","-3.56427","IO86FC","EDI","Fife","KY12 9NL","","","🗺️"
"UKBOTA","279","B/GM-0159","ROC Post Inverkeithing","ROC Bunker","56.01314","-3.39381","IO86HA","EDI","Fife","KY11 1EY","","","🗺️"
"UKBOTA","279","B/GM-0160","ROC Post Kelty Master Post","ROC Bunker","56.10822","-3.36862","IO86HC","EDI","Fife","KY4 9PT","true","","🗺️"
"UKBOTA","279","B/GM-0161","ROC Post Dysart","ROC Bunker","56.14692","-3.14111","IO86KD","EDI","Fife","KY1 3NW","","","🗺️"
"UKBOTA","279","B/GM-0163","ROC Post Lochboisdale","ROC Bunker","57.15936","-7.34309","IO67HD","INV","Inverness-shire","HS8 5TN","","","🗺️"
"UKBOTA","279","B/GM-0164","ROC Post Lochmaddy","ROC Bunker","57.60442","-7.16902","IO67JO","INV","Inverness-shire","HS6 5AQ","","","🗺️"
"UKBOTA","279","B/GM-0165","ROC Post Cannich","ROC Bunker","57.34298","-4.76336","IO77OI","INV","Inverness-shire","IV4 7LR","","","🗺️"
"UKBOTA","279","B/GM-0166","ROC Post Fort Augustus","ROC Bunker","57.13441","-4.68812","IO77PD","INV","Inverness-shire","PH32 4AB","","","🗺️"
"UKBOTA","279","B/GM-0167","ROC Post Gorthleck","ROC Bunker","57.20528","-4.50301","IO77RE","INV","Inverness-shire","IV2 6UN","","","🗺️"
"UKBOTA","279","B/GM-0168","ROC Post Drumnadrochit","ROC Bunker","57.32939","-4.48470","IO77SH","INV","Inverness-shire","IV63 6XA","","","🗺️"
"UKBOTA","279","B/GM-0169","ROC Post Beauly Master Post","ROC Bunker","57.49053","-4.47445","IO77SL","INV","Ross-shire","IV4 7EX","true","","🗺️"
"UKBOTA","279","B/GM-0170","ROC Post Inverness","ROC Bunker","57.49299","-4.21678","IO77VL","INV","Inverness-shire","IV1 1FB","","","🗺️"
"UKBOTA","279","B/GM-0171","ROC Post Kingussie","ROC Bunker","57.08494","-4.02651","IO77XC","ABE","Inverness-shire","PH21 1LS","","","🗺️"
"UKBOTA","279","B/GM-0172","ROC Post Tomatin","ROC Bunker","57.34389","-3.99855","IO87AI","INV","Inverness-shire","IV13 7YP","","","🗺️"
"UKBOTA","279","B/GM-0173","ROC Post Aviemore","ROC Bunker","57.19990","-3.82490","IO87CE","ABE","Inverness-shire","PH22 1SE","","","🗺️"
"UKBOTA","279","B/GM-0174","ROC Post Arisaig","ROC Bunker","56.92220","-5.87575","IO76BW","INV","Inverness-shire","PH39 4NS","","","🗺️"
"UKBOTA","279","B/GM-0175","ROC Post Mallaig","ROC Bunker","56.99108","-5.82905","IO76CX","INV","Inverness-shire","PH41 4RH","","","🗺️"
"UKBOTA","279","B/GM-0176","ROC Post Glenfinnan","ROC Bunker","56.86825","-5.44710","IO76GU","INV","Inverness-shire","PH37 4LT","","","🗺️"
"UKBOTA","279","B/GM-0177","ROC Post Onich Master Post","ROC Bunker","56.70289","-5.22686","IO76JQ","INV","Inverness-shire","PH33 6SD","true","","🗺️"
"UKBOTA","279","B/GM-0178","ROC Post Fort William Master Post","ROC Bunker","56.83358","-5.10003","IO76KU","INV","Argyllshire","PH33 7BA","true","","🗺️"
"UKBOTA","279","B/GM-0179","ROC Post Spean Bridge","ROC Bunker","56.89754","-4.94174","IO76MV","INV","Inverness-shire","PH34 4EG","","","🗺️"
"UKBOTA","279","B/GM-0180","ROC Post Invergarry","ROC Bunker","57.04510","-4.80566","IO77OB","INV","Inverness-shire","PH34 4EA","","","🗺️"
"UKBOTA","279","B/GM-0181","ROC Post Tulloch","ROC Bunker","56.89357","-4.67046","IO76PV","INV","Inverness-shire","PH31 4AR","","","🗺️"
"UKBOTA","279","B/GM-0182","ROC Post Dalwhinnie","ROC Bunker","56.94699","-4.24346","IO76VW","ABE","Inverness-shire","PH19 1AA","","","🗺️"
"UKBOTA","279","B/GM-0183","ROC Post Broadford Master Post","ROC Bunker","57.23996","-5.90195","IO77BF","INV","Inverness-shire","IV49 9AF","true","","🗺️"
"UKBOTA","279","B/GM-0184","ROC Post Dunvegan","ROC Bunker","57.44032","-6.54169","IO67RK","INV","Inverness-shire","IV55 8GS","","","🗺️"
"UKBOTA","279","B/GM-0185","ROC Post Uig","ROC Bunker","57.58598","-6.35187","IO67TO","INV","Inverness-shire","IV51 9YE","","","🗺️"
"UKBOTA","279","B/GM-0186","ROC Post Portree Master Post","ROC Bunker","57.42308","-6.21247","IO67VK","INV","Inverness-shire","IV51 9FD","true","","🗺️"
"UKBOTA","279","B/GM-0187","ROC Post Ardvasar","ROC Bunker","57.09314","-5.87262","IO77BC","INV","Inverness-shire","IV44 8RG","","","🗺️"
"UKBOTA","279","B/GM-0188","ROC Post Greg Ness","ROC Bunker","57.11441","-2.07973","IO87XC","ABE","Kincardineshire","AB12 3QY","","","🗺️"
"UKBOTA","279","B/GM-0189","ROC Post Feughside","ROC Bunker","57.01791","-2.59105","IO87QA","ABE","Kincardineshire","AB31 6NS","","","🗺️"
"UKBOTA","279","B/GM-0190","ROC Post Laurencekirk","ROC Bunker","56.84396","-2.47209","IO86SU","DUN","Kincardineshire","AB30 1EL","","","🗺️"
"UKBOTA","279","B/GM-0191","ROC PostAuchenblae","ROC Bunker","56.89786","-2.44765","IO86SV","ABE","Kincardineshire","AB30 1XQ","","","🗺️"
"UKBOTA","279","B/GM-0192","ROC Post St. Cyrus","ROC Bunker","56.77268","-2.40771","IO86TS","DUN","Kincardineshire","DD10 0BL","","","🗺️"
"UKBOTA","279","B/GM-0193","ROC Post Inverbervie","ROC Bunker","56.84541","-2.29014","IO86UU","ABE","Kincardineshire","DD10 0PQ","","","🗺️"
"UKBOTA","279","B/GM-0194","ROC Post Stonehaven Master Post","ROC Bunker","56.93692","-2.21739","IO86VW","ABE","Kincardineshire","AB39 2TT","true","","🗺️"
"UKBOTA","279","B/GM-0195","ROC Post Portlethen","ROC Bunker","57.05634","-2.12676","IO87WB","ABE","Kincardineshire","AB12 4UQ","","","🗺️"
"UKBOTA","279","B/GM-0196","ROC Post Milnathort","ROC Bunker","56.21844","-3.45785","IO86GF","DUN","Kinross-shire","KY13 0RF","","","🗺️"
"UKBOTA","279","B/GM-0197","ROC Post Creetown","ROC Bunker","54.88237","-4.36890","IO74TV","AYR","Kirkcudbrightshire","DG8 7AH","","","🗺️"
"UKBOTA","279","B/GM-0198","ROC Post Carsphairn Master Post","ROC Bunker","55.21336","-4.26340","IO75UF","AYR","Kirkcudbrightshire","DG7 3TQ","true","","🗺️"
"UKBOTA","279","B/GM-0199","ROC Post Gatehouse of Fleet","ROC Bunker","54.88238","-4.17121","IO74VV","AYR","Kirkcudbrightshire","DG7 2DB","","","🗺️"
"UKBOTA","279","B/GM-0200","ROC Post St. John's Town of Dalry","ROC Bunker","55.10809","-4.14518","IO75WC","AYR","Kirkcudbrightshire","DG7 3TU","","","🗺️"
"UKBOTA","279","B/GM-0201","ROC Post Parton","ROC Bunker","55.01046","-4.05223","IO75XA","AYR","Kirkcudbrightshire","DG7 3NE","","","🗺️"
"UKBOTA","279","B/GM-0202","ROC Post Kirkcudbright Master Post","ROC Bunker","54.84329","-4.01975","IO74XU","AYR","Kirkcudbrightshire","DG6 4XU","true","","🗺️"
"UKBOTA","279","B/GM-0203","ROC Post Castle Douglas","ROC Bunker","54.94100","-3.92472","IO84AW","AYR","Kirkcudbrightshire","DG7 1HL","","","🗺️"
"UKBOTA","279","B/GM-0204","ROC Post Rockcliffe","ROC Bunker","54.86680","-3.78093","IO84CU","CAR","Kirkcudbrightshire","DG5 4QE","","","🗺️"
"UKBOTA","279","B/GM-0205","ROC Post Kirkgunzeon","ROC Bunker","54.98561","-3.76900","IO84CX","CAR","Kirkcudbrightshire","DG2 8LA","","","🗺️"
"UKBOTA","279","B/GM-0206","ROC Post Kirkbean","ROC Bunker","54.92369","-3.60040","IO84EW","CAR","Kirkcudbrightshire","DG2 8DN","","","🗺️"
"UKBOTA","279","B/GM-0207","ROC Post Glasgow","ROC Bunker","55.85927","-4.34749","IO75TU","AYR","Lanarkshire","G51 4HE","","","🗺️"
"UKBOTA","279","B/GM-0208","ROC Post Gilbertfield","ROC Bunker","55.79702","-4.14894","IO75WT","AYR","Lanarkshire","G72 8YH","","","🗺️"
"UKBOTA","279","B/GM-0209","ROC Post Stepps","ROC Bunker","55.89988","-4.14630","IO75WV","AYR","Lanarkshire","G33 6BZ","","","🗺️"
"UKBOTA","279","B/GM-0210","ROC Post Strathaven Master Post","ROC Bunker","55.67405","-4.05599","IO75XQ","AYR","Lanarkshire","ML10 6QU","true","","🗺️"
"UKBOTA","279","B/GM-0211","ROC Post Airdrie","ROC Bunker","55.87978","-3.95574","IO85AV","AYR","Lanarkshire","ML6 7SE","","","🗺️"
"UKBOTA","279","B/GM-0212","ROC Post Lesmahagow","ROC Bunker","55.62384","-3.90930","IO85BO","AYR","Lanarkshire","ML11 0HJ","","","🗺️"
"UKBOTA","279","B/GM-0213","ROC Post Douglas","ROC Bunker","55.56244","-3.83417","IO85BN","EDI","Lanarkshire","ML11 0RH","","","🗺️"
"UKBOTA","279","B/GM-0214","ROC Post Carluke Master Post","ROC Bunker","55.71878","-3.80646","IO85CR","EDI","Lanarkshire","ML8 4SF","true","","🗺️"
"UKBOTA","279","B/GM-0215","ROC Post Shotts","ROC Bunker","55.83111","-3.78165","IO85CT","EDI","Lanarkshire","ML7 5BJ","","","🗺️"
"UKBOTA","279","B/GM-0216","ROC Post Abington","ROC Bunker","55.50773","-3.70890","IO85DM","EDI","Lanarkshire","ML12 6RG","","","🗺️"
"UKBOTA","279","B/GM-0217","ROC Post Forth Master Post","ROC Bunker","55.77940","-3.70211","IO85DS","EDI","Lanarkshire","ML11 8EW","true","","🗺️"
"UKBOTA","279","B/GM-0218","ROC Post Thankerton","ROC Bunker","55.62179","-3.63445","IO85EO","EDI","Lanarkshire","ML12 6PA","","","🗺️"
"UKBOTA","279","B/GM-0219","ROC Post Dunsyre","ROC Bunker","55.69342","-3.53641","IO85FQ","EDI","Lanarkshire","ML11 8NE","","","🗺️"
"UKBOTA","279","B/GM-0220","ROC Post North Berwick Master Post","ROC Bunker","56.04972","-2.70636","IO86PB","EDI","East Lothian","EH39 5NP","true","","🗺️"
"UKBOTA","279","B/GM-0221","ROC Post Penicuik","ROC Bunker","55.80585","-3.22365","IO85JT","EDI","Midlothian","EH26 8PN","","","🗺️"
"UKBOTA","279","B/GM-0222","ROC Post Balerno","ROC Bunker","55.87296","-3.33699","IO85HU","EDI","Midlothian","EH14 7JX","","","🗺️"
"UKBOTA","279","B/GM-0223","ROC Post Turnhouse","ROC Bunker","55.94756","-3.31875","IO85IW","EDI","Midlothian","EH12 8FA","","","🗺️"
"UKBOTA","279","B/GM-0224","ROC Post Portobello","ROC Bunker","55.92254","-3.11370","IO85KW","EDI","Midlothian","EH22 1GQ","","","🗺️"
"UKBOTA","279","B/GM-0225","ROC Post Dalkeith Master Post","ROC Bunker","55.88827","-3.02462","IO85LV","EDI","Midlothian","EH22 2PH","true","","🗺️"
"UKBOTA","279","B/GM-0226","ROC Post Gorebridge","ROC Bunker","55.81393","-2.99570","IO85MT","EDI","Midlothian","EH23 4RJ","","","🗺️"
"UKBOTA","279","B/GM-0227","ROC Post Stow of Wedale","ROC Bunker","55.69679","-2.84778","IO85NQ","EDI","Midlothian","TD1 2QL","","","🗺️"
"UKBOTA","279","B/GM-0228","ROC Post Findhorn","ROC Bunker","57.66296","-3.61324","IO87EP","ABE","Morayshire","IV36 3YQ","","","🗺️"
"UKBOTA","279","B/GM-0229","ROC Post Grantown-on-Spey Master Post","ROC Bunker","57.33425","-3.59797","IO87EI","ABE","Morayshire","PH26 3HT","true","","🗺️"
"UKBOTA","279","B/GM-0230","ROC Post Dallas","ROC Bunker","57.55906","-3.46256","IO87GN","ABE","Morayshire","IV36 2SB","","","🗺️"
"UKBOTA","279","B/GM-0231","ROC Post Elgin","ROC Bunker","57.62930","-3.35016","IO87HP","ABE","Morayshire","IV30 8TF","","","🗺️"
"UKBOTA","279","B/GM-0232","ROC Post Carron Master Post","ROC Bunker","57.48087","-3.27463","IO87IL","ABE","Morayshire","AB38 7RB","true","","🗺️"
"UKBOTA","279","B/GM-0233","ROC Post Cawdor","ROC Bunker","57.53505","-3.89591","IO87BM","INV","Nairnshire","IV12 5SD","","","🗺️"
"UKBOTA","279","B/GM-0234","ROC Post Nairn","ROC Bunker","57.58774","-3.84495","IO87BO","INV","Nairnshire","IV12 5LJ","","","🗺️"
"UKBOTA","279","B/GM-0235","ROC Post Glenferness","ROC Bunker","57.48039","-3.73011","IO87DL","ABE","Nairnshire","IV12 5JG","","","🗺️"
"UKBOTA","279","B/GM-0236","ROC PostStromness","ROC Bunker","58.97015","-3.33875","IO88HX","ABE","Orkney","KW16 3JP","","","🗺️"
"UKBOTA","279","B/GM-0237","ROC Post Kirkwall Master Post","ROC Bunker","58.98736","-3.02708","IO88LX","ABE","Orkney","KW15 1TR","true","","🗺️"
"UKBOTA","279","B/GM-0238","ROC Post Deerness","ROC Bunker","58.95190","-2.75069","IO88OW","ABE","Orkney","KW17 2QL","","","🗺️"
"UKBOTA","279","B/GM-0239","ROC Post Tweedsmuir","ROC Bunker","55.50357","-3.43749","IO85GM","EDI","Peeblesshire","ML12 6QP","","","🗺️"
"UKBOTA","279","B/GM-0240","ROC Post West Linton","ROC Bunker","55.75842","-3.37514","IO85HS","EDI","Peeblesshire","EH46 7PH","","","🗺️"
"UKBOTA","279","B/GM-0241","ROC Post Peebles","ROC Bunker","55.65682","-3.20087","IO85JP","EDI","Peeblesshire","EH45 8HN","","","🗺️"
"UKBOTA","279","B/GM-0242","ROC Post Traquair","ROC Bunker","55.59819","-3.06958","IO85LO","EDI","Peeblesshire","EH44 6PT","","","🗺️"
"UKBOTA","279","B/GM-0243","ROC Post Crianlarich","ROC Bunker","56.38655","-4.62124","IO76QJ","INV","Perthshire","FK20 8RJ","","","🗺️"
"UKBOTA","279","B/GM-0244","ROC PostAberfoyle","ROC Bunker","56.18262","-4.38589","IO76TE","AYR","Perthshire","FK8 3SX","","","🗺️"
"UKBOTA","279","B/GM-0245","ROC Post Strathyre","ROC Bunker","56.35110","-4.32632","IO76UI","DUN","Perthshire","FK19 8NZ","","","🗺️"
"UKBOTA","279","B/GM-0246","ROC Post Killin","ROC Bunker","56.46827","-4.31287","IO76UL","DUN","Perthshire","FK21 8TE","","","🗺️"
"UKBOTA","279","B/GM-0247","ROC Post Callander","ROC Bunker","56.25045","-4.19801","IO76VG","DUN","Perthshire","FK17 8EQ","","","🗺️"
"UKBOTA","279","B/GM-0248","ROC Post Kinlochewe","ROC Bunker","56.69391","-4.18950","IO76VQ","DUN","Perthshire","PH16 5QA","","","🗺️"
"UKBOTA","279","B/GM-0249","ROC Post Doune","ROC Bunker","56.19705","-4.05810","IO76XE","DUN","Perthshire","FK16 6ER","","","🗺️"
"UKBOTA","279","B/GM-0250","ROC Post Comrie","ROC Bunker","56.35807","-3.99360","IO86AI","DUN","Perthshire","PH6 2AB","","","🗺️"
"UKBOTA","279","B/GM-0251","ROC Post Braco Master Post","ROC Bunker","56.25808","-3.89427","IO86BG","DUN","Perthshire","FK15 9QZ","true","","🗺️"
"UKBOTA","279","B/GM-0252","ROC Post Aberfeldy","ROC Bunker","56.61834","-3.86404","IO86BO","DUN","Perthshire","PH15 2DW","","","🗺️"
"UKBOTA","279","B/GM-0253","ROC Post Blair Atholl","ROC Bunker","56.77648","-3.85208","IO86BS","DUN","Perthshire","PH18 5TX","","","🗺️"
"UKBOTA","279","B/GM-0254","ROC Post Blackford","ROC Bunker","56.26594","-3.78244","IO86CG","DUN","Perthshire","PH4 1PX","","","🗺️"
"UKBOTA","279","B/GM-0255","ROC Post Muckhart","ROC Bunker","56.19644","-3.60127","IO86EE","DUN","Perthshire","FK14 7JU","","","🗺️"
"UKBOTA","279","B/GM-0256","ROC Post Methven Master Post","ROC Bunker","56.42060","-3.59690","IO86EK","DUN","Perthshire","PH1 3RS","true","","🗺️"
"UKBOTA","279","B/GM-0257","ROC Post Dunning Master Post","ROC Bunker","56.30849","-3.58769","IO86EH","DUN","Perthshire","PH2 0RW","true","","🗺️"
"UKBOTA","279","B/GM-0258","ROC Post Dunkeld","ROC Bunker","56.57141","-3.57314","IO86FN","DUN","Perthshire","PH8 0ES","","","🗺️"
"UKBOTA","279","B/GM-0259","ROC Post Bankfoot","ROC Bunker","56.49626","-3.49595","IO86GL","DUN","Perthshire","PH1 4DZ","","","🗺️"
"UKBOTA","279","B/GM-0260","ROC Post Kirkmichael","ROC Bunker","56.71936","-3.48813","IO86GR","DUN","Perthshire","PH10 7LU","","","🗺️"
"UKBOTA","279","B/GM-0261","ROC Post Scone Master Post","ROC Bunker","56.42790","-3.39370","IO86HK","DUN","Perthshire","PH2 6RE","true","","🗺️"
"UKBOTA","279","B/GM-0262","ROC Post Bridge of Earn","ROC Bunker","56.34480","-3.38485","IO86HI","DUN","Perthshire","PH2 9FR","","","🗺️"
"UKBOTA","279","B/GM-0263","ROC Post Meikleour","ROC Bunker","56.53674","-3.35900","IO86HM","DUN","Perthshire","PH2 6DY","","","🗺️"
"UKBOTA","279","B/GM-0264","ROC Post Alyth Master Post","ROC Bunker","56.61309","-3.24964","IO86JO","DUN","Perthshire","PH11 8JF","true","","🗺️"
"UKBOTA","279","B/GM-0265","ROC Post Abernyte","ROC Bunker","56.47567","-3.20810","IO86JL","DUN","Perthshire","PH14 9SU","","","🗺️"
"UKBOTA","279","B/GM-0267","ROC Post Strathdon","ROC Bunker","57.20496","-3.07606","IO87LE","ABE","Aberdeenshire","AB36 8UQ","","","🗺️"
"UKBOTA","279","B/GM-0268","ROC Post Gourock","ROC Bunker","55.95479","-4.82348","IO75OW","AYR","Renfrewshire","PA19 1LJ","","","🗺️"
"UKBOTA","279","B/GM-0269","ROC Post Bridge of Weir Master Post","ROC Bunker","55.85433","-4.59358","IO75QU","AYR","Renfrewshire","PA11 3HP","true","","🗺️"
"UKBOTA","279","B/GM-0270","ROC Post Barrhead Master Post","ROC Bunker","55.80358","-4.40589","IO75TT","AYR","Renfrewshire","G78 1HA","true","","🗺️"
"UKBOTA","279","B/GM-0271","ROC Post Eaglesham","ROC Bunker","55.73870","-4.29755","IO75UR","AYR","Renfrewshire","G76 0QB","","","🗺️"
"UKBOTA","279","B/GM-0272","ROC Post Harris","ROC Bunker","57.89986","-6.80473","IO67OV","INV","Inverness-shire","HS3 3DL","","","🗺️"
"UKBOTA","279","B/GM-0273","ROC Post Stornoway - Isle of Lewis Master Post","ROC Bunker","58.20682","-6.34285","IO68TE","INV","Ross-shire","HS2 0BL","true","","🗺️"
"UKBOTA","279","B/GM-0274","ROC Post Kyle of Lochalsh-2","ROC Bunker","57.31445","-5.68935","IO77DH","INV","Ross-shire","IV40 8BD","","","🗺️"
"UKBOTA","279","B/GM-0275","ROC Post Kyle of Lochalsh-1","ROC Bunker","57.31901","-5.68698","IO77DH","INV","Ross-shire","IV40 8BE","","","🗺️"
"UKBOTA","279","B/GM-0276","ROC Post Gairloch","ROC Bunker","57.73708","-5.70191","IO77DR","INV","Ross-shire","IV21 2BX","","","🗺️"
"UKBOTA","279","B/GM-0277","ROC Post Aultbea","ROC Bunker","57.84119","-5.59864","IO77EU","INV","Ross-shire","IV22 2JR","","","🗺️"
"UKBOTA","279","B/GM-0278","ROC Post Lochcarron","ROC Bunker","57.44426","-5.42248","IO77GK","INV","Ross-shire","IV54 8YN","","","🗺️"
"UKBOTA","279","B/GM-0279","ROC Post Kinloch Rannoch","ROC Bunker","57.60127","-5.29859","IO77IO","INV","Ross-shire","IV22 2PE","","","🗺️"
"UKBOTA","279","B/GM-0280","ROC Post Ullapool","ROC Bunker","57.89496","-5.16681","IO77JV","INV","Cromartyshire","IV26 2UR","","","🗺️"
"UKBOTA","279","B/GM-0281","ROC Post Achnasheen","ROC Bunker","57.58320","-5.05230","IO77LN","INV","Ross-shire","IV22 2EG","","","🗺️"
"UKBOTA","279","B/GM-0282","ROC Post Garve","ROC Bunker","57.62604","-4.69405","IO77PP","INV","Ross-shire","IV23 2PX","","","🗺️"
"UKBOTA","279","B/GM-0283","ROC Post Dingwall Master Post","ROC Bunker","57.60948","-4.42025","IO77SO","INV","Ross-shire","IV15 9UR","true","","🗺️"
"UKBOTA","279","B/GM-0284","ROC Post Ardgay","ROC Bunker","57.88359","-4.37454","IO77TV","INV","Ross-shire","IV24 3BG","","","🗺️"
"UKBOTA","279","B/GM-0285","ROC Post Invergordon","ROC Bunker","57.69291","-4.21153","IO77VQ","INV","Ross-shire","IV18 0PL","","","🗺️"
"UKBOTA","279","B/GM-0286","ROC Post Fortrose Master Post","ROC Bunker","57.57454","-4.09748","IO77WN","INV","Ross-shire","IV10 8SD","true","","🗺️"
"UKBOTA","279","B/GM-0287","ROC Post Tain","ROC Bunker","57.80885","-4.03263","IO77XT","INV","Ross-shire","IV19 1PD","","","🗺️"
"UKBOTA","279","B/GM-0288","ROC Post Cromarty","ROC Bunker","57.67634","-4.00340","IO77XQ","INV","Cromartyshire","IV11 8XH","","","🗺️"
"UKBOTA","279","B/GM-0289","ROC Post Fearn Master Post","ROC Bunker","57.75944","-3.91051","IO87BS","INV","Ross-shire","IV20 1SP","true","","🗺️"
"UKBOTA","279","B/GM-0290","ROC Post Teviotdale","ROC Bunker","55.32865","-2.95560","IO85MH","EDI","Roxburghshire","TD9 0LH","","","🗺️"
"UKBOTA","279","B/GM-0291","ROC Post Ashkirk Master Post","ROC Bunker","55.47084","-2.78708","IO85OL","EDI","Roxburghshire","TD9 8QA","true","","🗺️"
"UKBOTA","279","B/GM-0292","ROC Post Lilliesleaf","ROC Bunker","55.53942","-2.75629","IO85OM","EDI","Roxburghshire","TD7 4QD","","","🗺️"
"UKBOTA","279","B/GM-0293","ROC Post Jedburgh","ROC Bunker","55.46850","-2.57856","IO85RL","EDI","Roxburghshire","TD8 6TA","","","🗺️"
"UKBOTA","279","B/GM-0294","ROC Post Smailholme","ROC Bunker","55.61556","-2.52707","IO85RO","EDI","Roxburghshire","TD5 7RT","","","🗺️"
"UKBOTA","279","B/GM-0295","ROC Post Kelso","ROC Bunker","55.62931","-2.40829","IO85TP","EDI","Roxburghshire","TD5 7QE","","","🗺️"
"UKBOTA","279","B/GM-0296","ROC Post Morebattle","ROC Bunker","55.51644","-2.35391","IO85TM","EDI","Roxburghshire","TD5 8QQ","","","🗺️"
"UKBOTA","279","B/GM-0297","ROC Post Liddesdale","ROC Bunker","55.18325","-2.82051","IO85OE","CAR","Roxburghshire","TD9 0RT","","","🗺️"
"UKBOTA","279","B/GM-0298","ROC Post Steele Road Master Post","ROC Bunker","55.23298","-2.75911","IO85OF","CAR","Roxburghshire","TD9 0SQ","true","","🗺️"
"UKBOTA","279","B/GM-0299","ROC Post Yarrow","ROC Bunker","55.51160","-3.10618","IO85KM","EDI","Selkirkshire","TD7 5LE","","","🗺️"
"UKBOTA","279","B/GM-0300","ROC Post Galashiels","ROC Bunker","55.62096","-2.79168","IO85OO","EDI","Roxburghshire","TD1 2NZ","","","🗺️"
"UKBOTA","279","B/GM-0301","ROC Post Walls","ROC Bunker","60.22661","-1.57345","IP90FF","ABE","Shetland","ZE2 9PB","","","🗺️"
"UKBOTA","279","B/GM-0302","ROC Post Sumburgh Head Master Post","ROC Bunker","59.89736","-1.30333","IO99IV","ABE","Shetland","ZE3 9JZ","true","","🗺️"
"UKBOTA","279","B/GM-0303","ROC Post Voe","ROC Bunker","60.43554","-1.20246","IP90JK","ABE","Shetland","ZE2 9TE","","","🗺️"
"UKBOTA","279","B/GM-0304","ROC Post Lerwick","ROC Bunker","60.16335","-1.19627","IP90JD","ABE","Shetland","ZE1 0NA","","","🗺️"
"UKBOTA","279","B/GM-0305","ROC Post Killearn","ROC Bunker","56.04934","-4.36256","IO76TB","AYR","Stirlingshire","G63 9PZ","","","🗺️"
"UKBOTA","279","B/GM-0306","ROC Post Kippen","ROC Bunker","56.12124","-4.19707","IO76VC","DUN","Stirlingshire","FK8 3HN","","","🗺️"
"UKBOTA","279","B/GM-0307","ROC Post Kirkintilloch","ROC Bunker","55.95615","-4.13035","IO75WW","AYR","Stirlingshire","G66 8AG","","","🗺️"
"UKBOTA","279","B/GM-0308","ROC Post Bonnybridge","ROC Bunker","56.00512","-3.89952","IO86BA","EDI","Stirlingshire","FK4 1ET","","","🗺️"
"UKBOTA","279","B/GM-0309","ROC Post Bannockburn","ROC Bunker","56.08772","-3.89860","IO86BC","EDI","Stirlingshire","FK7 8AD","","","🗺️"
"UKBOTA","279","B/GM-0310","ROC Post Slamannan","ROC Bunker","55.93776","-3.82593","IO85CW","EDI","Stirlingshire","FK1 3ES","","","🗺️"
"UKBOTA","279","B/GM-0311","ROC Post Stoer Master Post","ROC Bunker","58.19289","-5.33321","IO78IE","INV","Sutherland","IV27 4JD","true","","🗺️"
"UKBOTA","279","B/GM-0312","ROC Post Scourie","ROC Bunker","58.35248","-5.16496","IO78KI","INV","Sutherland","IV27 4TG","","","🗺️"
"UKBOTA","279","B/GM-0313","ROC Post Elphin","ROC Bunker","58.06005","-5.02355","IO78LB","INV","Sutherland","IV27 4HH","","","🗺️"
"UKBOTA","279","B/GM-0314","ROC Post Durness","ROC Bunker","58.56803","-4.76264","IO78ON","INV","Sutherland","IV27 4PU","","","🗺️"
"UKBOTA","279","B/GM-0315","ROC Post Altnaharra","ROC Bunker","58.28748","-4.44095","IO78SG","INV","Sutherland","IV27 4UG","","","🗺️"
"UKBOTA","279","B/GM-0316","ROC Post Lairg","ROC Bunker","58.02049","-4.40055","IO78TA","INV","Sutherland","IV27 4AX","","","🗺️"
"UKBOTA","279","B/GM-0317","ROC Post Tongue","ROC Bunker","58.47234","-4.40557","IO78TL","INV","Sutherland","IV27 4XQ","","","🗺️"
"UKBOTA","279","B/GM-0318","ROC Post Bettyhill","ROC Bunker","58.53293","-4.23449","IO78VM","INV","Sutherland","KW14 7SY","","","🗺️"
"UKBOTA","279","B/GM-0319","ROC Post Kinbrace","ROC Bunker","58.25430","-3.95121","IO88AG","INV","Sutherland","KW11 6UB","","","🗺️"
"UKBOTA","279","B/GM-0320","ROC Post Melvich Master Post","ROC Bunker","58.56294","-3.93552","IO88AN","INV","Sutherland","KW14 7YR","true","","🗺️"
"UKBOTA","279","B/GM-0321","ROC Post Brora","ROC Bunker","57.99501","-3.88616","IO87BX","INV","Sutherland","KW9 6NL","","","🗺️"
"UKBOTA","279","B/GM-0322","ROC Post Dornoch","ROC Bunker","57.90254","-3.99944","IO87AV","INV","Sutherland","IV25 3QD","","","🗺️"
"UKBOTA","279","B/GM-0323","ROC Post Bathgate","ROC Bunker","55.90164","-3.62013","IO85EV","EDI","West Lothian","EH48 1QY","","","🗺️"
"UKBOTA","279","B/GM-0324","ROC Post Bo'ness","ROC Bunker","55.99717","-3.59847","IO85EX","EDI","West Lothian","EH49 7RH","","","🗺️"
"UKBOTA","279","B/GM-0325","ROC Post West Calder Master Post","ROC Bunker","55.84492","-3.55149","IO85FU","EDI","Midlothian","EH55 8QY","true","","🗺️"
"UKBOTA","279","B/GM-0326","ROC Post Kirkliston","ROC Bunker","55.95347","-3.42529","IO85GW","EDI","West Lothian","EH29 9GS","","","🗺️"
"UKBOTA","279","B/GM-0327","ROC Post Portpatrick","ROC Bunker","54.83897","-5.10886","IO74KU","AYR","Wigtownshire","DG9 9AA","","","🗺️"
"UKBOTA","279","B/GM-0328","ROC Post Ervie Master Post","ROC Bunker","54.99547","-5.11705","IO74KX","AYR","Wigtownshire","DG9 0QQ","true","","🗺️"
"UKBOTA","279","B/GM-0329","ROC Post Sandhead","ROC Bunker","54.83328","-4.99177","IO74MT","AYR","Wigtownshire","DG9 9BU","","","🗺️"
"UKBOTA","279","B/GM-0330","ROC Post New Luce","ROC Bunker","54.95595","-4.84794","IO74NW","AYR","Wigtownshire","DG8 0LT","","","🗺️"
"UKBOTA","279","B/GM-0331","ROC Post Auchenmalg","ROC Bunker","54.82948","-4.76132","IO74OT","AYR","Wigtownshire","DG8 0JX","","","🗺️"
"UKBOTA","279","B/GM-0332","ROC Post Kirkcowan Master Post","ROC Bunker","54.91766","-4.61972","IO74QW","AYR","Wigtownshire","DG8 0HR","true","","🗺️"
"UKBOTA","279","B/GM-0333","ROC Post Port William","ROC Bunker","54.75462","-4.57685","IO74RS","AYR","Wigtownshire","DG8 9SP","","","🗺️"
"UKBOTA","279","B/GM-0334","ROC Post Bargrennan","ROC Bunker","55.06226","-4.58844","IO75QB","AYR","Kirkcudbrightshire","DG8 6RN","","","🗺️"
"UKBOTA","279","B/GM-0335","ROC Post Newton Stewart","ROC Bunker","54.95735","-4.49406","IO74SW","AYR","Wigtownshire","DG8 6JT","","","🗺️"
"UKBOTA","279","B/GM-0336","ROC Post Garlieston","ROC Bunker","54.79120","-4.38830","IO74TS","AYR","Wigtownshire","DG8 8AF","","","🗺️"
"UKBOTA","279","B/GM-0337","ROC Group HQ No 24 - Edinburgh (Turnhouse)","ROC Bunker","55.95075","-3.34826","IO85HW","EDI","Midlothian","EH12 0AZ","","true","🗺️"
"UKBOTA","279","B/GM-0338","ROC Group HQ No 25 - Ayr","ROC Bunker","55.48542","-4.61752","IO75QL","AYR","Ayrshire","KA9 1TS","","true","🗺️"
"UKBOTA","279","B/GM-0339","ROC Group HQ No 27 - Oban","ROC Bunker","56.46418","-5.39731","IO76HL","INV","Argyllshire","PA37 1SW","","true","🗺️"
"UKBOTA","279","B/GM-0340","ROC Group HQ No 28 - Dundee","ROC Bunker","56.47147","-2.91350","IO86NL","DUN","Angus","DD4 7GB","","true","🗺️"
"UKBOTA","279","B/GM-0341","ROC Group HQ No 29 - Aberdeen (Northfield)","ROC Bunker","57.16636","-2.15873","IO87WD","ABE","Aberdeenshire","AB16 5UU","","true","🗺️"
"UKBOTA","279","B/GM-0342","ROC Group HQ No 30 - Inverness","ROC Bunker","57.48059","-4.19820","IO77VL","INV","Inverness-shire","IV2 3TX","","true","🗺️"
"UKBOTA","279","B/GM-0343","AAOR Craigiehall","AAOR","55.96797","-3.33450","IO85HX","","West Lothian","EH30 9TN","","","🗺️"
"UKBOTA","279","B/GM-0344","AAOR East Kilbride","AAOR","55.74797","-4.14751","IO75WR","","Lanarkshire","G75 0QZ","","","🗺️"
"UKBOTA","279","B/GM-0345","AAOR Gairloch","AAOR","57.72186","-5.68423","IO77DR","","Ross-shire","IV21 2BL","","","🗺️"
"UKBOTA","279","B/GM-0346","AAOR Inverkip","AAOR","55.90794","-4.85560","IO75NV","","Renfrewshire","PA16 0DS","","","🗺️"
"UKBOTA","279","B/GM-0347","Chain Home - Brenish","Chain Home site","58.10457","-7.11000","IO68KC","","Ross-shire","HS2 9HB","","","🗺️"
"UKBOTA","279","B/GM-0348","Chain Home - Broadbay","Chain Home site","58.22955","-6.20652","IO68VF","","Ross-shire","HS2 0PZ","","","🗺️"
"UKBOTA","279","B/GM-0349","Chain Home - Douglas Wood","Chain Home site","56.56273","-2.83760","IO86NN","","Angus","DD5 3QH","","","🗺️"
"UKBOTA","279","B/GM-0350","Chain Home - Drone Hill","Chain Home site","55.89165","-2.24988","IO85VV","","Berwickshire","TD14 5TX","","","🗺️"
"UKBOTA","279","B/GM-0351","Chain Home - Hill Head","Chain Home site","57.64429","-2.09044","IO87WP","","Aberdeenshire","AB43 7BT","","","🗺️"
"UKBOTA","279","B/GM-0352","Chain Home - Kilkenneth","Chain Home site","56.50241","-6.97366","IO66MM","","Argyllshire","PA77 6XE","","","🗺️"
"UKBOTA","279","B/GM-0353","Chain Home - Loth","Chain Home site","58.06322","-3.76601","IO88CB","","Sutherland","KW8 6HP","","","🗺️"
"UKBOTA","279","B/GM-0354","Chain Home - Netherbutton","Chain Home site","58.92345","-2.93589","IO88MW","","Orkney","KW17 2RZ","","","🗺️"
"UKBOTA","279","B/GM-0355","Chain Home - North Cairn","Chain Home site","54.98979","-5.17306","IO74JX","","Wigtownshire","DG9 0QE","","","🗺️"
"UKBOTA","279","B/GM-0356","Chain Home - Noss Hill","Chain Home site","59.92362","-1.35554","IO99HW","","Shetland","ZE2 9JD","","","🗺️"
"UKBOTA","279","B/GM-0357","Chain Home - Saligo Bay","Chain Home site","55.81316","-6.45254","IO65ST","","Argyllshire","PA44 7PU","","","🗺️"
"UKBOTA","279","B/GM-0358","Chain Home - Sango","Chain Home site","58.56662","-4.72331","IO78PN","","Sutherland","IV27 4QA","","","🗺️"
"UKBOTA","279","B/GM-0359","Chain Home - Schoolhill","Chain Home site","57.07455","-2.15239","IO87WB","","Kincardineshire","AB12 4ZD","","","🗺️"
"UKBOTA","279","B/GM-0360","Chain Home - Skaw","Chain Home site","60.82857","-0.78184","IP90OT","","Shetland","ZE2 9EF","","","🗺️"
"UKBOTA","279","B/GM-0361","Chain Home - Tannach","Chain Home site","58.40517","-3.16529","IO88KJ","","Caithness","KW1 5SF","","","🗺️"
"UKBOTA","279","B/GM-0362","Chain Home - Whale Head","Chain Home site","59.30083","-2.42492","IO89SH","","Orkney","KW17 2BP","","","🗺️"
"UKBOTA","279","B/GM-0363","1950s War Room Edinburgh (East Kilbridge) - Region 11","Civil Defence","55.75486","-4.16533","IO75WS","","Lanarkshire","G75 0QR","","","🗺️"
"UKBOTA","279","B/GM-0364","1950s War Room Edinburgh (Kirknewton) - Region 11","Civil Defence","55.90008","-3.43769","IO85GV","","Midlothian","EH53 0PX","","","🗺️"
"UKBOTA","279","B/GM-0365","1980s RGHQ - Scotland Central - Region 1 - Cultybraggen","Civil Defence","56.35804","-3.99554","IO86AI","","Perthshire","PH6 2AB","","","🗺️"
"UKBOTA","279","B/GM-0366","1980s RGHQ - Scotland North - Region 1 - Anstruther","Civil Defence","56.27050","-2.69841","IO86PG","","Fife","KY10 3LE","","","🗺️"
"UKBOTA","279","B/GM-0367","ROTOR Radar - Aird Uig (WIU)","ROTOR Radar site","58.24031","-7.03401","IO68LF","","Ross-shire","HS2 9JA","","","🗺️"
"UKBOTA","279","B/GM-0368","ROTOR Radar - Anstruther (FAT)","ROTOR Radar site","56.27050","-2.69841","IO86PG","","Fife","KY10 3LE","","","🗺️"
"UKBOTA","279","B/GM-0369","ROTOR Radar - Barnton Quarry (MHA)","ROTOR Radar site","55.95958","-3.27815","IO85IX","","Midlothian","EH4 7BN","","","🗺️"
"UKBOTA","279","B/GM-0370","ROTOR Radar - Buchan (GBU)","ROTOR Radar site","57.45735","-1.81333","IO97CK","","Aberdeenshire","AB42 0NZ","","","🗺️"
"UKBOTA","279","B/GM-0371","ROTOR Radar - Crosslaw (HCV)","ROTOR Radar site","55.90496","-2.19351","IO85VV","","Berwickshire","TD14 5UA","","","🗺️"
"UKBOTA","279","B/GM-0372","ROTOR Radar - Faraid Head (RAI)","ROTOR Radar site","58.60058","-4.77416","IO78OO","","Sutherland","IV27 4PX","","","🗺️"
"UKBOTA","279","B/GM-0373","ROTOR Radar - Gailes (FUL)","ROTOR Radar site","55.58971","-4.65625","IO75QO","","Ayrshire","KA11 5AE","","","🗺️"
"UKBOTA","279","B/GM-0374","ROTOR Radar - Inverbervie (LGZ)","ROTOR Radar site","56.85176","-2.26232","IO86UU","","Kincardineshire","DD10 0SX","","","🗺️"
"UKBOTA","279","B/GM-0375","ROTOR Radar - Kilchiaran (ECK)","ROTOR Radar site","55.76685","-6.45459","IO65SS","","Argyllshire","PA49 7UY","","","🗺️"
"UKBOTA","279","B/GM-0376","ROTOR Radar - Saxa Vord (AXA)","ROTOR Radar site","60.82639","-0.84518","IP90NT","","Shetland","ZE2 9EQ","","","🗺️"
"UKBOTA","279","B/GM-0377","ROTOR Radar - Scarinish (FLY)","ROTOR Radar site","56.50851","-6.82607","IO66OM","","Argyllshire","PA77 6TN","","","🗺️"
"UKBOTA","279","B/GM-0378","ROTOR Radar - Wick (IKA)","ROTOR Radar site","58.46632","-3.15703","IO88KL","","Caithness","KW1 4TB","","","🗺️"
"UKBOTA","279","B/GM-0379","Airfield Battle HQ - Wigtown","WW2 Airfield Battle HQ","54.85152","-4.45122","IO74SU","","Wigtownshire","DG8 9AG","","","🗺️"
"UKBOTA","279","B/GM-0380","Airfield Battle HQ - Annan","WW2 Airfield Battle HQ","55.01846","-3.22441","IO85JA","","Dumfriesshire","DG12 6RF","","","🗺️"
"UKBOTA","279","B/GM-0381","Airfield Battle HQ - Ayr","WW2 Airfield Battle HQ","55.48438","-4.58425","IO75QL","","Ayrshire","KA6 5HQ","","","🗺️"
"UKBOTA","279","B/GM-0382","Airfield Battle HQ - Castle Kennedy","WW2 Airfield Battle HQ","54.89424","-4.93982","IO74MV","","Wigtownshire","DG9 8SQ","","","🗺️"
"UKBOTA","279","B/GM-0383","Airfield Battle HQ - Castletown","WW2 Airfield Battle HQ","58.57525","-3.35253","IO88HN","","Caithness","KW14 8TB","","","🗺️"
"UKBOTA","279","B/GM-0384","Airfield Battle HQ - Dalcross","WW2 Airfield Battle HQ","57.53696","-4.06090","IO77XM","","Inverness-shire","IV2 7BL","","","🗺️"
"UKBOTA","279","B/GM-0385","Airfield Battle HQ - Drem","WW2 Airfield Battle HQ","56.01692","-2.80955","IO86OA","","East Lothian","EH39 5AE","","","🗺️"
"UKBOTA","279","B/GM-0386","Airfield Battle HQ - Dumfries","WW2 Airfield Battle HQ","55.10212","-3.58370","IO85EC","","Dumfriesshire","DG1 1XA","","","🗺️"
"UKBOTA","279","B/GM-0387","Airfield Battle HQ - East Fortune","WW2 Airfield Battle HQ","55.99656","-2.73265","IO85PX","","East Lothian","EH39 5LE","","","🗺️"
"UKBOTA","279","B/GM-0388","Airfield Battle HQ - Fearn","WW2 Airfield Battle HQ","57.76159","-3.93499","IO87AS","","Ross-shire","IV20 1XW","","","🗺️"
"UKBOTA","279","B/GM-0389","Airfield Battle HQ - Findo Gask","WW2 Airfield Battle HQ","56.36953","-3.61354","IO86EI","","Perthshire","PH1 1QS","","","🗺️"
"UKBOTA","279","B/GM-0390","Airfield Battle HQ - Fraserburgh","WW2 Airfield Battle HQ","57.67073","-1.95623","IO97AQ","","Aberdeenshire","AB43 8TQ","","","🗺️"
"UKBOTA","279","B/GM-0391","Airfield Battle HQ - Inverness","WW2 Airfield Battle HQ","57.48658","-4.21806","IO77VL","","Inverness-shire","IV1 1SF","","","🗺️"
"UKBOTA","279","B/GM-0392","Airfield Battle HQ - Kinloss","WW2 Airfield Battle HQ","57.64615","-3.54966","IO87FP","","Morayshire","IV36 3UJ","","","🗺️"
"UKBOTA","279","B/GM-0393","Airfield Battle HQ - Kinnel","WW2 Airfield Battle HQ","56.65263","-2.64567","IO86QP","","Angus","DD11 4UB","","","🗺️"
"UKBOTA","279","B/GM-0394","Airfield Battle HQ - Lossiemouth","WW2 Airfield Battle HQ","57.71620","-3.30471","IO87IR","","Morayshire","IV31 6TE","","","🗺️"
"UKBOTA","279","B/GM-0395","Airfield Battle HQ - Milltown","WW2 Airfield Battle HQ","57.66453","-3.23430","IO87JP","","Morayshire","IV30 8NE","","","🗺️"
"UKBOTA","279","B/GM-0396","Airfield Battle HQ - Montrose(1)","WW2 Airfield Battle HQ","56.72745","-2.44464","IO86SR","","Angus","DD10 9XA","","","🗺️"
"UKBOTA","279","B/GM-0397","Airfield Battle HQ - Montrose(2)","WW2 Airfield Battle HQ","56.73046","-2.45677","IO86SR","","Angus","DD10 9XA","","","🗺️"
"UKBOTA","279","B/GM-0398","Airfield Battle HQ - Perth","WW2 Airfield Battle HQ","56.44073","-3.36368","IO86HK","","Perthshire","PH2 6NR","","","🗺️"
"UKBOTA","279","B/GM-0399","Airfield Battle HQ - Peterhead(1)","WW2 Airfield Battle HQ","57.51293","-1.86746","IO97BM","","Aberdeenshire","AB42 3LB","","","🗺️"
"UKBOTA","279","B/GM-0400","Airfield Battle HQ - Peterhead(2)","WW2 Airfield Battle HQ","57.50675","-1.87632","IO97BM","","Aberdeenshire","AB42 3LD","","","🗺️"
"UKBOTA","279","B/GM-0401","Airfield Battle HQ - Port Ellen","WW2 Airfield Battle HQ","55.68805","-6.24690","IO65VQ","","Argyllshire","PA42 7AS","","","🗺️"
"UKBOTA","279","B/GM-0402","Airfield Battle HQ - Scatsta","WW2 Airfield Battle HQ","60.42993","-1.28997","IP90IK","","Shetland","ZE2 9UP","","","🗺️"
"UKBOTA","279","B/GM-0403","Airfield Battle HQ - Skeabrae","WW2 Airfield Battle HQ","59.07140","-3.27257","IO89IB","","Orkney","KW17 2JQ","","","🗺️"
"UKBOTA","279","B/GM-0404","Airfield Battle HQ - Sumburgh","WW2 Airfield Battle HQ","59.87670","-1.30161","IO99IV","","Shetland","ZE3 9JX","","","🗺️"
"UKBOTA","279","B/GM-0405","Airfield Battle HQ - Tain","WW2 Airfield Battle HQ","57.80291","-3.96498","IO87AT","","Cromartyshire","IV20 1RT","","","🗺️"
"UKBOTA","279","B/GM-0406","Airfield Battle HQ - Tealing","WW2 Airfield Battle HQ","56.52597","-2.96375","IO86MM","","Angus","DD4 0RD","","","🗺️"
"UKBOTA","279","B/GM-0407","Airfield Battle HQ - Wick","WW2 Airfield Battle HQ","58.46113","-3.09395","IO88KL","","Caithness","KW1 4QR","","","🗺️"
"UKBOTA","279","B/GM-0408","Airfield Battle HQ - Winfield","WW2 Airfield Battle HQ","55.74793","-2.17186","IO85VR","","Berwickshire","TD15 1XH","","","🗺️"
"UKBOTA","279","B/GM-0409","BBC Bunker - Westerglen","Utility Bunker","55.97444","-3.81809","IO85CX","","Stirlingshire","FK1 3AG","","","🗺️"
"UKBOTA","279","B/GM-0410","WW2 Starfish Bunker - Auchenreoch Muir","WW2","55.96750","-4.53194","IO75RX","","Dunbartonshire","G82 3PY","","","🗺️"
"UKBOTA","279","B/GM-0411","WW2 Starfish Bunker - Jaw Reservoir","WW2","55.95056","-4.40250","IO75TW","","Dunbartonshire","G81 5QP","","","🗺️"
"UKBOTA","279","B/GM-0412","Falkirk Civil Defence Headquarters","Civil Defence","56.00208","-3.79103","IO86CA","","Stirlingshire","FK1 5SE","","","🗺️"
"UKBOTA","279","B/GM-0413","Stirling Civil Defence Control","Civil Defence","56.07140","-4.33732","IO76TB","","Stirlingshire","G63 0TE","","","🗺️"
"UKBOTA","279","B/GM-0414","Dumbarton Emergency Headquarters - Garshake","Civil Defence","55.94895","-4.54647","IO75RW","","Dunbartonshire","G82 9SB","","","🗺️"
"UKBOTA","279","B/GM-0415","Pitreavie Castle Combined Forces HQ Bunker, Fife","MOD/Government","56.04798","-3.41909","IO86GB","","Fife","KY11 8WL","","","🗺️"
"UKBOTA","279","B/GM-0416","Aberdeen Civil Defence Control","Civil Defence","57.44577","-2.78014","IO87OK","","Aberdeenshire","AB54 8FQ","","","🗺️"
"UKBOTA","279","B/GM-0417","Carnbee Auxiliary Unit Operational Base (OB)","WW2 Aux Operational Base Bunker","56.22837","-2.69997","IO86PF","","Fife","KY10 3YN","","","🗺️"
"UKBOTA","279","B/GM-0418","Kingsbarns Auxiliary Unit Operational Base (OB)","WW2 Aux Operational Base Bunker","56.31471","-2.68377","IO86PH","","Fife","KY16 8PU","","","🗺️"
"UKBOTA","279","B/GM-0419","St. Andrews and St. Leonard Auxiliary Unit Operational Base (OB)","WW2 Aux Operational Base Bunker","56.31995","-2.85362","IO86NH","","Fife","KY16 8NY","","","🗺️"
"UKBOTA","279","B/GM-0420","RAF Edzell bunker","US Navy Cold War bunker","56.80931","-2.60553","IO86QT","","Kincardineshire","DD9 7XP","","","🗺️"
"UKBOTA","279","B/GM-0421","WW2 Air-Raid Shelter Culter House","WW2 Air Raid Shelter","57.10305","-2.25875","IO87UC","","Aberdeenshire","AB14 0NE","","","🗺️"
"UKBOTA","279","B/GM-0422","WW2 Coastal Observation Bunker, Newhaven","WW2 Observation Bunker","57.67741","-3.99592","IO87AQ","","Cromartyshire","IV11 8XH","","","🗺️"
"UKBOTA","279","B/GM-0423","Waterside WW2 Air Raid Shelter","WW2 Air Raid Shelter","55.93001","-4.12128","IO75WW","","Dunbartonshire","G66 3LB","","","🗺️"
"UKBOTA","279","B/GM-0424","WW2 Ammunition Bunker","WW2 Storage Bunker","57.71802","-4.17129","IO77VR","","Ross-shire","IV18 0LN","","","🗺️"
"UKBOTA","279","B/GM-0425","WW2 Coastal Observation Bunker, Ardshealach","WW2 Observation Bunker","56.72819","-5.78111","IO76CR","","Argyllshire","PH36 4JR","","","🗺️"
"UKBOTA","279","B/GM-0426","WW2 Coastal Observation Bunker, Loch Ewe","WW2 Observation Bunker","57.86535","-5.68524","IO77DU","","Ross-shire","IV22 2LT","","","🗺️"
"UKBOTA","279","B/GM-0427","WW2 Coastal Observation Bunker, Ness of Sound","WW2 Observation Bunker","60.13329","-1.15307","IP90KD","","Shetland","ZE1 0RN","","","🗺️"
"UKBOTA","279","B/GM-0428","WW2 Coastal Observation Bunker, Scad Head","WW2 Observation Bunker","58.88771","-3.23518","IO88JV","","Orkney","KW17 2RD","","","🗺️"
"UKBOTA","279","B/GM-0429","WW2 Coastal Observation Bunker, Tain","WW2 Observation Bunker","57.69448","-3.97576","IO87AQ","","Ross-shire","IV19 1QS","","","🗺️"
"UKBOTA","279","B/GM-0430","WW2 Coastal Observation Post Bunker, Kincraig (1)","WW2 Observation Bunker","56.18740","-2.86195","IO86NE","","Fife","KY9 1HB","","","🗺️"
"UKBOTA","279","B/GM-0431","WW2 Coastal Observation Post Bunker, Kincraig (2)","WW2 Observation Bunker","56.18713","-2.86268","IO86NE","","Fife","KY9 1HB","","","🗺️"
"UKBOTA","279","B/GM-0433","WW2 Observation Post Bunker, Smallholm","WW2 Observation Bunker","55.60409","-2.57471","IO85RO","","Roxburghshire","TD5 7PG","","","🗺️"
"UKBOTA","279","B/GM-0434","WW2 Observation Post Bunker, Finnarts Bay","WW2 Observation Bunker","55.00762","-5.04856","IO75LA","","Ayrshire","DG9 8RG","","","🗺️"
"UKBOTA","279","B/GM-0435","RAF West Freugh, WW2 ground defence bunker cluster","WW2 Airfield Defences","54.84743","-4.94775","IO74MU","","Wigtownshire","DG9 9DN","","","🗺️"
"UKBOTA","279","B/GM-0436","RAF Wig Bay, WW2 ground defence bunkers cluster","WW2 Airfield Defences","54.96843","-5.06928","IO74LX","","Wigtownshire","DG9 0NS","","","🗺️"
"UKBOTA","279","B/GM-0437","RAF Drem, WW2 ground defence bunker cluster","WW2 Airfield Defences","56.01925","-2.79439","IO86OA","","East Lothian","EH39 5AW","","","🗺️"
"UKBOTA","279","B/GM-0438","RAF MacMerry, WW2 ground defence bunker cluster","WW2 Airfield Defences","55.94850","-2.88492","IO85NW","","East Lothian","EH33 1GH","","","🗺️"
"UKBOTA","279","B/GM-0439","RAF Leuchars, WW2 ground defence bunker cluster","WW2 Airfield Defences","56.37466","-2.88462","IO86NI","","Fife","KY16 0JA","","","🗺️"
"UKBOTA","279","B/GM-0440","RAF Castletown, WW2 ground defence bunker cluster","WW2 Airfield Defences","58.58513","-3.35807","IO88HO","","Caithness","KW14 8SL","","","🗺️"
"UKBOTA","279","B/GM-0441","RAF Skitten, WW2 ground defence bunker cluster","WW2 Airfield Defences","58.49443","-3.17356","IO88JL","","Caithness","KW1 4RX","","","🗺️"
"UKBOTA","279","B/GM-0442","RNAS Evanton, WW2 ground defence bunker cluster","WW2 Airfield Defences","57.66799","-4.30126","IO77UQ","","Ross-shire","IV16 9XP","","","🗺️"
"UKBOTA","279","B/GM-0443","RAF Benbecula, WW2 ground defence bunker","WW2 Airfield Defences","57.48257","-7.36918","IO67HL","","Inverness-shire","HS7 5LW","","","🗺️"
"UKBOTA","279","B/GM-0444","RAF Kirkwall, WW2 ground defence bunker cluster","WW2 Airfield Defences","58.96092","-2.92178","IO88MX","","Orkney","KW15 1SS","","","🗺️"
"UKBOTA","279","B/GM-0445","RAF Errol, WW2 ground defence bunker cluster","WW2 Airfield Defences","56.39961","-3.18529","IO86JJ","","Perthshire","PH2 7TD","","","🗺️"
"UKBOTA","279","B/GM-0446","Grind, WW2 Decoy Control Bunker","WW2 Decoy Bunker","59.86856","-1.30821","IO99IU","","Shetland","ZE3 9JT","","","🗺️"
"UKBOTA","279","B/GM-0447","Deasbreck, WW2 Decoy Control Bunker","WW2 Decoy Bunker","59.10957","-3.21653","IO89JC","","Orkney","KW17 2JD","","","🗺️"
"UKBOTA","279","B/GM-0448","Dounby, WW2 Decoy Control Bunker","WW2 Decoy Bunker","59.07967","-3.19715","IO89JB","","Orkney","KW17 2JB","","","🗺️"
"UKBOTA","279","B/GM-0449","Grit Ness, WW2 Decoy Control Bunker","WW2 Decoy Bunker","59.11986","-3.10004","IO89KC","","Orkney","KW17 2PH","","","🗺️"
"UKBOTA","279","B/GM-0450","Isbister, WW2 Decoy Control Bunker","WW2 Decoy Bunker","59.03615","-3.05850","IO89LA","","Orkney","KW17 2ET","","","🗺️"
"UKBOTA","279","B/GM-0451","Shapinsay, WW2 Decoy Control Bunker","WW2 Decoy Bunker","59.03608","-2.83390","IO89NA","","Orkney","KW17 2EA","","","🗺️"
"UKBOTA","279","B/GM-0452","Sanday, WW2 Decoy Control Bunker","WW2 Decoy Bunker","59.25791","-2.52171","IO89RG","","Orkney","KW17 2BW","","","🗺️"
"UKBOTA","279","B/GM-0453","Lewis Battery, HQ Bunker","WW2 Decoy Bunker","58.21589","-6.39577","IO68TF","","Ross-shire","HS2 0XR","","","🗺️"
"UKBOTA","279","B/GM-0454","Greenland, WW2 Decoy Control Bunker","WW2 Decoy Bunker","58.60231","-3.29781","IO88IO","","Caithness","KW14 8SX","","","🗺️"
"UKBOTA","279","B/GM-0455","Thrumster, WW2 Decoy Control Bunker","WW2 Decoy Bunker","58.37684","-3.12879","IO88KJ","","Caithness","KW1 5TU","","","🗺️"
"UKBOTA","279","B/GM-0456","Easter Craigie, WW2 Decoy Control Bunker","WW2 Decoy Bunker","57.26843","-2.13014","IO87WG","","Aberdeenshire","AB23 8XQ","","","🗺️"
"UKBOTA","279","B/GM-0457","Bridgefield House, WW2 Decoy Control Bunker","WW2 Decoy Bunker","57.56443","-1.89869","IO97BN","","Aberdeenshire","AB42 4NT","","","🗺️"
"UKBOTA","279","B/GM-0458","Fort William, WW2 Decoy Control Bunker","WW2 Decoy Bunker","56.84849","-5.03811","IO76LU","","Inverness-shire","PH33 6SS","","","🗺️"
"UKBOTA","279","B/GM-0459","Lundin Links, WW2 Coastal Defence Bunkers","WW2 Coastal Defence Bunker","56.21059","-2.95405","IO86MF","","Fife","KY8 6BA","","","🗺️"
"UKBOTA","279","B/GM-0460","Balcormo Mill, WW2 Auxiliary OB Bunker","WW2 Decoy Bunker","56.22664","-2.79332","IO86OF","","Fife","KY10 2DG","","","🗺️"
"UKBOTA","279","B/GM-0461","Boghall, WW2 Naval Airfield Decoy Control Bunker","WW2 Decoy Bunker","56.31282","-2.66789","IO86PH","","Fife","KY16 8QA","","","🗺️"
"UKBOTA","279","B/GM-0462","High Ballevain Cottage,WW2 Decoy Control Bunker","WW2 Decoy Bunker","55.47974","-5.69633","IO75DL","","Argyllshire","PA28 6QD","","","🗺️"
"UKBOTA","279","B/GM-0463","Gourock, WW2 Naval Decoy","WW2 Decoy Bunker","55.94711","-4.83285","IO75OW","","Renfrewshire","PA16 0EQ","","","🗺️"
"UKBOTA","279","B/GM-0464","Whitelees, WW2 Naval Decoy Bunker","WW2 Decoy Bunker","55.92285","-4.76128","IO75OW","","Renfrewshire","PA16 9LP","","","🗺️"
"UKBOTA","279","B/GM-0465","Newark Hill, WW2 Decoy Control Bunker","WW2 Decoy Bunker","55.40910","-4.68203","IO75PJ","","Ayrshire","KA19 8EW","","","🗺️"
"UKBOTA","279","B/GM-0466","Old Kipproch, WW2 Decoy Control Bunker","WW2 Decoy Bunker","55.96361","-4.60698","IO75QX","","Dunbartonshire","G82 4HA","","","🗺️"
"UKBOTA","279","B/GM-0467","Gleniffer Braes, WW2 Decoy Control Bunker","WW2 Decoy Bunker","55.81009","-4.47652","IO75ST","","Renfrewshire","PA2 8UL","","","🗺️"
"UKBOTA","279","B/GM-0468","Peathill Wood, WW2 Decoy Control Bunker","WW2 Decoy Bunker","55.95796","-4.23603","IO75VW","","Stirlingshire","G64 4DN","","","🗺️"
"UKBOTA","279","B/GM-0469","Lodgehill, WW2 Decoy Control Bunker","WW2 Decoy Bunker","55.75539","-4.12943","IO75WS","","Lanarkshire","G74 2LF","","","🗺️"
"UKBOTA","279","B/GM-0470","Banton, WW2 Decoy Control Bunker","WW2 Decoy Bunker","56.00127","-4.03934","IO76XA","","Stirlingshire","G65 0RY","","","🗺️"
"UKBOTA","279","B/GM-0471","Preston Island, Naval Decoy Control Bunker","WW2 Decoy Bunker","56.05240","-3.59481","IO86EB","","Fife","KY12 8TL","","","🗺️"
"UKBOTA","279","B/GM-0472","Craigielands, WW2 Decoy Control Bunker","WW2 Decoy Bunker","55.29968","-3.45956","IO85GH","","Dumfriesshire","DG10 9RE","","","🗺️"
"UKBOTA","279","B/GM-0473","Edinburgh, WW2 Decoy Control Bunker","WW2 Decoy Bunker","55.97254","-3.27585","IO85IX","","Midlothian","EH4 5EX","","","🗺️"
"UKBOTA","279","B/GM-0474","Newton House, WW2 Starfish Decoy Bunker","WW2 Decoy Bunker","55.91524","-3.06549","IO85LV","","Midlothian","EH22 1GZ","","","🗺️"
"UKBOTA","279","B/GM-0475","Elie, Coastal Defence Bunkers","WW2 Coastal Defence Bunker","56.18813","-2.81605","IO86OE","","Fife","KY9 1BS","","","🗺️"
"UKBOTA","279","B/GM-0476","Georgefield, WW2 Decoy Control Bunker","WW2 Decoy Bunker","55.63946","-2.65718","IO85QP","","Berwickshire","TD4 6JP","","","🗺️"
"UKBOTA","279","B/GM-0477","Spruce Cleugh, WW2 Decoy Control Bunker","WW2 Decoy Bunker","55.94993","-2.51863","IO85RW","","East Lothian","EH42 1SH","","","🗺️"
"UKBOTA","279","B/GM-0478","Innermessan Battery, HQ Control Bunker","WW2 Bunker","54.92551","-4.98129","IO74MW","","Wigtownshire","DG9 8QR","","","🗺️"
"UKBOTA","279","B/GM-0479","Stranraer coastal observation post","WW2 observation bunker","55.01388","-5.05307","IO75LA","","Ayrshire","DG9 0PD","","","🗺️"
"UKBOTA","279","B/GM-0480","Alness Bay, coastal defence bunker","WW2 Coastal Defence Bunker","57.66783","-4.30119","IO77UQ","","Ross-shire","IV16 9XP","","","🗺️"
"UKBOTA","279","B/GM-0481","Nigg Ferry, coastal defence bunker","WW2 Coastal Defence Bunker","57.69259","-4.02071","IO77XQ","","Ross-shire","IV19 1QY","","","🗺️"
"UKBOTA","279","B/GM-0482","Lummerlaws, coastal defence bunker","WW2 Coastal Defence Bunker","56.05725","-3.22396","IO86JB","","Fife","KY3 9BS","","","🗺️"
"UKBOTA","279","B/GM-0483","Peffer Sands, coastal defence bunker","WW2 Coastal Defence Bunker","56.03720","-2.61144","IO86QA","","East Lothian","EH42 1XP","","","🗺️"
"UKBOTA","279","B/GM-0484","Lunan Bay, coastal defence bunker","WW2 Coastal Defence Bunker","56.64214","-2.50736","IO86RP","","Angus","DD11 5SS","","","🗺️"
"UKBOTA","279","B/GM-0485","Bervie Bay, coastal defence bunker","WW2 Coastal Defence Bunker","56.84041","-2.27600","IO86UU","","Kincardineshire","DD10 0PE","","","🗺️"
"UKBOTA","279","B/GM-0486","Lossiemouth.coastal defence bunkers (cluster)","WW2 Coastal Defence Bunker","57.72487","-3.33764","IO87HR","","Morayshire","IV31 6SP","","","🗺️"
"UKBOTA","279","B/GM-0487","Sandend Bay, coastal defence bunker","WW2 Coastal Defence Bunker","57.68368","-2.74842","IO87PQ","","Banffshire","AB45 2UA","","","🗺️"
"UKBOTA","279","B/GM-0488","Banff Harbour, coastal defence bunker","WW2 Coastal Defence Bunker","57.66888","-2.52248","IO87RQ","","Banffshire","AB45 1HW","","","🗺️"
"UKBOTA","279","B/GM-0489","Aberdeen, coastal defence bunker","WW2 Coastal Defence Bunker","57.16948","-2.07939","IO87XE","","Aberdeenshire","AB24 1XL","","","🗺️"
"UKBOTA","279","B/GM-0490","Fraserburgh , coastal defence bunker (cluster)","WW2 Coastal Defence Bunker","57.68066","-2.00122","IO87XQ","","Aberdeenshire","AB43 8TL","","","🗺️"
"UKBOTA","279","B/GM-0492","Black Point, coastal defence bunker","WW2 Coastal Defence Bunker","58.47461","-3.09344","IO88KL","","Caithness","KW1 4RL","","","🗺️"
"UKBOTA","279","B/GM-0493","Tang Head, coastal defence bunker","WW2 Coastal Defence Bunker","58.53308","-3.11163","IO88KM","","Caithness","KW1 4AT","","","🗺️"
"UKBOTA","279","B/GM-0494","Fraserburgh Bay, coastal defence bunker","WW2 Coastal Defence Bunker","57.67486","-1.95316","IO97AQ","","Aberdeenshire","AB43 8TQ","","","🗺️"
"UKBOTA","279","B/GM-0495","Cairnbulg, coastal defence bunker","WW2 Coastal Defence Bunker","57.67994","-1.94271","IO97AQ","","Aberdeenshire","AB43 8WT","","","🗺️"
"UKBOTA","279","B/GM-0496","Lunderton Bay, coastal defence bunkers (cluster)","WW2 Coastal Defence Bunker","57.53523","-1.80671","IO97CM","","Aberdeenshire","AB42 3EL","","","🗺️"
"UKBOTA","279","B/GM-0497","Rattray Head, coastal defence bunkers (cluster)","WW2 Coastal Defence Bunker","57.60870","-1.82878","IO97CO","","Aberdeenshire","AB42 3HA","","","🗺️"
"UKBOTA","279","B/GM-0498","Coastal Defence Bunker Cluster, Kilgcreggan","WW2 Coastal Defence Bunker","55.98460","-4.80803","IO75OX","","Dunbartonshire","G84 0LG","","","🗺️"
"UKBOTA","279","B/GM-0499","WW2 AA Battery Bunker, Flatterton","WW2 Gun Battery Bunker","55.93264","-4.83660","IO75NW","","Renfrewshire","PA16 0XE","","","🗺️"
"UKBOTA","279","B/GM-0500","WW2 AA Battery Bunker, Larkfield","WW2 Gun Battery Bunker","55.94959","-4.80974","IO75OW","","Renfrewshire","PA19 1YW","","","🗺️"
"UKBOTA","279","B/GM-0501","WW2 AA Battery, Whinhill","WW2 Gun Battery Bunker","55.93658","-4.76243","IO75OW","","Renfrewshire","PA16 9LN","","","🗺️"
"UKBOTA","279","B/GM-0502","WW2 AA Gun Battery Bunker, High Mathernock","WW2 Gun Battery Bunker","55.90294","-4.68588","IO75PV","","Renfrewshire","PA13 4SP","","","🗺️"
"UKBOTA","279","B/GM-0503","WW2 AA Gun Battery Bunker, Houston","WW2 Gun Battery Bunker","55.86692","-4.56974","IO75RU","","Renfrewshire","PA11 3ST","","","🗺️"
"UKBOTA","279","B/GM-0504","WW2 Pillbox cluster, Isle of Arran (Holy Island)","WW2","55.52956","-5.08422","IO75KM","","Buteshire","KA27 8PL","","","🗺️"
"UKBOTA","279","B/GM-0505","WW2 AA Gun Battery Bunker, Bogside","WW2 Gun Battery Bunker","55.91364","-4.59984","IO75QV","","Renfrewshire","PA14 6YN","","","🗺️"
"UKBOTA","279","B/GM-0506","Merville House bunker","WW2 Aux County HQ","56.30321","-3.12750","IO86KH","","Fife","KY15 7RF","","","🗺️"
"UKBOTA","279","B/GM-0507","Stranraer gun operations bunker","WW2 Bunker","54.90127","-5.00723","IO74LV","","Wigtownshire","DG9 8RN","","","🗺️"
"UKBOTA","279","B/GM-0508","Clyde N9 Mugdock HAA site, Command Post","Battery Command Post","55.96653","-4.33587","IO75TX","","Stirlingshire","G62 8EN","","","🗺️"
"UKBOTA","279","B/GM-0509","Clyde AN4 Geilston/Cardross HAA gun site","Battery Command Post","55.96014","-4.66645","IO75QX","","Dunbartonshire","G82 5HB","","","🗺️"
"UKBOTA","279","B/GM-0510","Clyde S14 Milnthird HAA gun site","Battery Command Post","55.78427","-4.47371","IO75SS","","Renfrewshire","G78 3AT","","","🗺️"
"UKBOTA","279","B/GM-0511","Clyde GSG1 S1 Blantyreferme HAA gun site","Battery Command Post","55.81384","-4.10522","IO75WT","","Lanarkshire","G72 9UN","","","🗺️"
"UKBOTA","279","B/GM-0512","Clyde N12 Ryding HAA gun site","Battery Command Post","55.89838","-3.99929","IO85AV","","Lanarkshire","ML6 0PR","","","🗺️"
"UKBOTA","279","B/GM-0513","Leswalt HAA Battery","Battery Command Post","54.93268","-5.10954","IO74KW","","Wigtownshire","DG9 0RH","","","🗺️"
"UKBOTA","279","B/GM-0514","Hillhead Of Craichmore Steading Stanton Shelter","WW2 Air Raid Shelter","54.93213","-5.07371","IO74LW","","Wigtownshire","DG9 0PW","","","🗺️"
"UKBOTA","279","B/GM-0515","Cailiness Point WW2 Observation Post","WW2 Observation Post","54.68183","-4.86981","IO74NQ","","Wigtownshire","DG9 9QZ","","","🗺️"
"UKBOTA","279","B/GM-0516","Dunragit Radar Station","WW2 Radar","54.87940","-4.93671","IO74MV","","Wigtownshire","DG9 8PB","","","🗺️"
"UKBOTA","279","B/GM-0517","Castle Kennedy Air Gunnery Air Raid Shelter","WW2 Air Raid Shelter","54.90358","-4.95754","IO74MV","","Wigtownshire","DG9 8RU","","","🗺️"
"UKBOTA","279","B/GM-0518","Barlae Bombing range shelter (WW2)","WW2 Shelter","54.91227","-4.73965","IO74PV","","Wigtownshire","DG8 0NU","","","🗺️"
"UKBOTA","279","B/GM-0519","Flow Of Arriequhillart Observation post #1","WW2 Observation Post","54.82765","-4.59133","IO74QT","","Wigtownshire","DG8 9RJ","","","🗺️"
"UKBOTA","279","B/GM-0520","Flow Of Arriequhillart Observation post #2","WW2 Observation Post","54.83013","-4.57652","IO74RT","","Wigtownshire","DG8 9RL","","","🗺️"
"UKBOTA","279","B/GM-0521","Burrow Head Battery Command Post","Burrow Head Battery","54.67888","-4.40394","IO74TQ","","Wigtownshire","DG8 8JB","","","🗺️"
"UKBOTA","279","B/GM-0522","Kidsdale Airfield WW Pillbox cluster","WW2 Pillbox cluster","54.70000","-4.41300","IO74TQ","","Wigtownshire","DG8 8HY","","","🗺️"
"UKBOTA","279","B/GM-0523","The Old Fort Observation Post (WW2)","WW2 Observation Post","54.73414","-4.36414","IO74TR","","Wigtownshire","DG8 8HW","","","🗺️"
"UKBOTA","279","B/GM-0524","Wigtown Bay WW2 Quadrant Shelter","WW2 Shelter","54.74929","-4.36299","IO74TR","","Wigtownshire","DG8 8HN","","","🗺️"
"UKBOTA","279","B/GM-0525","Coastal Battery Cloch Point","Battery Command Post","55.94194","-4.87816","IO75NW","","Renfrewshire","PA19 1AZ","","","🗺️"
"UKBOTA","279","B/GM-0526","Port Glasgow Air Raid Shelter (Gourock Rope Works)","WW2 Bunker cluster","55.93286","-4.68187","IO75PW","","Renfrewshire","PA14 5EN","","","🗺️"
"UKBOTA","279","B/GM-0527","Spikey Island WW2 Pillbox","WW2 Pillbox","56.01179","-2.57644","IO86RA","","East Lothian","EH42 1XF","","","🗺️"
"UKBOTA","279","B/GM-0528","Little Laight Hill HAA Battery, Command Post","Battery Command Post","54.99517","-5.03113","IO74LX","","Wigtownshire","DG9 8RE","","","🗺️"
"UKBOTA","279","B/GM-0529","Wig Sands on The Scar Officers Post","Defence Officers Post","54.96853","-5.06213","IO74LX","","Wigtownshire","DG9 0NS","","","🗺️"
"UKBOTA","279","B/GM-0530","Whiteleys HAA Battery, Command Post","Battery Command Post","54.88201","-5.01147","IO74LV","","Wigtownshire","DG9 8LY","","","🗺️"
"UKBOTA","279","B/GM-0531","West Freugh WW2 Pillbox Cluster","WW2 Pillbox","54.85795","-4.94267","IO74MU","","Wigtownshire","DG9 9ET","","","🗺️"
"UKBOTA","279","B/GM-0532","Girvan WW2 Air Raid Shelter","WW2 Air Raid Shelter","55.24060","-4.85493","IO75NF","","Ayrshire","KA26 9DA","","","🗺️"
"UKBOTA","279","B/GM-0533","Turnberry Airfield WW2 bomb store","Airfield unitions bunker","55.32400","-4.83100","IO75OH","","Ayrshire","KA26 9PB","","","🗺️"
"UKBOTA","279","B/GM-0534","Ayr WW2 Air Raid Shelter","WW2 Air Raid shelter cluster","55.51585","-4.57360","IO75RM","","Ayrshire","KA9 2FS","","","🗺️"
"UKBOTA","279","B/GM-0535","Irvine WW2 Pillbox","WW2 Pillbox cluster","55.59905","-4.68225","IO75PO","","Ayrshire","KA12 8LH","","","🗺️"
"UKBOTA","279","B/GM-0536","Barrapol Chain Home","Chain Home Station","56.47904","-6.93224","IO66ML","","Argyllshire","PA77 6XJ","","","🗺️"
"UKBOTA","279","B/GM-0537","Tiree Airfield Battle HQ","ABHQ","56.49700","-6.87700","IO66NL","","Argyllshire","PA77 6UW","","","🗺️"
"UKBOTA","279","B/GM-0538","Greian Head Chain Home","Radar Station","57.01141","-7.50820","IO67FA","","Inverness-shire","HS9 5XX","","","🗺️"
"UKBOTA","279","B/GM-0539","Barra WW2 Air Raid Shelter","Air Raid Shelter","57.01119","-7.50672","IO67FA","","Inverness-shire","HS9 5XX","","","🗺️"
"UKBOTA","279","B/GM-0540","Benbecula WW2 Air Raid Shelter","Air Raid Shelter","57.46296","-7.39428","IO67HL","","Inverness-shire","HS7 5LU","","","🗺️"
"UKBOTA","279","B/GM-0541","Borve Castle Radar Station","Chain Home","57.43027","-7.37811","IO67HK","","Inverness-shire","HS7 5PN","","","🗺️"
"UKBOTA","279","B/GM-0542","Benbecula Airfield Battle HQ","ABHQ","57.47146","-7.35749","IO67HL","","Inverness-shire","HS7 5LX","","","🗺️"
"UKBOTA","279","B/GM-0543","Rodel Park Chain Home","Radar Station","57.74761","-6.95532","IO67MR","","Inverness-shire","HS5 3TW","","","🗺️"
"UKBOTA","279","B/GM-0544","Islibhig Chain Home","Radar Station","58.15131","-7.09915","IO68KD","","Ross-shire","HS2 9HA","","","🗺️"
"UKBOTA","279","B/GM-0545","Stornoway Battery, command bunker","Battery Command Post","58.20074","-6.32328","IO68UE","","Ross-shire","HS2 0AZ","","","🗺️"
"UKBOTA","279","B/GM-0546","Habost Radar Station","Radar Station","58.48269","-6.27407","IO68UL","","Ross-shire","HS2 0TA","","","🗺️"
"UKBOTA","279","B/GM-0547","Eorold Radar Station","Radar Station","58.48227","-6.23581","IO68VL","","Ross-shire","HS2 0TW","","","🗺️"
"UKBOTA","279","B/GM-0548","Eorold Air Raid Shelter x 3","WW2 Air Raid Shelter","58.48808","-6.24397","IO68VL","","Ross-shire","HS2 0XB","","","🗺️"
"UKBOTA","279","B/GM-0549","Sanday RDF Tower","RDF Tower","59.24541","-2.63298","IO89QF","","Orkney","KW17 2AY","","","🗺️"
"UKBOTA","279","B/GM-0550","Whalehead Battery, command bunker","Battery Command Post","59.28075","-2.40680","IO89TG","","Orkney","KW17 2BP","","","🗺️"
"UKBOTA","279","B/GM-0551","Fair Isle North Chain Home","Coast Defence Radar Station","59.54597","-1.63178","IO99EN","","Shetland","ZE2 9JU","","","🗺️"
"UKBOTA","279","B/GM-0552","Fair Isle South Chain Home","Coast Defence Radar Station","59.51382","-1.65027","IO99EM","","Shetland","ZE2 9JU","","","🗺️"
"UKBOTA","279","B/GM-0553","Fair Isle Battery","Battery Command Post","59.51404","-1.65028","IO99EM","","Shetland","ZE2 9JU","","","🗺️"
"UKBOTA","279","B/GM-0554","Benderloch HAA Battery, command bunker","Battery Command Post","56.49050","-5.45505","IO76GL","","Argyllshire","PA37 1QT","","","🗺️"
"UKBOTA","279","B/GM-0555","Oban HAA Battery, command bunker","Battery Command Post","56.52396","-5.41580","IO76HM","","Argyllshire","PA37 1AW","","","🗺️"
"UKBOTA","279","B/GM-0556","Dunollie Rocket Projector Battery","Battery Command Post","56.42661","-5.48248","IO76GK","","Argyllshire","PA34 5TT","","","🗺️"
"UKBOTA","279","B/GM-0557","Oban Minefield Control Tower","WW2 Bunker","56.38890","-5.51886","IO76FJ","","Argyllshire","PA34 4QH","","","🗺️"
"UKBOTA","279","B/GM-0558","Kinlochleven WW2 Pillbox","WW2 Pillbox","56.70906","-5.00272","IO76LR","","Argyllshire","PH50 4RL","","","🗺️"
"UKBOTA","279","B/GM-0559","Kendrom Chain Home Station","Chain Home Station","57.68126","-6.27649","IO67UQ","","Inverness-shire","IV51 9UP","","","🗺️"
"UKBOTA","279","B/GM-0560","Highland WW2 Signal Station bunker","Signal Station","57.86628","-5.64613","IO77EU","","Ross-shire","IV22 2JL","","","🗺️"
"UKBOTA","279","B/GM-0561","Inverasdale LAA Battery. command bunker","Battery Command Post","57.83902","-5.68416","IO77DU","","Ross-shire","IV22 2LS","","","🗺️"
"UKBOTA","279","B/GM-0562","Loch Ewe HAA Battery","Battery Command Post","57.82824","-5.67351","IO77DT","","Ross-shire","IV22 2LQ","","","🗺️"
"UKBOTA","279","B/GM-0563","Maud WW2 Pillbox","WW2 Pillbox","57.52158","-2.12488","IO87WM","","Aberdeenshire","AB42 4NW","","","🗺️"
"UKBOTA","279","B/GM-0564","Fyvie WW2 Pillbox","WW2 Pillbox","57.42801","-2.39608","IO87TK","","Aberdeenshire","AB53 8JP","","","🗺️"
"UKBOTA","279","B/GM-0565","Buddo Ness WW2 Pillbox and lookout post","WW2 Pillbox / Lookout Post","56.32630","-2.71034","IO86PH","","Fife","KY16 8PZ","","","🗺️"
"UKBOTA","279","B/GM-0566","Balcomie WW2 Observation Post","WW2 Coastal Observation Post","56.28698","-2.60607","IO86QG","","Fife","KY10 3XN","","","🗺️"
"UKBOTA","279","B/GM-0567","Balcomie WW2 Pillbox","WW2 Pillbox","56.28134","-2.59393","IO86QG","","Fife","KY10 3XN","","","🗺️"
"UKBOTA","279","B/GM-0568","Foreland Head Pillbox Cluster","WW2 Pillbox Cluster","56.27892","-2.58570","IO86QG","","Fife","KY10 3XN","","","🗺️"
"UKBOTA","279","B/GM-0569","Crail Airfiled WW2 Pillbox Cluster #1","WW2 Pillbox","56.27296","-2.59190","IO86QG","","Fife","KY10 3XN","","","🗺️"
"UKBOTA","279","B/GM-0570","Crail Airfiled WW2 Pillbox Cluster #2","WW2 Pillbox","56.26700","-2.60700","IO86QG","","Fife","KY10 3XS","","","🗺️"
"UKBOTA","279","B/GM-0571","Caiplie Burn Aux Unit Operational Base","WW2 Aux OB","56.24200","-2.65179","IO86QF","","Fife","KY10 3XB","","","🗺️"
"UKBOTA","279","B/GM-0572","St Andrews WW2 Pillbox","Pillbox","56.34473","-2.80346","IO86OI","","Fife","KY16 9JD","","","🗺️"
"UKBOTA","279","B/GM-0573","Dunino Airfield WW2 Pillbox Cluster #1","WW2 Pillbox Cluster","56.28888","-2.69871","IO86PG","","Fife","KY16 8QF","","","🗺️"
"UKBOTA","279","B/GM-0574","Dunino Airfield WW2 Pillbox Cluster #2","WW2 Pillbox Cluster","56.29780","-2.69884","IO86PH","","Fife","KY16 8QF","","","🗺️"
"UKBOTA","279","B/GM-0575","RAF Stornoway WW2 Blast Shelter","Airfield Blast Shelter","58.21600","-6.33500","IO68TF","","Ross-shire","HS2 0AB","","","🗺️"
"UKBOTA","279","B/GM-0576","Dalbeattie, Royal Naval Armaments Depot, Bunker cluster","WW2 Bunker cluster","54.94840","-3.80744","IO84CW","","Kirkcudbrightshire","DG5 4NA","","","🗺️"
"UKBOTA","279","B/GM-0577","Isle of Coll Observer Post","WW2","56.67410","-6.49596","IO66SQ","","Argyllshire","PA78 6TE","","","🗺️"
"UKBOTA","279","B/GM-0578","Isle of Bute Bombing Decoy","WW2","55.92500","-5.18500","IO75JW","","Buteshire","PA21 2EH","","","🗺️"
"UKBOTA","279","B/GM-0579","Isle of Bute Bombing Decoy","WW2","55.91000","-5.14700","IO75KV","","Buteshire","PA22 3AS","","","🗺️"
"UKBOTA","279","B/GM-0580","RAF Turnhouse UNITER Bunker","Cold War Bunker","56.12775","-3.48737","IO86GD","","Fife","KY12 9LS","","","🗺️"
"UKBOTA","279","B/GM-0581","Fort George UNITER Bunker","Cold War Bunker","57.58456","-4.04861","IO77XO","","Inverness-shire","IV2 7TD","","","🗺️"
"UKBOTA","279","B/GM-0582","Carsaig Chain Home Low radar station","Chain Home Station","56.32281","-5.97563","IO76AH","","Argyllshire","PA70 6HD","","","🗺️"
"UKBOTA","279","B/GM-0583","Isle of Bute Bombing Decoy x2","WW2","55.91000","-5.14700","IO75KV","","Buteshire","PA22 3AS","","","🗺️"
"UKBOTA","279","B/GM-0584","Cramond Coast Battery","WW2 Coastal Defence Bunker","55.99415","-3.28907","IO85IX","","Midlothian","EH4 5ES","","","🗺️"
"UKBOTA","279","B/GM-0585","ROF Bishopton. Various bunkers and tunnels.","WW2 Ground Defence","55.89470","-4.52912","IO75RV","","Renfrewshire","PA6 7BS","","","🗺️"
"UKBOTA","279","B/GM-0586","Loch Garve Pillbox Cluster","WW2 Pillbox","57.59495","-4.66400","IO77QO","","Ross-shire","IV23 2PT","","","🗺️"
"UKBOTA","279","B/GM-0587","Invergordon Pillbox Cluster","WW2 Pillbox","57.69069","-4.18687","IO77VQ","","Ross-shire","IV18 0BD","","","🗺️"
"UKBOTA","279","B/GM-0588","Charlesfield Bomb Factory","Incendary bomb factory","55.55816","-2.65901","IO85QN","","Roxburghshire","TD6 0HH","","","🗺️"
"UKBOTA","279","B/GM-0589","RAF Leuchars WW2 Bomb Stores","WW2 Bomb Stores","56.37081","-2.86507","IO86NI","","Fife","KY16 0LJ","","","🗺️"
"UKBOTA","279","B/GM-0590","RAF Leuchars Cold War Missile Stores","Cold War Bunkers","56.37059","-2.85237","IO86NI","","Fife","KY16 0LJ","","","🗺️"
"UKBOTA","279","B/GM-0591","Craiglich Pillbox","Pillbox","57.14454","-2.78577","IO87OD","","Aberdeenshire","AB34 4TN","","","🗺️"
"UKBOTA","279","B/GM-0592","Hillhead CH Pillbox cluster","Pillbox","57.64505","-2.09912","IO87WP","","Aberdeenshire","AB43 7BX","","","🗺️"
"UKBOTA","279","B/GM-0593","Bervie Bay pillbox","Pillbox","56.84389","-2.27029","IO86UU","","Kincardineshire","DD10 0QZ","","","🗺️"
"UKBOTA","279","B/GM-0594","Air raid shelter, Alloa","Air Raid Shelter","56.11232","-3.79337","IO86CC","","Clackmannanshire","FK10 1AN","","","🗺️"
"UKBOTA","279","B/GM-0595","ROC Post Alloa","ROC Bunker","56.12524","-3.79507","IO86CD","EDI","Clackmannanshire","FK10 3BG","","","🗺️"
"UKBOTA","279","B/GM-0596","East Bonhard Machine Gun bunker","WW2 Bunker","56.42634","-3.36379","IO86HK","","Perthshire","PH2 7PJ","","","🗺️"
"UKBOTA","279","B/GM-0597","Tayforth pillbox","Pillbox","56.58480","-3.98227","IO86AO","","Perthshire","PH15 2HB","","","🗺️"
"UKBOTA","279","B/GM-0598","RAF Wigtown (Baldoon) pillbox cluster #2","Pillbox","54.85741","-4.43768","IO74SU","","Wigtownshire","DG8 9ED","","","🗺️"
"UKBOTA","279","B/GM-0599","RAF Wigtown (Baldoon) pillbox cluster #1","Pillbox","54.84003","-4.44993","IO74SU","","Wigtownshire","DG8 9AQ","","","🗺️"
"UKBOTA","279","B/GM-0600","RAF Wigtown (Baldoon) OP","Observation Post","54.84616","-4.43610","IO74SU","","Wigtownshire","DG8 9AF","","","🗺️"
"UKBOTA","279","B/GM-0601","Crammag Head OP","Observation Post","54.66511","-4.96455","IO74MP","","Wigtownshire","DG9 9HG","","","🗺️"
"UKBOTA","106","B/GU-0001","Guernsey Civil Defence HQ","Civil Defence","49.44707","-2.55652","IN89RK","","Channel Islands","","","","🗺️"
"UKBOTA","106","B/GU-0002","St Martin Monitoring Post","Monitoring Post","49.42820","-2.53454","IN89RK","","Channel Islands","","","","🗺️"
"UKBOTA","106","B/GU-0003","Torteval Monitoring Post","Monitoring Post","49.43261","-2.65793","IN89QK","","Channel Islands","","","","🗺️"
"UKBOTA","106","B/GU-0004","Vale Monitoring Post","Monitoring Post","49.49384","-2.52070","IN89RL","","Channel Islands","","","","🗺️"
"UKBOTA","106","B/GU-0005","Alderney Civil Defence HQ & Monitoring Post","Civil Defence","49.71510","-2.19053","IN89VR","","Channel Islands","","","","🗺️"
"UKBOTA","106","B/GU-0006","East Coast Command Bunker, Beau Sejour, Guernsey","WW2 Command Bunker","49.46336","-2.54103","IN89RL","","Channel Islands","","","","🗺️"
"UKBOTA","294","B/GW-0001","ROC Post Llanfaethlu Master Post","ROC Bunker","53.35221","-4.53862","IO73RI","NWA","Anglesey","LL65 4NU","true","","🗺️"
"UKBOTA","294","B/GW-0002","ROC Post Rhosneigr","ROC Bunker","53.23369","-4.51422","IO73RF","NWA","Anglesey","LL64 5QX","","","🗺️"
"UKBOTA","294","B/GW-0003","ROC Post Newborough","ROC Bunker","53.16144","-4.36727","IO73TD","NWA","Anglesey","LL61 6SG","","","🗺️"
"UKBOTA","294","B/GW-0004","ROC Post Amlwch Master Post","ROC Bunker","53.41218","-4.34988","IO73TJ","NWA","Anglesey","LL68 9AP","true","","🗺️"
"UKBOTA","294","B/GW-0005","ROC Post Llangefni","ROC Bunker","53.26369","-4.31609","IO73UG","NWA","Anglesey","LL77 7TQ","","","🗺️"
"UKBOTA","294","B/GW-0006","ROC Post Marianglas Master Post","ROC Bunker","53.33118","-4.25186","IO73UH","NWA","Anglesey","LL73 8NY","true","","🗺️"
"UKBOTA","294","B/GW-0007","ROC Post Abercrave","ROC Bunker","51.80140","-3.72184","IO81DT","SWA","Brecknockshire","SA9 1XG","","","🗺️"
"UKBOTA","294","B/GW-0008","ROC Post Abergwesyn","ROC Bunker","52.16453","-3.66900","IO82DD","SWA","Brecknockshire","LD5 4TP","","","🗺️"
"UKBOTA","294","B/GW-0009","ROC Post Sennybridge","ROC Bunker","51.94589","-3.56805","IO81FW","SWA","Brecknockshire","LD3 8RS","","","🗺️"
"UKBOTA","294","B/GW-0010","ROC Post Llangammarch Wells","ROC Bunker","52.11621","-3.56657","IO82FC","SWA","Brecknockshire","LD4 4BY","","","🗺️"
"UKBOTA","294","B/GW-0011","ROC Post Brecon","ROC Bunker","51.93403","-3.38872","IO81HW","BRI","Brecknockshire","LD3 8AQ","","","🗺️"
"UKBOTA","294","B/GW-0012","ROC Post Builth Wells","ROC Bunker","52.14492","-3.39235","IO82HD","SWA","Brecknockshire","LD2 3DQ","","","🗺️"
"UKBOTA","294","B/GW-0013","ROC Post Erwood Master Post","ROC Bunker","52.07666","-3.32310","IO82IB","BRI","Brecknockshire","LD2 3EQ","true","","🗺️"
"UKBOTA","294","B/GW-0014","ROC Post Talybont-on-Usk","ROC Bunker","51.89887","-3.29461","IO81IV","BRI","Brecknockshire","LD3 7UX","","","🗺️"
"UKBOTA","294","B/GW-0015","ROC Post Talgarth","ROC Bunker","51.99284","-3.22625","IO81JX","BRI","Brecknockshire","LD3 0DR","","","🗺️"
"UKBOTA","294","B/GW-0016","ROC Post Brynmawr","ROC Bunker","51.80515","-3.18576","IO81JT","BRI","Brecknockshire","NP23 4TF","","","🗺️"
"UKBOTA","294","B/GW-0017","ROC Post Hay-on-Wye","ROC Bunker","52.08179","-3.13324","IO82KB","BRI","Radnorshire","HR3 5RS","","","🗺️"
"UKBOTA","294","B/GW-0018","ROC Post Aberdaron","ROC Bunker","52.80456","-4.72040","IO72PT","NWA","Caernarfonshire","LL53 8BU","","","🗺️"
"UKBOTA","294","B/GW-0019","ROC Post Nefyn","ROC Bunker","52.93637","-4.56317","IO72RW","NWA","Caernarfonshire","LL53 6DA","","","🗺️"
"UKBOTA","294","B/GW-0020","ROC Post Abersoch","ROC Bunker","52.83106","-4.52222","IO72RT","NWA","Caernarfonshire","LL53 7UL","","","🗺️"
"UKBOTA","294","B/GW-0021","ROC Post Trefor","ROC Bunker","52.99162","-4.42011","IO72SX","NWA","Caernarfonshire","LL54 5HN","","","🗺️"
"UKBOTA","294","B/GW-0022","ROC Post Chwilog Master Post","ROC Bunker","52.92424","-4.32276","IO72UW","NWA","Caernarfonshire","LL53 6SW","true","","🗺️"
"UKBOTA","294","B/GW-0023","ROC Post Pen-y-Groes","ROC Bunker","53.05631","-4.27644","IO73UB","NWA","Caernarfonshire","LL54 6RF","","","🗺️"
"UKBOTA","294","B/GW-0024","ROC Post Ceunant","ROC Bunker","53.12440","-4.19843","IO73VC","NWA","Caernarfonshire","LL55 4SA","","","🗺️"
"UKBOTA","294","B/GW-0025","ROC Post Portmadoc","ROC Bunker","52.91341","-4.14310","IO72WV","NWA","Caernarfonshire","LL49 9UF","","","🗺️"
"UKBOTA","294","B/GW-0026","ROC Post Bangor","ROC Bunker","53.21826","-4.12924","IO73WF","NWA","Caernarfonshire","LL57 1EQ","","","🗺️"
"UKBOTA","294","B/GW-0027","ROC Post Beddgelert","ROC Bunker","53.01660","-4.11422","IO73WA","NWA","Caernarfonshire","LL55 4UU","","","🗺️"
"UKBOTA","294","B/GW-0028","ROC Post Llanfairfechan","ROC Bunker","53.24828","-3.98428","IO83AF","NWA","Caernarfonshire","LL33 0ED","","","🗺️"
"UKBOTA","294","B/GW-0029","ROC Post Capel Curig","ROC Bunker","53.10641","-3.91291","IO83BC","NWA","Caernarfonshire","LL24 0EN","","","🗺️"
"UKBOTA","294","B/GW-0030","ROC Post Tyn-y-Groes","ROC Bunker","53.22886","-3.83866","IO83BF","NWA","Caernarfonshire","LL32 8SZ","","","🗺️"
"UKBOTA","294","B/GW-0031","ROC Post Llandudno Master Post","ROC Bunker","53.31507","-3.83906","IO83BH","NWA","Caernarfonshire","LL30 2PQ","true","","🗺️"
"UKBOTA","294","B/GW-0032","ROC Post Penmachno","ROC Bunker","53.03866","-3.80102","IO83CA","NWA","Caernarfonshire","LL24 0AZ","","","🗺️"
"UKBOTA","294","B/GW-0033","ROC Post Cardigan","ROC Bunker","52.06643","-4.67791","IO72PB","SWA","Pembrokeshire","SA43 3NP","","","🗺️"
"UKBOTA","294","B/GW-0034","ROC Post Aberporth","ROC Bunker","52.12445","-4.59285","IO72QC","SWA","Cardiganshire","SA43 1RW","","","🗺️"
"UKBOTA","294","B/GW-0035","ROC Post Newcastle Emlyn Master Post","ROC Bunker","52.04894","-4.46581","IO72SB","SWA","Cardiganshire","SA38 9EN","true","","🗺️"
"UKBOTA","294","B/GW-0036","ROC Post New Quay","ROC Bunker","52.21532","-4.36844","IO72TF","SWA","Cardiganshire","SA45 9TY","","","🗺️"
"UKBOTA","294","B/GW-0037","ROC Post Llandysul","ROC Bunker","52.06334","-4.34638","IO72TB","SWA","Cardiganshire","SA44 4SP","","","🗺️"
"UKBOTA","294","B/GW-0038","ROC Post Llanon","ROC Bunker","52.27929","-4.17467","IO72VG","SWA","Cardiganshire","SY23 5HX","","","🗺️"
"UKBOTA","294","B/GW-0039","ROC Post Lampeter Master Post","ROC Bunker","52.11578","-4.07220","IO72XC","SWA","Cardiganshire","SA48 7HP","true","","🗺️"
"UKBOTA","294","B/GW-0040","ROC Post Aberystwyth","ROC Bunker","52.42601","-4.06613","IO72XK","SWA","Cardiganshire","SY23 3FP","","","🗺️"
"UKBOTA","294","B/GW-0041","ROC Post Eglwysfach","ROC Bunker","52.53341","-3.95233","IO82AM","NWA","Cardiganshire","SY20 8PX","","","🗺️"
"UKBOTA","294","B/GW-0042","ROC Post Tregaron","ROC Bunker","52.22056","-3.93828","IO82AF","SWA","Cardiganshire","SY25 6HR","","","🗺️"
"UKBOTA","294","B/GW-0043","ROC Post Trawsgoed Master Post","ROC Bunker","52.33212","-3.93964","IO82AH","SWA","Cardiganshire","SY23 4BN","true","","🗺️"
"UKBOTA","294","B/GW-0044","ROC Post Ponterwyd","ROC Bunker","52.42198","-3.83637","IO82BK","SWA","Cardiganshire","SY23 3LB","","","🗺️"
"UKBOTA","294","B/GW-0045","ROC Post Llanboidy","ROC Bunker","51.87870","-4.60759","IO71QV","SWA","Carmarthenshire","SA34 0ET","","","🗺️"
"UKBOTA","294","B/GW-0046","ROC Post Laugharne","ROC Bunker","51.76191","-4.46448","IO71SS","SWA","Carmarthenshire","SA33 4TD","","","🗺️"
"UKBOTA","294","B/GW-0047","ROC Post Cynwyl Elfed - Convill","ROC Bunker","51.92091","-4.40337","IO71TW","SWA","Carmarthenshire","SA33 6ET","","","🗺️"
"UKBOTA","294","B/GW-0048","ROC Post Carmarthen","ROC Bunker","51.86713","-4.30957","IO71UU","SWA","Carmarthenshire","SA31 1TR","","","🗺️"
"UKBOTA","294","B/GW-0049","ROC Post Kidwelly Master Post","ROC Bunker","51.73396","-4.29539","IO71UR","SWA","Carmarthenshire","SA17 4LF","true","","🗺️"
"UKBOTA","294","B/GW-0050","ROC Post Pencader","ROC Bunker","52.01030","-4.25792","IO72UA","SWA","Carmarthenshire","SA39 9BD","","","🗺️"
"UKBOTA","294","B/GW-0051","ROC Post Dryslwyn Master Post","ROC Bunker","51.87405","-4.11859","IO71WU","SWA","Carmarthenshire","SA32 8RG","true","","🗺️"
"UKBOTA","294","B/GW-0052","ROC Post Talley","ROC Bunker","51.97554","-3.98637","IO81AX","SWA","Carmarthenshire","SA19 7YP","","","🗺️"
"UKBOTA","294","B/GW-0053","ROC Post Llandovery","ROC Bunker","52.00274","-3.79948","IO82CA","SWA","Carmarthenshire","SA20 0TT","","","🗺️"
"UKBOTA","294","B/GW-0054","ROC Post Llanrwst","ROC Bunker","53.14537","-3.78365","IO83CD","NWA","Denbighshire","LL26 0NH","","","🗺️"
"UKBOTA","294","B/GW-0055","ROC Post Pentrefoelas","ROC Bunker","53.04502","-3.68597","IO83DB","NWA","Denbighshire","LL24 0LE","","","🗺️"
"UKBOTA","294","B/GW-0056","ROC Post Llysfaen","ROC Bunker","53.28153","-3.66827","IO83DG","NWA","Denbighshire","LL29 8SH","","","🗺️"
"UKBOTA","294","B/GW-0057","ROC Post Llanfair Talhaiarn","ROC Bunker","53.21614","-3.60492","IO83EF","NWA","Denbighshire","LL22 8SQ","","","🗺️"
"UKBOTA","294","B/GW-0058","ROC Post Cerrigydrudion","ROC Bunker","53.03079","-3.54926","IO83FA","NWA","Denbighshire","LL21 9UB","","","🗺️"
"UKBOTA","294","B/GW-0059","ROC Post Nantglyn","ROC Bunker","53.15472","-3.48927","IO83GD","NWA","Denbighshire","LL16 5PR","","","🗺️"
"UKBOTA","294","B/GW-0060","ROC Post Ruthin","ROC Bunker","53.12920","-3.32876","IO83ID","NWA","Denbighshire","LL15 2TP","","","🗺️"
"UKBOTA","294","B/GW-0061","ROC Post Llanrhaeadr-yng-Nghinmeirch","ROC Bunker","52.82522","-3.29096","IO82IT","NWA","Denbighshire","SY10 0DJ","","","🗺️"
"UKBOTA","294","B/GW-0062","ROC Post Llangollen Master Post","ROC Bunker","52.97651","-3.17007","IO82JX","NWA","Denbighshire","LL20 8DY","true","","🗺️"
"UKBOTA","294","B/GW-0063","ROC Post Brymbo","ROC Bunker","53.07122","-3.06905","IO83LB","NWA","Denbighshire","LL11 5LU","","","🗺️"
"UKBOTA","294","B/GW-0064","ROC Post St. Asaph","ROC Bunker","53.26444","-3.47059","IO83GG","NWA","Flintshire","LL17 0HY","","","🗺️"
"UKBOTA","294","B/GW-0065","ROC Post Prestatyn Master Post","ROC Bunker","53.32562","-3.38410","IO83HH","NWA","Flintshire","LL18 6EQ","true","","🗺️"
"UKBOTA","294","B/GW-0066","ROC Post Bodfari","ROC Bunker","53.23525","-3.35526","IO83HF","NWA","Flintshire","LL16 4EL","","","🗺️"
"UKBOTA","294","B/GW-0067","ROC Post Holywell","ROC Bunker","53.26607","-3.22294","IO83JG","NWA","Flintshire","CH8 7RG","","","🗺️"
"UKBOTA","294","B/GW-0068","ROC Post Mold","ROC Bunker","53.14893","-3.13288","IO83KD","NWA","Flintshire","CH7 4EF","","","🗺️"
"UKBOTA","294","B/GW-0069","ROC Post Penyffordd","ROC Bunker","53.15216","-3.03457","IO83LD","NWA","Flintshire","CH4 0LN","","","🗺️"
"UKBOTA","294","B/GW-0070","ROC Post Overton - Flintshire Master Post","ROC Bunker","52.96221","-2.93637","IO82MX","SHR","Flintshire","LL13 0EX","true","","🗺️"
"UKBOTA","294","B/GW-0071","ROC Post Pontardulais","ROC Bunker","51.71988","-4.05520","IO71XR","SWA","Carmarthenshire","SA4 0UB","","","🗺️"
"UKBOTA","294","B/GW-0072","ROC Post Clydach","ROC Bunker","51.68805","-3.91660","IO81BQ","SWA","Glamorgan","SA6 5SL","","","🗺️"
"UKBOTA","294","B/GW-0073","ROC Post River Amman","ROC Bunker","51.79211","-3.88795","IO81BT","SWA","Carmarthenshire","SA18 1DT","","","🗺️"
"UKBOTA","294","B/GW-0074","ROC Post Resolven","ROC Bunker","51.71268","-3.68908","IO81DR","SWA","Glamorgan","SA11 4LS","","","🗺️"
"UKBOTA","294","B/GW-0075","ROC Post Hirwaun","ROC Bunker","51.74366","-3.52062","IO81FR","SWA","Glamorgan","CF44 9RT","","","🗺️"
"UKBOTA","294","B/GW-0076","ROC Post Merthyr Tydfil","ROC Bunker","51.75296","-3.40938","IO81HS","BRI","Glamorgan","CF48 1HZ","","","🗺️"
"UKBOTA","294","B/GW-0077","ROC Post Rhossilli","ROC Bunker","51.57151","-4.28344","IO71UN","SWA","Glamorgan","SA3 1PL","","","🗺️"
"UKBOTA","294","B/GW-0078","ROC Post Penmaen","ROC Bunker","51.57653","-4.11151","IO71WN","SWA","Glamorgan","SA3 2HD","","","🗺️"
"UKBOTA","294","B/GW-0079","ROC Post Penclawdd Master Post","ROC Bunker","51.63811","-4.11220","IO71WP","SWA","Glamorgan","SA4 3LA","true","","🗺️"
"UKBOTA","294","B/GW-0080","ROC Post Fforest Fach","ROC Bunker","51.62959","-3.99809","IO81AP","SWA","Glamorgan","SA2 0GL","","","🗺️"
"UKBOTA","294","B/GW-0081","ROC Post Briton Ferry","ROC Bunker","51.63121","-3.82664","IO81CP","SWA","Glamorgan","SA11 2JH","","","🗺️"
"UKBOTA","294","B/GW-0082","ROC Post Porthcawl","ROC Bunker","51.48358","-3.71805","IO81DL","SWA","Glamorgan","CF36 3TD","","","🗺️"
"UKBOTA","294","B/GW-0083","ROC Post Maesteg","ROC Bunker","51.60365","-3.66669","IO81DO","SWA","Glamorgan","CF34 9NG","","","🗺️"
"UKBOTA","294","B/GW-0084","ROC Post Pencoed Master Post","ROC Bunker","51.50156","-3.49540","IO81GM","SWA","Glamorgan","CF35 5ED","true","","🗺️"
"UKBOTA","294","B/GW-0085","ROC Post Llantwit Major","ROC Bunker","51.41268","-3.47754","IO81GJ","SWA","Glamorgan","CF61 2XA","","","🗺️"
"UKBOTA","294","B/GW-0086","ROC Post Mountain Ash","ROC Bunker","51.66101","-3.36806","IO81HP","BRI","Glamorgan","CF45 3YJ","","","🗺️"
"UKBOTA","294","B/GW-0087","ROC Post Rhoose Master Post","ROC Bunker","51.40265","-3.34682","IO81HJ","BRI","Glamorgan","CF62 3DN","true","","🗺️"
"UKBOTA","294","B/GW-0088","ROC Post Pontypridd","ROC Bunker","51.58967","-3.34787","IO81HO","BRI","Glamorgan","CF37 1XG","","","🗺️"
"UKBOTA","294","B/GW-0089","ROC Post Pentyrch","ROC Bunker","51.53375","-3.29980","IO81IM","BRI","Glamorgan","CF15 9QP","","","🗺️"
"UKBOTA","294","B/GW-0090","ROC Post Bargoed","ROC Bunker","51.68537","-3.24844","IO81JQ","BRI","Glamorgan","CF81 8QG","","","🗺️"
"UKBOTA","294","B/GW-0091","ROC Post Penarth","ROC Bunker","51.41442","-3.17217","IO81JJ","BRI","Glamorgan","CF64 5FX","","","🗺️"
"UKBOTA","294","B/GW-0092","ROC Post Llanishen","ROC Bunker","51.55876","-3.17010","IO81JN","BRI","Glamorgan","CF83 3EJ","","","🗺️"
"UKBOTA","294","B/GW-0093","ROC Post Llanbedr Master Post","ROC Bunker","52.81401","-4.10022","IO72WT","NWA","Merionethshire","LL45 2LP","true","","🗺️"
"UKBOTA","294","B/GW-0094","ROC Post Tywyn Master Post","ROC Bunker","52.61736","-4.08075","IO72XO","NWA","Merionethshire","LL36 9LN","true","","🗺️"
"UKBOTA","294","B/GW-0095","ROC Post Barmouth","ROC Bunker","52.74203","-4.07276","IO72XR","NWA","Merionethshire","LL42 1AZ","","","🗺️"
"UKBOTA","294","B/GW-0096","ROC Post Blaenau Ffestiniog","ROC Bunker","52.98744","-3.95294","IO82AX","NWA","Merionethshire","LL41 3RY","","","🗺️"
"UKBOTA","294","B/GW-0097","ROC Post Trawsfynydd","ROC Bunker","52.90397","-3.91662","IO82BV","NWA","Merionethshire","LL41 4TD","","","🗺️"
"UKBOTA","294","B/GW-0098","ROC Post Dolgellau","ROC Bunker","52.74948","-3.88508","IO82BR","NWA","Merionethshire","LL40 2YS","","","🗺️"
"UKBOTA","294","B/GW-0099","ROC Post Llanuwchllyn","ROC Bunker","52.85002","-3.66697","IO82DU","NWA","Merionethshire","LL23 7DE","","","🗺️"
"UKBOTA","294","B/GW-0100","ROC Post Bala","ROC Bunker","52.90956","-3.61334","IO82EV","NWA","Merionethshire","LL23 7YD","","","🗺️"
"UKBOTA","294","B/GW-0101","ROC Post Corwen Master Post","ROC Bunker","52.99678","-3.41409","IO82HX","NWA","Merionethshire","LL21 9PS","true","","🗺️"
"UKBOTA","294","B/GW-0102","ROC Post Aberdovey","ROC Bunker","52.54579","-4.04963","IO72XN","NWA","Merionethshire","LL35 0RB","","","🗺️"
"UKBOTA","294","B/GW-0103","ROC Post Pontypool","ROC Bunker","51.69995","-3.02340","IO81LQ","BRI","Monmouthshire","NP4 8AG","","","🗺️"
"UKBOTA","294","B/GW-0104","ROC Post Abergavenny","ROC Bunker","51.82455","-2.98327","IO81MT","BRI","Monmouthshire","NP7 8BU","","","🗺️"
"UKBOTA","294","B/GW-0105","ROC Post Llantilio Crossenny","ROC Bunker","51.82233","-2.86599","IO81NT","BRI","Monmouthshire","NP7 8TN","","","🗺️"
"UKBOTA","294","B/GW-0106","ROC Post Ynysddu Master Post","ROC Bunker","51.64220","-3.16184","IO81KP","BRI","Monmouthshire","NP12 2BG","true","","🗺️"
"UKBOTA","294","B/GW-0107","ROC Post Newport","ROC Bunker","51.60639","-3.02851","IO81LO","BRI","Monmouthshire","NP20 7RW","","","🗺️"
"UKBOTA","294","B/GW-0108","ROC Post Usk Master Post","ROC Bunker","51.68730","-2.85140","IO81NQ","BRI","Monmouthshire","NP15 1NF","true","","🗺️"
"UKBOTA","294","B/GW-0109","ROC Post Penhow","ROC Bunker","51.60919","-2.84763","IO81NO","BRI","Monmouthshire","NP26 3AA","","","🗺️"
"UKBOTA","294","B/GW-0110","ROC Post Chepstow","ROC Bunker","51.62276","-2.68263","IO81PO","BRI","Monmouthshire","NP16 6HY","","","🗺️"
"UKBOTA","294","B/GW-0111","ROC Post Machynlleth","ROC Bunker","52.59011","-3.85963","IO82BO","NWA","Montgomeryshire","SY20 8BY","","","🗺️"
"UKBOTA","294","B/GW-0112","ROC Post Aberangell","ROC Bunker","52.68030","-3.69689","IO82DQ","NWA","Montgomeryshire","SY20 9NL","","","🗺️"
"UKBOTA","294","B/GW-0113","ROC Post Llanbrynmair","ROC Bunker","52.61244","-3.62514","IO82EO","NWA","Montgomeryshire","SY19 7DQ","","","🗺️"
"UKBOTA","294","B/GW-0114","ROC Post Llangadfan","ROC Bunker","52.69327","-3.45161","IO82GQ","NWA","Montgomeryshire","SY21 0PY","","","🗺️"
"UKBOTA","294","B/GW-0115","ROC Post Llanwyddyn","ROC Bunker","52.75701","-3.44469","IO82GS","NWA","Montgomeryshire","SY10 0LT","","","🗺️"
"UKBOTA","294","B/GW-0116","ROC Post Llanfair Caereinion","ROC Bunker","52.64643","-3.32900","IO82IP","NWA","Montgomeryshire","SY21 0RF","","","🗺️"
"UKBOTA","294","B/GW-0117","ROC Post Llanfyllin","ROC Bunker","52.77244","-3.26702","IO82IS","NWA","Montgomeryshire","SY22 5ES","","","🗺️"
"UKBOTA","294","B/GW-0118","ROC Post Welshpool","ROC Bunker","52.67055","-3.14561","IO82KQ","NWA","Montgomeryshire","SY21 9HL","","","🗺️"
"UKBOTA","294","B/GW-0119","ROC Post Llanymynech Master Post","ROC Bunker","52.78424","-3.09195","IO82KS","NWA","Montgomeryshire","SY22 6JY","true","","🗺️"
"UKBOTA","294","B/GW-0120","ROC Post Staylittle","ROC Bunker","52.51613","-3.63956","IO82EM","NWA","Montgomeryshire","SY19 7BX","","","🗺️"
"UKBOTA","294","B/GW-0121","ROC Post Llanidloes","ROC Bunker","52.45906","-3.55119","IO82FL","NWA","Montgomeryshire","SY18 6ND","","","🗺️"
"UKBOTA","294","B/GW-0122","ROC Post Carno","ROC Bunker","52.29118","-3.53212","IO82FG","SWA","Radnorshire","LD6 5HH","","","🗺️"
"UKBOTA","294","B/GW-0123","ROC Post Newtown Master Post","ROC Bunker","52.52090","-3.30693","IO82IM","NWA","Montgomeryshire","SY16 2PU","true","","🗺️"
"UKBOTA","294","B/GW-0124","ROC Post Montgomery","ROC Bunker","52.56161","-3.15309","IO82KN","NWA","Montgomeryshire","SY15 6HN","","","🗺️"
"UKBOTA","294","B/GW-0125","ROC Dale","ROC Bunker","51.69178","-5.18163","IO71JQ","SWA","Pembrokeshire","SA62 3RR","","","🗺️"
"UKBOTA","294","B/GW-0126","ROC Post Croes-goch","ROC Bunker","51.92721","-5.17017","IO71JW","SWA","Pembrokeshire","SA62 5LF","","","🗺️"
"UKBOTA","294","B/GW-0127","ROC Post Broad Haven","ROC Bunker","51.77590","-5.10387","IO71KS","SWA","Pembrokeshire","SA62 3JY","","","🗺️"
"UKBOTA","294","B/GW-0128","ROC Post Letterston","ROC Bunker","51.92479","-4.98424","IO71MW","SWA","Pembrokeshire","SA62 5UA","","","🗺️"
"UKBOTA","294","B/GW-0129","ROC Post Fishguard","ROC Bunker","51.98332","-4.98129","IO71MX","SWA","Pembrokeshire","SA65 9QS","","","🗺️"
"UKBOTA","294","B/GW-0130","ROC Post Haverfordwest","ROC Bunker","51.80312","-4.88248","IO71NT","SWA","Pembrokeshire","SA62 4BA","","","🗺️"
"UKBOTA","294","B/GW-0131","ROC Post Lamphey","ROC Bunker","51.67202","-4.83364","IO71NQ","SWA","Pembrokeshire","SA70 8PB","","","🗺️"
"UKBOTA","294","B/GW-0132","ROC Post Newport - Pembrokeshire","ROC Bunker","52.01477","-4.85176","IO72NA","SWA","Pembrokeshire","SA42 0UE","","","🗺️"
"UKBOTA","294","B/GW-0133","ROC Post Maenclochog Master Post","ROC Bunker","51.91594","-4.80652","IO71OV","SWA","Pembrokeshire","SA66 7RJ","true","","🗺️"
"UKBOTA","294","B/GW-0134","ROC Post Narberth Master Post","ROC Bunker","51.77831","-4.73939","IO71PS","SWA","Pembrokeshire","SA67 8RQ","true","","🗺️"
"UKBOTA","294","B/GW-0135","ROC Post Saundersfoot","ROC Bunker","51.70358","-4.68855","IO71PQ","SWA","Pembrokeshire","SA69 9DE","","","🗺️"
"UKBOTA","294","B/GW-0136","ROC Post Crymmych","ROC Bunker","51.97510","-4.65207","IO71QX","SWA","Pembrokeshire","SA41 3SJ","","","🗺️"
"UKBOTA","294","B/GW-0137","ROC Post St. Twynnells","ROC Bunker","51.63862","-4.97624","IO71MP","SWA","Pembrokeshire","SA71 5HU","","","🗺️"
"UKBOTA","294","B/GW-0138","ROC Post Rhayader","ROC Bunker","52.29492","-3.52066","IO82FH","SWA","Radnorshire","LD6 5HG","","","🗺️"
"UKBOTA","294","B/GW-0139","ROC Post Llandrindod Wells","ROC Bunker","52.23258","-3.37752","IO82HF","SWA","Radnorshire","LD1 5NT","","","🗺️"
"UKBOTA","294","B/GW-0140","ROC Post Llananno Master Post","ROC Bunker","52.36091","-3.32761","IO82II","SWA","Radnorshire","LD1 6TS","true","","🗺️"
"UKBOTA","294","B/GW-0141","ROC Post New Radnor","ROC Bunker","52.24007","-3.14767","IO82KF","BRI","Radnorshire","LD8 2SS","","","🗺️"
"UKBOTA","294","B/GW-0142","ROC Post Knighton","ROC Bunker","52.33808","-3.02897","IO82LI","SHR","Radnorshire","LD7 1LD","","","🗺️"
"UKBOTA","294","B/GW-0143","ROC Group HQ No 13 - South Wales (Carmarthen)","ROC Bunker","51.85396","-4.31733","IO71UU","SWA","Carmarthenshire","SA31 3BT","","true","🗺️"
"UKBOTA","294","B/GW-0144","ROC Group HQ No 17 - North Wales (Borras)","ROC Bunker","53.06859","-2.95960","IO83MB","NWA","Denbighshire","LL13 9TW","","true","🗺️"
"UKBOTA","294","B/GW-0145","AAOR Llanion Barracks","AAOR","51.70070","-4.93617","IO71MQ","","Pembrokeshire","SA72 6FB","","","🗺️"
"UKBOTA","294","B/GW-0146","AAOR Wenallt","AAOR","51.54402","-3.22279","IO81JN","","Glamorgan","CF83 1ND","","","🗺️"
"UKBOTA","294","B/GW-0147","AAOR West Cross","AAOR","51.58998","-4.00068","IO71XO","","Glamorgan","SA3 5AD","","","🗺️"
"UKBOTA","294","B/GW-0148","Chain Home - Castell Mawr","Chain Home site","52.29758","-4.15313","IO72WH","","Cardiganshire","SY23 5BU","","","🗺️"
"UKBOTA","294","B/GW-0149","Chain Home - Folly","Chain Home site","51.83293","-5.11026","IO71KT","","Pembrokeshire","SA62 3NL","","","🗺️"
"UKBOTA","294","B/GW-0150","Chain Home - Hayscastle Cross","Chain Home site","51.89004","-5.02409","IO71LV","","Pembrokeshire","SA62 5NY","","","🗺️"
"UKBOTA","294","B/GW-0151","Chain Home - Nefyn","Chain Home site","52.90769","-4.57337","IO72RV","","Caernarfonshire","LL53 8UA","","","🗺️"
"UKBOTA","294","B/GW-0152","Chain Home - Rhuddlan","Chain Home site","53.27535","-3.48311","IO83GG","","Flintshire","LL18 5UH","","","🗺️"
"UKBOTA","294","B/GW-0153","Chain Home - Wylfa","Chain Home site","53.41143","-4.48060","IO73SJ","","Anglesey","LL67 0AA","","","🗺️"
"UKBOTA","294","B/GW-0154","1950s War Room Cardiff (Croyton) - Region 8","Civil Defence","51.52314","-3.23960","IO81JM","","Glamorgan","CF14 7DR","","","🗺️"
"UKBOTA","294","B/GW-0155","1960s SRHQ Wales - Region 8 - Bridgend (Brackla)","Civil Defence","51.51393","-3.56066","IO81FM","","Glamorgan","CF31 2JY","","","🗺️"
"UKBOTA","294","B/GW-0156","ROTOR Radar - Prestatyn (SYP)","ROTOR Radar site","53.32598","-3.38426","IO83HH","","Flintshire","LL18 6EQ","","","🗺️"
"UKBOTA","294","B/GW-0157","ROTOR Radar - Trewan Sands (TES)","ROTOR Radar site","53.24901","-4.51647","IO73RF","","Anglesey","LL65 3FE","","","🗺️"
"UKBOTA","294","B/GW-0158","Airfield Battle HQ - Angle","WW2 Airfield Battle HQ","51.67544","-5.08672","IO71KQ","","Pembrokeshire","SA71 5AL","","","🗺️"
"UKBOTA","294","B/GW-0159","Airfield Battle HQ - Dale","WW2 Airfield Battle HQ","51.71107","-5.18355","IO71JR","","Pembrokeshire","SA62 3RJ","","","🗺️"
"UKBOTA","294","B/GW-0160","Airfield Battle HQ - Llanbedr(1)","WW2 Airfield Battle HQ","52.81892","-4.12272","IO72WT","","Merionethshire","LL45 2PX","","","🗺️"
"UKBOTA","294","B/GW-0161","Airfield Battle HQ - Llandow","WW2 Airfield Battle HQ","51.44108","-3.50637","IO81FK","","Glamorgan","CF71 7PA","","","🗺️"
"UKBOTA","294","B/GW-0162","Airfield Battle HQ - Valley","WW2 Airfield Battle HQ","53.25678","-4.54046","IO73RG","","Anglesey","LL65 3LF","","","🗺️"
"UKBOTA","294","B/GW-0163","Airfield Battle HQ - Carew Cheriton","WW2 Airfield Battle HQ","51.68359","-4.81599","IO71OQ","","Pembrokeshire","SA70 8SX","","","🗺️"
"UKBOTA","294","B/GW-0164","Airfield Battle HQ - Llanbedr(2)","WW2 Airfield Battle HQ","52.81873","-4.10831","IO72WT","","Merionethshire","LL45 2DZ","","","🗺️"
"UKBOTA","294","B/GW-0165","Airfield Battle HQ - Llandwrog","WW2 Airfield Battle HQ","53.10185","-4.33009","IO73UC","","Caernarfonshire","LL54 5TP","","","🗺️"
"UKBOTA","294","B/GW-0166","Airfield Battle HQ - Pembrey","WW2 Airfield Battle HQ","51.70164","-4.31503","IO71UQ","","Carmarthenshire","SA16 0HJ","","","🗺️"
"UKBOTA","294","B/GW-0167","Airfield Battle HQ - Penrhos","WW2 Airfield Battle HQ","52.88051","-4.47946","IO72SV","","Caernarfonshire","LL53 7HN","","","🗺️"
"UKBOTA","294","B/GW-0168","Airfield Battle HQ - Sealand","WW2 Airfield Battle HQ","53.22042","-3.02154","IO83LF","","Flintshire","CH5 2HS","","","🗺️"
"UKBOTA","294","B/GW-0169","Airfield Battle HQ - St Athan","WW2 Airfield Battle HQ","51.41524","-3.43722","IO81GJ","","Glamorgan","CF62 4QP","","","🗺️"
"UKBOTA","294","B/GW-0170","Airfield Battle HQ - Templeton","WW2 Airfield Battle HQ","51.76469","-4.76030","IO71OS","","Pembrokeshire","SA67 8BZ","","","🗺️"
"UKBOTA","294","B/GW-0171","Airfield Battle HQ - Tywyn","WW2 Airfield Battle HQ","52.59285","-4.10528","IO72WO","","Merionethshire","LL36 9AU","","","🗺️"
"UKBOTA","294","B/GW-0172","Airfield Battle HQ - Wrexham","WW2 Airfield Battle HQ","53.07276","-2.95207","IO83MB","","Denbighshire","LL13 9TL","","","🗺️"
"UKBOTA","294","B/GW-0173","ROTOR Radar - St Twynnells (TWY)","ROTOR Radar site","51.63952","-4.97269","IO71MP","","Pembrokeshire","SA71 5HU","","","🗺️"
"UKBOTA","294","B/GW-0174","Mold Clwyd County Standby Emergency Centre","Civil Defence","53.16927","-3.13788","IO83KE","","Flintshire","CH7 1UD","","","🗺️"
"UKBOTA","294","B/GW-0175","Aberconwy Emergency Control Centre","Civil Defence","53.28422","-3.83195","IO83CG","","Caernarfonshire","LL30 9SA","","","🗺️"
"UKBOTA","294","B/GW-0176","RAF WW2 Bomb Storage Bunker, Llandberis","WW2 Storage Bunker","53.12730","-4.13807","IO73WD","","Caernarfonshire","LL55 4EL","","","🗺️"
"UKBOTA","294","B/GW-0177","Cardiff Landaff Sub Control","Civil Defence","51.49097","-3.22431","IO81JL","","Glamorgan","CF5 2HX","","","🗺️"
"UKBOTA","294","B/GW-0178","Cilybebyll Auxiliary Unit Operational Base (OB)","WW2 Aux Operational Base Bunker","51.72345","-3.81110","IO81CR","","Glamorgan","SA8 3JD","","","🗺️"
"UKBOTA","294","B/GW-0179","WW2 Command Post Bunker (The Mumbles)","WW2 Command Bunker","51.57021","-3.98928","IO81AN","","Glamorgan","SA3 4JB","","","🗺️"
"UKBOTA","294","B/GW-0180","WW2 Command Bunker (Airfield Decoy), Wrexham","WW2 Command Bunker","53.02823","-3.10387","IO83KA","","Denbighshire","LL14 1UH","","","🗺️"
"UKBOTA","294","B/GW-0181","WW2 Coastal Observation Bunker, Dinas Cross","WW2 Observation Bunker","52.00735","-4.94070","IO72MA","","Pembrokeshire","SA65 9ET","","","🗺️"
"UKBOTA","294","B/GW-0182","RAF Fairwood Common - HQ Sector HQ bunker","WW2 Sector Control Bunker","51.60259","-4.03101","IO71XO","","Glamorgan","SA2 7JL","","","🗺️"
"UKBOTA","294","B/GW-0183","Airfield BHQ - RAF Fairwood Common","WW2 Airfield Battle HQ","51.60713","-4.07246","IO71XO","","Glamorgan","SA2 7JU","","","🗺️"
"UKBOTA","294","B/GW-0184","RAF Manorbierr, WW2 ground defence bunker cluster","WW2 Airfield Defences","51.64264","-4.78701","IO71OP","","Pembrokeshire","SA70 7SH","","","🗺️"
"UKBOTA","294","B/GW-0185","RAF Pembrey, WW2 ground defence bunker cluster","WW2 Airfield Defences","51.71759","-4.31816","IO71UR","","Carmarthenshire","SA16 0HZ","","","🗺️"
"UKBOTA","294","B/GW-0186","RAF Pembroke Dock, WW2 Coastal Command HQ Bunker","WW2 Coastal Defence Bunker","51.69600","-4.95603","IO71MQ","","Pembrokeshire","SA72 6TE","","","🗺️"
"UKBOTA","294","B/GW-0187","RAF St Davids, WW2 ground defence bunker cluster","WW2 Airfield Defences","51.88604","-5.21250","IO71JV","","Pembrokeshire","SA62 6UE","","","🗺️"
"UKBOTA","294","B/GW-0188","RAF Mona, WW2 ground defence bunker cluster","WW2 Airfield Defences","53.25747","-4.37233","IO73TG","","Anglesey","LL77 7DZ","","","🗺️"
"UKBOTA","294","B/GW-0189","RAF Llandow, WW2 ground defence bunker cluster","WW2 Air Raid Shelter","51.43736","-3.48672","IO81GK","","Glamorgan","CF71 7GQ","","","🗺️"
"UKBOTA","294","B/GW-0190","RAF St Athan, WW2 ground defence bunker cluster","WW2 Air Raid Shelter","51.40287","-3.42932","IO81GJ","","Glamorgan","CF62 4LW","","","🗺️"
"UKBOTA","294","B/GW-0191","Airfield Battle HQ - RAF Hawarden","WW2 Airfield Battle HQ","53.17151","-2.97901","IO83ME","","Flintshire","CH4 0HA","","","🗺️"
"UKBOTA","294","B/GW-0192","Swansea Docks, WW2 Coastal Defence Bunker x 4 (cluster, in wall)","WW2 Coastal Defence Bunker","51.61315","-3.90492","IO81BO","","Glamorgan","SA1 8SB","","","🗺️"
"UKBOTA","294","B/GW-0193","St Ishmael's Scar, Beach defence gun house bunker","WW2 Defence Bunker","51.74860","-4.37420","IO71TR","","Carmarthenshire","SA17 5UL","","","🗺️"
"UKBOTA","294","B/GW-0194","WW2 Air raid shelter cluster (x5), Fairwood","WW2 Air Raid Shelter","51.60739","-4.05469","IO71XO","","Glamorgan","SA2 7JX","","","🗺️"
"UKBOTA","294","B/GW-0195","Cardigan Bridge, coastal defence bunker","WW2 Coastal Defence Bunker","52.08120","-4.66077","IO72QB","","Cardiganshire","SA43 1JA","","","🗺️"
"UKBOTA","294","B/GW-0196","Aberystwyth Harbour, coastal defence bunker","WW2 Coastal Defence Bunker","52.40604","-4.08903","IO72WJ","","Cardiganshire","SY23 1BU","","","🗺️"
"UKBOTA","294","B/GW-0197","Tywyn, coastal defence bunkers (cluster)","WW2 Coastal Defence Bunker","52.59622","-4.10522","IO72WO","","Merionethshire","LL36 9AU","","","🗺️"
"UKBOTA","294","B/GW-0198","Aberdovey beach, coastal defence bunkers (cluster)","WW2 Coastal Defence Bunker","52.55935","-4.08137","IO72XN","","Merionethshire","LL36 9HT","","","🗺️"
"UKBOTA","294","B/GW-0199","Fairbourne Beach, coastal defence bunker","WW2 Coastal Defence Bunker","52.69268","-4.05607","IO72XQ","","Merionethshire","LL38 2DZ","","","🗺️"
"UKBOTA","294","B/GW-0200","Holyhead #1, coastal defence bunkers (cluster)","WW2 Coastal Defence Bunker","53.29063","-4.59850","IO73QG","","Anglesey","LL65 2UX","","","🗺️"
"UKBOTA","294","B/GW-0201","Holyhead #3, coastal defence bunkers (cluster)","WW2 Coastal Defence Bunker","53.32039","-4.64852","IO73QH","","Anglesey","LL65 1YF","","","🗺️"
"UKBOTA","294","B/GW-0202","Holyhead #2, coastal defence bunker","WW2 Coastal Defence Bunker","53.30747","-4.62702","IO73QH","","Anglesey","LL65 2JF","","","🗺️"
"UKBOTA","294","B/GW-0203","Bonc Twni, coastal defence bunker","WW2 Coastal Defence Bunker","53.17077","-4.43161","IO73SE","","Anglesey","LL62 5LR","","","🗺️"
"UKBOTA","294","B/GW-0204","WW2 Air raid shelter cluster (x11) #1, St Athan","WW2 Air Raid Shelter","51.40888","-3.44335","IO81GJ","","Glamorgan","CF62 4AF","","","🗺️"
"UKBOTA","294","B/GW-0205","West Aberthaw, coastal defence bunkers (cluster)","WW2 Coastal Defence Bunker","51.38777","-3.42671","IO81GJ","","Glamorgan","CF62 4NS","","","🗺️"
"UKBOTA","294","B/GW-0206","WW2 Air raid shelter cluster (x6) #2, St Athan","WW2 Air Raid Shelter","51.40872","-3.40625","IO81HJ","","Glamorgan","CF62 4LD","","","🗺️"
"UKBOTA","294","B/GW-0207","WW2 Air raid shelter cluster #1, Caerwent","WW2 Air Raid Shelter","51.61917","-2.77287","IO81OO","","Monmouthshire","NP26 5NY","","","🗺️"
"UKBOTA","294","B/GW-0209","ROC Post Carno","ROC Bunker","52.56079","-3.54148","IO82FN","NWA","Montgomeryshire","SY17 5LE","","","🗺️"
"UKBOTA","294","B/GW-0210","Talacre Beach, coastal defence bunker","WW2 Coastal Defence Bunker","53.35585","-3.31652","IO83II","","Flintshire","CH8 9RP","","","🗺️"
"UKBOTA","294","B/GW-0211","WW2 Air raid shelter cluster #2, Caerwent","WW2 Air Raid Shelter","51.62013","-2.75450","IO81OO","","Monmouthshire","NP26 5XL","","","🗺️"
"UKBOTA","294","B/GW-0212","Coastal Defence Bunker (cluster), Tresilian Bay","WW2 Coastal Defence Bunker","51.39864","-3.51525","IO81FJ","","Glamorgan","CF61 1YY","","","🗺️"
"UKBOTA","294","B/GW-0213","Rhosilli Down Radar Station bunker","Chain Home Low Radar Station","51.58630","-4.28440","IO71UO","","Glamorgan","SA3 1JH","","","🗺️"
"UKBOTA","294","B/GW-0214","Oxwich Point Radar Station bunker","Chain Home Low Radar Station","51.54320","-4.15290","IO71WN","","Glamorgan","SA3 1LU","","","🗺️"
"UKBOTA","294","B/GW-0215","Mumbles Coastal Battery bunker","Coastal Battery","51.56660","-3.97120","IO81AN","","Glamorgan","SA3 4JT","","","🗺️"
"UKBOTA","294","B/GW-0216","Swansea Bay WW2 Pillbox bunker","Ground defence Bunker","51.60740","-3.97830","IO81AO","","Glamorgan","SA2 8PY","","","🗺️"
"UKBOTA","294","B/GW-0217","Margam Radar Station bunker","Chain Home Low Radar Station","51.56970","-3.74250","IO81DN","","Glamorgan","SA13 2AG","","","🗺️"
"UKBOTA","294","B/GW-0218","Usk Auxiliary Unit Operational Base (OB) (Was B/G-1472)","WW2 Aux Operational Base Bunker","51.71338","-2.88721","IO81NR","","Monmouthshire","NP15 1QX","","","🗺️"
"UKBOTA","294","B/GW-0219","RAF Sealand (East Camp), WW2 blast shelter (was B/G-1615)","WW2 Blast Shelter","53.22250","-2.99652","IO83MF","","Flintshire","CH5 2LS","","","🗺️"
"UKBOTA","294","B/GW-0220","Lavernock WW2 Pillbox","WW2 Pillbox","51.40063","-3.18866","IO81JJ","","Glamorgan","CF64 5UN","","","🗺️"
"UKBOTA","294","B/GW-0221","Penrice WW2 Air Raid Shelter","WW2 Air Raid Shelter","51.57466","-4.16929","IO71VN","","Glamorgan","SA3 1LA","","","🗺️"
"UKBOTA","294","B/GW-0222","Wernfawr WW2 Air Raid Shelter","WW2 Air Raid Shelter","51.61543","-4.03704","IO71XO","","Glamorgan","SA2 7JH","","","🗺️"
"UKBOTA","294","B/GW-0223","Ybyslas WW2 WW2 Pillbox","WW2 Pillbox","52.52294","-4.02406","IO72XM","","Cardiganshire","SY24 5LB","","","🗺️"
"UKBOTA","294","B/GW-0224","Garn-wen WW2 Pillbox","WW2 Pillbox","52.11881","-4.37739","IO72TC","","Cardiganshire","SA44 4TJ","","","🗺️"
"UKBOTA","294","B/GW-0225","RAF Llandwrog, WW2 Air Raid Shelter cluster","WW2 Air Raid Shelter","53.09416","-4.31258","IO73UC","","Caernarfonshire","LL54 5TG","","","🗺️"
"UKBOTA","294","B/GW-0226","Trearddur Bay, WW2 Pillbox Cluster","WW2 Pillbox","53.28218","-4.61805","IO73QG","","Anglesey","LL65 2LJ","","","🗺️"
"UKBOTA","294","B/GW-0227","Chain Home Great Ormes","Chain Home","53.33374","-3.85412","IO83BI","","Caernarfonshire","LL30 2XE","","","🗺️"
"UKBOTA","294","B/GW-0228","Ormes Pillbox","WW2 Pillbox","53.33741","-3.83367","IO83BI","","Caernarfonshire","LL30 2QL","","","🗺️"
"UKBOTA","294","B/GW-0229","RAF Bodorgan Pillbox Cluster","WW2 Pillbox","53.18758","-4.42191","IO73SE","","Anglesey","LL62 5LF","","","🗺️"
"UKBOTA","294","B/GW-0230","Dinas Dinlle Pillbox","WW2 Pillbox","53.08332","-4.33606","IO73TB","","Caernarfonshire","LL54 5TW","","","🗺️"
"UKBOTA","294","B/GW-0231","Pontypridd Pillbox","WW2 Pillbox","51.60338","-3.34700","IO81HO","","Glamorgan","CF37 2LE","","","🗺️"
"UKBOTA","294","B/GW-0232","Usk, Section Post cluster","Section Post Cluster","51.70631","-2.90601","IO81NQ","","Monmouthshire","NP15 1RU","","","🗺️"
"UKBOTA","294","B/GW-0233","Lavernock Coastal Battery","Coastal Battery","51.40443","-3.17955","IO81JJ","","Glamorgan","CF64 5XQ","","","🗺️"
"UKBOTA","294","B/GW-0235","Reynoldston Gower decoy bunker","Decoy Bunker","51.59814","-4.15170","IO71WO","","Glamorgan","SA3 1BG","","","🗺️"
"UKBOTA","294","B/GW-0236","RAF Stormy Down Air Raid Shelter","WW2 Air Raid Shelter Cluster","51.51089","-3.66603","IO81EM","","Glamorgan","CF33 4RT","","","🗺️"
"UKBOTA","294","B/GW-0237","Resolven Decoy Bunker Swansea","Decoy Bunker","51.71026","-3.66644","IO81ER","","Glamorgan","SA11 4NW","","","🗺️"
"UKBOTA","294","B/GW-0238","Llantwit Lower Decoy Bunker Swansea","Decoy Bunker","51.66942","-3.75196","IO81CQ","","Glamorgan","SA11 3QB","","","🗺️"
"UKBOTA","294","B/GW-0239","Swansea Air Raid Shelter Cluster #1","WW2 Air Raid Shelter","51.62202","-3.95471","IO81AO","","Glamorgan","SA1 6EX","","","🗺️"
"UKBOTA","294","B/GW-0240","Swansea Air Raid Shelter Cluster #2","WW2 Air Raid Shelter","51.62609","-3.94668","IO81AP","","Glamorgan","SA1 6XY","","","🗺️"
"UKBOTA","294","B/GW-0241","Oxwich (civli) bombing deocy site bunker","Decoy Bunker","51.56086","-4.16318","IO71WN","","Glamorgan","SA3 1LS","","","🗺️"
"UKBOTA","294","B/GW-0242","Airfield Bombing Decoy Site bunker","Decoy Bunker","51.61572","-4.05321","IO71XO","","Glamorgan","SA2 7HQ","","","🗺️"
"UKBOTA","294","B/GW-0243","Clydach (civil) Bombing Decoy Site bunker","Decoy Bunker","51.69170","-3.84536","IO81BQ","","Glamorgan","SA10 7BJ","","","🗺️"
"UKBOTA","294","B/GW-0244","RAF Aberporth WW2 Ground Defence Cluster #1","WW2 Ground Defence","52.11786","-4.56557","IO72RC","","Cardiganshire","SA43 1RS","","","🗺️"
"UKBOTA","294","B/GW-0245","RAF Aberporth WW2 Ground Defence Cluster #2","WW2 Ground Defence","52.11316","-4.56200","IO72RC","","Cardiganshire","SA43 2AH","","","🗺️"
"UKBOTA","294","B/GW-0246","RAF Templeton UNITER Bunker","Cold War Bunker","51.76431","-4.74701","IO71PS","","Pembrokeshire","SA67 8SR","","","🗺️"
"UKBOTA","294","B/GW-0248","Newton Noyes RN depot bunker","RN Armament Depot","51.70552","-5.01395","IO71LQ","","Pembrokeshire","SA73 2QH","","","🗺️"
"UKBOTA","294","B/GW-0249","Dutch Naval AirRaid Shelter","WW2 Air Raid Shelter","53.31681","-4.63563","IO73QH","","Anglesey","LL65 1YD","","","🗺️"
"UKBOTA","294","B/GW-0250","Bombing decoy bunker, Begelly","WW2 Bunker","51.73381","-4.74010","IO71PR","","Pembrokeshire","SA68 0YL","","","🗺️"
"UKBOTA","294","B/GW-0251","Dale WW2 Coastal Artillery battery bunker","WW2 Bunker","51.68861","-5.15977","IO71KQ","","Pembrokeshire","SA62 3RT","","","🗺️"
"UKBOTA","294","B/GW-0252","Carreg Ddu Dam pillbox cluster","Pillbox","52.26507","-3.59678","IO82EG","","Radnorshire","LD6 5HE","","","🗺️"
"UKBOTA","294","B/GW-0253","Cardiff Castle Air-raid Shelters","Air Raid Shelter","51.48192","-3.18005","IO81JL","","Glamorgan","CF10 3FG","","","🗺️"
"UKBOTA","294","B/GW-0254","Glandwr Farm Pillbox","Pillbox","51.97835","-4.92743","IO71MX","","Pembrokeshire","SA65 9TE","","","🗺️"